[
  {
    "value": "Refrigerator",
    "synonyms": [
      "Fridge",
      "Refrigerator",
      "Refrigerators"
    ]
  },
  {
    "value": "Dishwasher",
    "synonyms": [
      "dishwasher",
      "dish washer"
    ]
  },
  {
    "value": "Microwave",
    "synonyms": [
      "Microwave",
      "microwave"
    ]
  },
  {
    "value": "WallOven",
    "synonyms": [
      "walloven",
      "wall oven"
    ]
  },
  {
    "value": "Washers",
    "synonyms": [
      "Washers",
      "washer",
      "washing machine",
      "washing machines"
    ]
  },
  {
    "value": "Dryers",
    "synonyms": [
      "Dryers",
      "dryer"
    ]
  },
  {
    "value": "WasherAndDryer",
    "synonyms": [
      "Washer And Dryer",
      "Washer \u0026 Dryer Sets",
      "Washer \u0026 Dryer",
      "WasherAndDryer",
      "Washer And Dryer Sets",
      "Washers \u0026 Dryers",
      "washer dryer",
      "washers and dryers"
    ]
  },
  {
    "value": "Ranges",
    "synonyms": [
      "Ranges",
      "Range",
      "oven ranges"
    ]
  }
]