[
  {
    "value": "Bosch",
    "synonyms": [
      "Bosch"
    ]
  },
  {
    "value": "Cafe",
    "synonyms": [
      "Cafe"
    ]
  },
  {
    "value": "Cosmo",
    "synonyms": [
      "Cosmo"
    ]
  },
  {
    "value": "Electrolux",
    "synonyms": [
      "Electrolux"
    ]
  },
  {
    "value": "Forno",
    "synonyms": [
      "Forno"
    ]
  },
  {
    "value": "Frigidaire",
    "synonyms": [
      "Frigidaire"
    ]
  },
  {
    "value": "GE",
    "synonyms": [
      "GE",
      "General Electric"
    ]
  },
  {
    "value": "Haier",
    "synonyms": [
      "Haier"
    ]
  },
  {
    "value": "KitchenAid",
    "synonyms": [
      "KitchenAid"
    ]
  },
  {
    "value": "Kucht",
    "synonyms": [
      "Kucht"
    ]
  },
  {
    "value": "LG Electronics",
    "synonyms": [
      "LG Electronics"
    ]
  },
  {
    "value": "LG SIGNATURE",
    "synonyms": [
      "LG SIGNATURE"
    ]
  },
  {
    "value": "LG STUDIO",
    "synonyms": [
      "LG STUDIO"
    ]
  },
  {
    "value": "Magic Chef",
    "synonyms": [
      "Magic Chef"
    ]
  },
  {
    "value": "Maytag",
    "synonyms": [
      "Maytag"
    ]
  },
  {
    "value": "Samsung",
    "synonyms": [
      "Samsung"
    ]
  },
  {
    "value": "Summit Appliance",
    "synonyms": [
      "Summit Appliance"
    ]
  },
  {
    "value": "Thor Kitchen",
    "synonyms": [
      "Thor Kitchen"
    ]
  },
  {
    "value": "Whirlpool",
    "synonyms": [
      "Whirlpool"
    ]
  },
  {
    "value": "Coshway",
    "synonyms": [
      "Coshway"
    ]
  },
  {
    "value": "SABA",
    "synonyms": [
      "SABA"
    ]
  },
  {
    "value": "Norpole",
    "synonyms": [
      "Norpole"
    ]
  },
  {
    "value": "Maxx Cold",
    "synonyms": [
      "Maxx Cold"
    ]
  },
  {
    "value": "Dukers",
    "synonyms": [
      "Dukers"
    ]
  },
  {
    "value": "Koolmore",
    "synonyms": [
      "Koolmore"
    ]
  },
  {
    "value": "Danby",
    "synonyms": [
      "Danby"
    ]
  },
  {
    "value": "PREMIUM",
    "synonyms": [
      "PREMIUM"
    ]
  },
  {
    "value": "Whynter",
    "synonyms": [
      "Whynter"
    ]
  },
  {
    "value": "Vinotemp",
    "synonyms": [
      "Vinotemp"
    ]
  },
  {
    "value": "Gladiator",
    "synonyms": [
      "Gladiator"
    ]
  },
  {
    "value": "Silhouette",
    "synonyms": [
      "Silhouette"
    ]
  },
  {
    "value": "Avallon",
    "synonyms": [
      "Avallon"
    ]
  },
  {
    "value": "Frigidaire Gallery",
    "synonyms": [
      "Frigidaire Gallery"
    ]
  },
  {
    "value": "Kegco",
    "synonyms": [
      "Kegco"
    ]
  },
  {
    "value": "NewAir",
    "synonyms": [
      "NewAir"
    ]
  },
  {
    "value": "GLAROS",
    "synonyms": [
      "GLAROS"
    ]
  },
  {
    "value": "KingsBottle",
    "synonyms": [
      "KingsBottle"
    ]
  },
  {
    "value": "DAEWOO",
    "synonyms": [
      "DAEWOO"
    ]
  },
  {
    "value": "Amana",
    "synonyms": [
      "Amana"
    ]
  },
  {
    "value": "Hotpoint",
    "synonyms": [
      "Hotpoint"
    ]
  },
  {
    "value": "Galanz",
    "synonyms": [
      "Galanz"
    ]
  },
  {
    "value": "Unique",
    "synonyms": [
      "Unique"
    ]
  },
  {
    "value": "Chambers",
    "synonyms": [
      "Chambers"
    ]
  },
  {
    "value": "Avanti",
    "synonyms": [
      "Avanti"
    ]
  },
  {
    "value": "GE Profile",
    "synonyms": [
      "GE Profile"
    ]
  },
  {
    "value": "Blakeslee",
    "synonyms": [
      "Blakeslee"
    ]
  },
  {
    "value": "Hallman",
    "synonyms": [
      "Hallman"
    ]
  },
  {
    "value": "RCA",
    "synonyms": [
      "RCA"
    ]
  },
  {
    "value": "ZLINE Kitchen and Bath",
    "synonyms": [
      "ZLINE Kitchen and Bath"
    ]
  },
  {
    "value": "Cardone Reman",
    "synonyms": [
      "Cardone Reman"
    ]
  },
  {
    "value": "Cardone Select",
    "synonyms": [
      "Cardone Select"
    ]
  },
  {
    "value": "Sharp",
    "synonyms": [
      "Sharp"
    ]
  },
  {
    "value": "BLACK+DECKER",
    "synonyms": [
      "BLACK+DECKER",
      "Black decker",
      "black and decker"
    ]
  },
  {
    "value": "Emerson",
    "synonyms": [
      "Emerson"
    ]
  },
  {
    "value": "Oster",
    "synonyms": [
      "Oster"
    ]
  },
  {
    "value": "Toshiba",
    "synonyms": [
      "Toshiba"
    ]
  },
  {
    "value": "Panasonic",
    "synonyms": [
      "Panasonic"
    ]
  },
  {
    "value": "Cuisinart",
    "synonyms": [
      "Cuisinart"
    ]
  },
  {
    "value": "Nostalgia",
    "synonyms": [
      "Nostalgia"
    ]
  },
  {
    "value": "Royal Sovereign",
    "synonyms": [
      "Royal Sovereign"
    ]
  },
  {
    "value": "Danby Designer",
    "synonyms": [
      "Danby Designer"
    ]
  },
  {
    "value": "Equator",
    "synonyms": [
      "Equator"
    ]
  },
  {
    "value": "Midea",
    "synonyms": [
      "Midea"
    ]
  },
  {
    "value": "SPT",
    "synonyms": [
      "SPT"
    ]
  },
  {
    "value": "LG",
    "synonyms": [
      "LG"
    ]
  },
  {
    "value": "Avalon Bay",
    "synonyms": [
      "Avalon Bay"
    ]
  },
  {
    "value": "Deco",
    "synonyms": [
      "Deco"
    ]
  },
  {
    "value": "Panda",
    "synonyms": [
      "Panda"
    ]
  },
  {
    "value": "Barton",
    "synonyms": [
      "Barton"
    ]
  },
  {
    "value": "Costway",
    "synonyms": [
      "Costway"
    ]
  },
  {
    "value": "Farberware",
    "synonyms": [
      "Farberware"
    ]
  },
  {
    "value": "Deco by Equator",
    "synonyms": [
      "Deco by Equator"
    ]
  },
  {
    "value": "NXR",
    "synonyms": [
      "NXR"
    ]
  },
  {
    "value": "Ancona",
    "synonyms": [
      "Ancona"
    ]
  },
  {
    "value": "Premier",
    "synonyms": [
      "Premier"
    ]
  }
]