[
  {
    "value": "Less Than \\d+\\.?\\d+\\s+[Cc][uU]. [Ff][Tt].",
    "synonyms": []
  },
  {
    "value": "\\d+\\.?\\d+\\s+[Cc][uU]. [Ff][Tt]. or Greater",
    "synonyms": []
  },
  {
    "value": "\\d+\\d?.?\\d?\\d? [Cc][uU]. [Ff][Tt]. - \\d+\\d?.?\\d?\\d? [Cc][uU]. [Ff][Tt].|\\d+\\d?.?\\d?\\d?\\d? [Cc][uU]. [Ff][Tt].",
    "synonyms": []
  },
  {
    "value": "\\d+\\d?.?\\d?\\d?(\\s?[Cc]ubic [Ff]eet)? (-|to|and) \\d+\\d?.?\\d?\\d? [Cc]ubic [Ff]eet|\\d+\\d?.?\\d?\\d? [Cc]ubic [Ff]eet",
    "synonyms": []
  }
]