[
  {
    "value": "Black",
    "synonyms": [
      "Black"
    ]
  },
  {
    "value": "Black Slate",
    "synonyms": [
      "Black Slate"
    ]
  },
  {
    "value": "Black Stainless Steel",
    "synonyms": [
      "Black Stainless Steel"
    ]
  },
  {
    "value": "Bronze Stainless",
    "synonyms": [
      "Bronze Stainless"
    ]
  },
  {
    "value": "Custom",
    "synonyms": [
      "Custom"
    ]
  },
  {
    "value": "Grey",
    "synonyms": [
      "Grey"
    ]
  },
  {
    "value": "Matte Black",
    "synonyms": [
      "Matte Black"
    ]
  },
  {
    "value": "Matte White",
    "synonyms": [
      "Matte White"
    ]
  },
  {
    "value": "Silver",
    "synonyms": [
      "Silver"
    ]
  },
  {
    "value": "Slate",
    "synonyms": [
      "Slate"
    ]
  },
  {
    "value": "Stainless Steel",
    "synonyms": [
      "Stainless Steel",
      "Stainless"
    ]
  },
  {
    "value": "Sunset Bronze",
    "synonyms": [
      "Sunset Bronze"
    ]
  },
  {
    "value": "White",
    "synonyms": [
      "White"
    ]
  },
  {
    "value": "Pink",
    "synonyms": [
      "Pink"
    ]
  },
  {
    "value": "Green",
    "synonyms": [
      "Green"
    ]
  },
  {
    "value": "Red",
    "synonyms": [
      "Red"
    ]
  },
  {
    "value": "Blue",
    "synonyms": [
      "Blue"
    ]
  },
  {
    "value": "Bisque",
    "synonyms": [
      "Bisque"
    ]
  },
  {
    "value": "Stainless Look",
    "synonyms": [
      "Stainless Look"
    ]
  },
  {
    "value": "Bronze",
    "synonyms": [
      "Bronze"
    ]
  },
  {
    "value": "Copper",
    "synonyms": [
      "Copper"
    ]
  },
  {
    "value": "Platinum Glass",
    "synonyms": [
      "Platinum Glass"
    ]
  },
  {
    "value": "Metallic Carbon",
    "synonyms": [
      "Metallic Carbon"
    ]
  },
  {
    "value": "Beige/Bisque",
    "synonyms": [
      "Beige/Bisque"
    ]
  },
  {
    "value": "Blue/Purple",
    "synonyms": [
      "Blue/Purple"
    ]
  },
  {
    "value": "Red/Orange",
    "synonyms": [
      "Red/Orange"
    ]
  },
  {
    "value": "Off-White",
    "synonyms": [
      "Off-White",
      "off white"
    ]
  },
  {
    "value": "Gray",
    "synonyms": [
      "Gray"
    ]
  },
  {
    "value": "Chrome",
    "synonyms": [
      "Chrome"
    ]
  },
  {
    "value": "Champagne",
    "synonyms": [
      "Champagne"
    ]
  },
  {
    "value": "Beige",
    "synonyms": [
      "Beige"
    ]
  },
  {
    "value": "Gold",
    "synonyms": [
      "Gold"
    ]
  },
  {
    "value": "Purple",
    "synonyms": [
      "Purple"
    ]
  }
]