[
  {
    "value": "Bridge Element",
    "synonyms": [
      "Bridge Element"
    ]
  },
  {
    "value": "Built-in Counter Lip",
    "synonyms": [
      "Built-in Counter Lip"
    ]
  },
  {
    "value": "Continuous Grates",
    "synonyms": [
      "Continuous Grates"
    ]
  },
  {
    "value": "Digital Display",
    "synonyms": [
      "Digital Display"
    ]
  },
  {
    "value": "Dishwasher Safe Grates",
    "synonyms": [
      "Dishwasher Safe Grates"
    ]
  },
  {
    "value": "Downdraft",
    "synonyms": [
      "Downdraft"
    ]
  },
  {
    "value": "Dual Element",
    "synonyms": [
      "Dual Element"
    ]
  },
  {
    "value": "Indicator Light- Heating Element On",
    "synonyms": [
      "Indicator Light- Heating Element On",
      "Heating element on light",
      "heating element on"
    ]
  },
  {
    "value": "Indicator Light- Hot Surface Indicator Light",
    "synonyms": [
      "Indicator Light- Hot Surface Indicator Light",
      "hot Surface Indicator Light",
      "hot surface indicator"
    ]
  },
  {
    "value": "LP Convertible",
    "synonyms": [
      "LP Convertible"
    ]
  },
  {
    "value": "Melting Burner",
    "synonyms": [
      "Melting Burner"
    ]
  },
  {
    "value": "Pan Size Sensor",
    "synonyms": [
      "Pan Size Sensor"
    ]
  },
  {
    "value": "Power Element",
    "synonyms": [
      "Power Element"
    ]
  },
  {
    "value": "Sealed Burners",
    "synonyms": [
      "Sealed Burners"
    ]
  },
  {
    "value": "Simmer Element",
    "synonyms": [
      "Simmer Element"
    ]
  },
  {
    "value": "Warming Zone",
    "synonyms": [
      "Warming Zone"
    ]
  },
  {
    "value": "With Griddle",
    "synonyms": [
      "With Griddle"
    ]
  },
  {
    "value": "Unit can be installed over a wall Oven",
    "synonyms": [
      "Unit can be installed over a wall Oven"
    ]
  },
  {
    "value": "Pan Presence Sensor",
    "synonyms": [
      "Pan Presence Sensor"
    ]
  }
]