[
  {
    "value": "Auto",
    "synonyms": [
      "Auto"
    ]
  },
  {
    "value": "China/Crystal",
    "synonyms": [
      "China/Crystal",
      "China",
      "Crystal"
    ]
  },
  {
    "value": "Pots and Pans",
    "synonyms": [
      "Pots and Pans",
      "Yes wash pots and pans",
      "Yes wash casserole dishes",
      "Yes wash large items like casserole dishes or pots and pans",
      "Yes wash large items"
    ]
  },
  {
    "value": "Quick Wash",
    "synonyms": [
      "Quick Wash"
    ]
  },
  {
    "value": "Rinse and Hold",
    "synonyms": [
      "Rinse and Hold"
    ]
  },
  {
    "value": "Sensor Wash",
    "synonyms": [
      "Sensor Wash"
    ]
  },
  {
    "value": "Standard Wash",
    "synonyms": [
      "Standard Wash"
    ]
  }
]