[
  {
    "value": "\\d+\\d?\\d?\\d?.?\\d?\\d?\\d?\\d? [Ii]nches\\.?",
    "synonyms": []
  },
  {
    "value": "\\d+\\d?.?\\d?\\d?\\d?\\d? [Ii]nch [Dd]epth",
    "synonyms": []
  },
  {
    "value": "\\d+\\d?.?\\d?\\d?\\d?\\d? [Ii]nch(es)? [Dd]eep",
    "synonyms": []
  },
  {
    "value": "\\d+\\d?.?\\d?\\d?\\d?\\d? [Ii]nch [Tt]all",
    "synonyms": []
  },
  {
    "value": "\\d+\\d?.?\\d?\\d?\\d?\\d? [Ii]nch [Hh]eight",
    "synonyms": []
  },
  {
    "value": "\\d+\\d?.?\\d?\\d?\\d?\\d? [Ii]nch [Hh]igh",
    "synonyms": []
  },
  {
    "value": "\\d+\\d?.?\\d?\\d? [Ii]nch(es)? [Ww]ide",
    "synonyms": []
  },
  {
    "value": "\\d+\\d?.?\\d?\\d? [Ii]nch [Ww]idth",
    "synonyms": []
  },
  {
    "value": "\\d+\\d?.?\\d?\\d? [Ii]nch\\.?",
    "synonyms": []
  },
  {
    "value": "\\d+\\d?.?\\d?\\d? [Ii]n\\.?",
    "synonyms": []
  },
  {
    "value": "\\d+\\d?.?\\d?\\d? [Ii]n [Ww]ide",
    "synonyms": []
  }
]