[
  {
    "value": "One Door",
    "synonyms": [
      "1 Door",
      "One Door",
      "1 Doors",
      "One Doors",
      "single door"
    ]
  },
  {
    "value": "Two Door",
    "synonyms": [
      "2 Door",
      "Two Door",
      "2 Doors",
      "Two Doors",
      "double door",
      "double doors"
    ]
  },
  {
    "value": "Three Door",
    "synonyms": [
      "3 Door",
      "Three Door",
      "3 Doors",
      "Three Doors",
      "thrible door",
      "thrible doors"
    ]
  },
  {
    "value": "Four Door",
    "synonyms": [
      "4 Door",
      "Four Door",
      "4 Doors",
      "Four Doors"
    ]
  },
  {
    "value": "Five Door",
    "synonyms": [
      "5 Door",
      "Five Door",
      "5 Doors",
      "Five Doors"
    ]
  },
  {
    "value": "Mulitple doors",
    "synonyms": [
      "multiple",
      "multiple doors"
    ]
  },
  {
    "value": "Mulitple shelves",
    "synonyms": [
      "multiple shelves"
    ]
  },
  {
    "value": "Zero shelf",
    "synonyms": [
      "0 shelf",
      "zero shelf",
      "no shelf"
    ]
  },
  {
    "value": "One shelf",
    "synonyms": [
      "1 shelf",
      "one shelf",
      "single shelf"
    ]
  },
  {
    "value": "Two shelves",
    "synonyms": [
      "2 shelves",
      "two shelves",
      "double shelves"
    ]
  },
  {
    "value": "Three shelves",
    "synonyms": [
      "3 shelves",
      "three shelves"
    ]
  },
  {
    "value": "Four shelves",
    "synonyms": [
      "4 shelves",
      "four shelves"
    ]
  },
  {
    "value": "Five shelves",
    "synonyms": [
      "5 shelves",
      "five shelves"
    ]
  },
  {
    "value": "Six shelves",
    "synonyms": [
      "6 shelves",
      "six shelves"
    ]
  }
]