[
  {
    "value": "Left to Right Swing",
    "synonyms": [
      "Left to Right Swing"
    ]
  },
  {
    "value": "Pull-Out",
    "synonyms": [
      "Pull-Out",
      "pull out"
    ]
  },
  {
    "value": "Right to Left Swing",
    "synonyms": [
      "Right to Left Swing"
    ]
  },
  {
    "value": "Drop Down",
    "synonyms": [
      "Drop Down"
    ]
  },
  {
    "value": "Hamper",
    "synonyms": [
      "Hamper"
    ]
  },
  {
    "value": "Left Swing",
    "synonyms": [
      "Left Swing"
    ]
  },
  {
    "value": "Reversible",
    "synonyms": [
      "Reversible"
    ]
  },
  {
    "value": "Right Swing",
    "synonyms": [
      "Right Swing"
    ]
  }
]