[
  {
    "value": "Single",
    "synonyms": [
      "1 person",
      "single",
      "one person",
      "Alone",
      "only me",
      "one member"
    ]
  },
  {
    "value": "Couple",
    "synonyms": [
      "2 people",
      "2 persons",
      "2 members",
      "couple",
      "two people",
      "two persons",
      "two members",
      "small family",
      "small",
      "Twosome",
      "pair",
      "doublet",
      "two of us"
    ]
  },
  {
    "value": "Medium",
    "synonyms": [
      "3 persons",
      "4 persons",
      "3 people",
      "4 people",
      "3 members",
      "4 members",
      "average size",
      "three persons",
      "four persons",
      "three people",
      "four people",
      "three members",
      "four members",
      "medium",
      "medium family",
      "average family",
      "a few of us"
    ]
  },
  {
    "value": "Large",
    "synonyms": [
      "large family",
      "5 persons",
      "6 persons",
      "5 members",
      "6 members",
      "5 people",
      "6 people",
      "five persons",
      "six persons",
      "five members",
      "six members",
      "five people",
      "six people",
      "large",
      "big family",
      "several",
      "huge",
      "multi generational family"
    ]
  }
]