[
  {
    "value": "Appliance",
    "synonyms": [
      "Appliance",
      "products"
    ]
  },
  {
    "value": "Brand",
    "synonyms": [
      "brand",
      "brands"
    ]
  },
  {
    "value": "Capacity",
    "synonyms": [
      "Capacity",
      "total capacity"
    ]
  },
  {
    "value": "Color",
    "synonyms": [
      "Color/Finish Family",
      "colour",
      "Color"
    ]
  },
  {
    "value": "CookingProcess",
    "synonyms": [
      "Cooking Process",
      "CookingProcess"
    ]
  },
  {
    "value": "DoorShelfCount",
    "synonyms": [
      "Door count",
      "DoorShelfCount",
      "shelf",
      "shelf count",
      "door shelf count"
    ]
  },
  {
    "value": "Dimensions",
    "synonyms": [
      "Dimensions",
      "Dimension"
    ]
  },
  {
    "value": "Cycles",
    "synonyms": [
      "Dishwasher Cycles",
      "Cycles",
      "Wash Cycles",
      "wash cycle"
    ]
  },
  {
    "value": "Door Swing",
    "synonyms": [
      "door swing",
      "Door Swing",
      "Door Swing Style",
      "DoorSwingStyle"
    ]
  },
  {
    "value": "ExhaustMaximumCFM",
    "synonyms": [
      "Exhaust Maximum CFM",
      "CFM",
      "maximum exhaust",
      "Exhaust maximum",
      "ExhaustMaximumCFM",
      "Exhaustmaximum"
    ]
  },
  {
    "value": "Features",
    "synonyms": [
      "Features",
      "General features​",
      "operational features",
      "special features",
      "key features",
      "Dispenser features",
      "Feature",
      "ice maker features",
      "Savings Center",
      "Saving by Percentage Off",
      "Efficiency",
      "Steam Function",
      "Lint Filter Location",
      "LintFilterLocation",
      "Cleaning Type",
      "Cleaning model",
      "type of cleaning"
    ]
  },
  {
    "value": "HandleType",
    "synonyms": [
      "handle type",
      "type of handle",
      "HandleType"
    ]
  },
  {
    "value": "Installationdepth",
    "synonyms": [
      "Installation depth",
      "Installationdepth"
    ]
  },
  {
    "value": "Price",
    "synonyms": [
      "Price",
      "amount",
      "cost"
    ]
  },
  {
    "value": "ReviewRating",
    "synonyms": [
      "Review Rating",
      "reviews",
      "rating",
      "ReviewRating"
    ]
  },
  {
    "value": "Settings",
    "synonyms": [
      "settings",
      "setting"
    ]
  },
  {
    "value": "Size",
    "synonyms": [
      "size"
    ]
  },
  {
    "value": "SoundRatingRange",
    "synonyms": [
      "Sound Rating Range",
      "Decibels",
      "SoundRatingRange"
    ]
  },
  {
    "value": "TubMaterial",
    "synonyms": [
      "Tub Material",
      "material of tub",
      "drum material",
      "TubMaterial"
    ]
  },
  {
    "value": "VentType",
    "synonyms": [
      "Vent Type",
      "vent",
      "VentType"
    ]
  },
  {
    "value": "WashDryOptions",
    "synonyms": [
      "Wash / Dry Options",
      "wash and dry options",
      "wash options",
      "dry options",
      "dry and wash options",
      "wash/dry options",
      "wash",
      "WashDryOptions"
    ]
  },
  {
    "value": "Wattage",
    "synonyms": [
      "wattage"
    ]
  },
  {
    "value": "InstallationInstructions",
    "synonyms": [
      "installation instructions",
      "InstallationInstructions"
    ]
  },
  {
    "value": "Frequency",
    "synonyms": [
      "frequency",
      " frequent",
      " shopping pattern",
      " shop pattern",
      "how often"
    ]
  },
  {
    "value": "Model",
    "synonyms": [
      "Model"
    ]
  },
  {
    "value": "Double",
    "synonyms": [
      "double"
    ]
  },
  {
    "value": "Space",
    "synonyms": [
      "Space",
      "Room"
    ]
  },
  {
    "value": "Voltage",
    "synonyms": [
      "Voltage"
    ]
  },
  {
    "value": "Height",
    "synonyms": [
      "Height to Top of Door Hinge",
      "Height to Top of refrigerator",
      "Height"
    ]
  },
  {
    "value": "Width",
    "synonyms": [
      "Refrigerator fit width",
      "refrigerator width",
      "Width"
    ]
  },
  {
    "value": "Depth",
    "synonyms": [
      "Depth excluding handles",
      "Depth"
    ]
  },
  {
    "value": "Relocate",
    "synonyms": [
      "relocate"
    ]
  },
  {
    "value": "Family",
    "synonyms": [
      "family"
    ]
  },
  {
    "value": "Tub to Last Long",
    "synonyms": [
      "tub to last long"
    ]
  },
  {
    "value": "Flush",
    "synonyms": [
      "flush"
    ]
  },
  {
    "value": "Stack",
    "synonyms": [
      "stack"
    ]
  },
  {
    "value": "Outdoors Activities",
    "synonyms": [
      "outdoors activities"
    ]
  },
  {
    "value": "Type",
    "synonyms": [
      "Type",
      "Heating Method",
      "shop by heating method",
      "shop by fit"
    ]
  },
  {
    "value": "Style",
    "synonyms": [
      "Door Style",
      "door style",
      "door open styles",
      "door styles",
      "Style"
    ]
  },
  {
    "value": "WasherDispenser",
    "synonyms": [
      "WasherDispenser",
      "Dispenser",
      "Dispensers",
      "Dispenser Types"
    ]
  },
  {
    "value": "ControlLocation",
    "synonyms": [
      "ControlLocation",
      "Control Location"
    ]
  },
  {
    "value": "LoadType",
    "synonyms": [
      "LoadType",
      "Load Type"
    ]
  },
  {
    "value": "InstallationType",
    "synonyms": [
      "InstallationType",
      "installation Type"
    ]
  },
  {
    "value": "IceMakerType",
    "synonyms": [
      "IceMakerType",
      "Ice Maker Type"
    ]
  },
  {
    "value": "ExtraStorage",
    "synonyms": [
      "ExtraStorage",
      "Extra Storage"
    ]
  },
  {
    "value": "FamilySize",
    "synonyms": [
      "FamilySize",
      "Family size"
    ]
  },
  {
    "value": "multiple ovens",
    "synonyms": [
      "multiple ovens"
    ]
  },
  {
    "value": "cooking surface",
    "synonyms": [
      "cooking surface"
    ]
  }
]