[
  {
    "value": "Daily",
    "synonyms": [
      "everyday",
      "often",
      "regularly",
      "constantly",
      "once a day",
      "once per day",
      "Daily"
    ]
  },
  {
    "value": "Weekly",
    "synonyms": [
      "Weekly",
      "once in a week",
      "occasionaly",
      "routinely"
    ]
  },
  {
    "value": "Bi-weekly",
    "synonyms": [
      "Fortnightly",
      "once in 15 days",
      "once in two weeks",
      "twice in a month",
      "twice a month",
      "2 times per month",
      "infrequently",
      "not often",
      "Bi-weekly"
    ]
  },
  {
    "value": "Monthly",
    "synonyms": [
      "Monthly",
      "once in a month",
      "once a month",
      "every now and again",
      "rarely",
      "never"
    ]
  }
]