[
  {
    "value": "Argon Filled Paned Glass",
    "synonyms": [
      "Argon Filled Paned Glass",
      "double paned windows",
      "double pane windows"
    ]
  },
  {
    "value": "Child Lock",
    "synonyms": [
      "Child Lock",
      "Child safety lock",
      "Kids safety lock"
    ]
  },
  {
    "value": "Door Alarm",
    "synonyms": [
      "Door Alarm",
      "alarm"
    ]
  },
  {
    "value": "Door-within-Door",
    "synonyms": [
      "Door-within-Door",
      "door in door"
    ]
  },
  {
    "value": "Dual Compressor",
    "synonyms": [
      "Dual Compressor",
      "twin cooling",
      "dual evaporator cooling",
      "dual evaporator",
      "dual compressors",
      "separate compressor"
    ]
  },
  {
    "value": "Flat-back Design",
    "synonyms": [
      "Flat-back Design",
      "flat back design",
      "flat back"
    ]
  },
  {
    "value": "Hidden Hinge",
    "synonyms": [
      "Hidden Hinge",
      "no hinges",
      "do not want to see the hinge"
    ]
  },
  {
    "value": "Incandescent Light Type",
    "synonyms": [
      "Incandescent Light Type",
      "not led",
      "regular lights",
      "regular light bulb",
      "Incandescent light"
    ]
  },
  {
    "value": "Interior Light",
    "synonyms": [
      "Interior Light",
      "a lot of lights",
      "many lights",
      "well lit"
    ]
  },
  {
    "value": "LED Light Type",
    "synonyms": [
      "LED Light Type",
      "LED light"
    ]
  },
  {
    "value": "Locking Door",
    "synonyms": [
      "Locking Door"
    ]
  },
  {
    "value": "Reusable Filter",
    "synonyms": [
      "Reusable Filter",
      "reuse the filter",
      "don\u0027t want to change the filter",
      "same filter"
    ]
  },
  {
    "value": "Reversible Door Hinge",
    "synonyms": [
      "Reversible Door Hinge",
      "reversible door",
      "change the way the door opens"
    ]
  },
  {
    "value": "See-Thru Door",
    "synonyms": [
      "See-Thru Door",
      "see thru fridge door",
      "see through door",
      "InstaView Door",
      "knock"
    ]
  },
  {
    "value": "Self-Closing Door",
    "synonyms": [
      "Self-Closing Door",
      "closes itself"
    ]
  },
  {
    "value": "Smudge-Proof",
    "synonyms": [
      "Smudge-Proof"
    ]
  },
  {
    "value": "Triple Evaporating Cooling System",
    "synonyms": [
      "Triple Evaporating Cooling System",
      "triple cooling",
      "triple compressor"
    ]
  },
  {
    "value": "Wheels",
    "synonyms": [
      "Wheels",
      "with wheels",
      "4 wheels",
      "multiple wheels",
      "four wheels"
    ]
  },
  {
    "value": "Crushed Ice",
    "synonyms": [
      "Crushed Ice"
    ]
  },
  {
    "value": "Cubed Ice",
    "synonyms": [
      "Cubed Ice"
    ]
  },
  {
    "value": "Dispenser Control Lock-Out",
    "synonyms": [
      "Dispenser Control Lock-Out"
    ]
  },
  {
    "value": "Dispenser Location-In Door",
    "synonyms": [
      "Dispenser Location-In Door",
      "in door dispenser",
      "external dispenser",
      "fridge dispenser",
      "freezer dispenser",
      "refrigerator dispenser",
      "dispenser in refrigerator",
      "water dispenser in door",
      "water and ice dispenser in door",
      "water and ice dispenser outside"
    ]
  },
  {
    "value": "Dispenser Location-Internal",
    "synonyms": [
      "Dispenser Location-Internal",
      "internal dispenser",
      "dispenser inside",
      "inside dispenser",
      "water dispenser inside",
      "water dispenser on the inside"
    ]
  },
  {
    "value": "Filtration Replacement Indicator Light",
    "synonyms": [
      "Filtration Replacement Indicator Light",
      "tell me when the fileter needs to be replaced"
    ]
  },
  {
    "value": "Filtration System",
    "synonyms": [
      "Filtration System"
    ]
  },
  {
    "value": "Hot Water Dispenser",
    "synonyms": [
      "Hot Water Dispenser",
      "hot water"
    ]
  },
  {
    "value": "Keurig K-Cup Dispenser",
    "synonyms": [
      "Keurig K-Cup Dispenser",
      "coffee maker",
      "built in coffee maker",
      "built in keurig",
      "keurig",
      "k-cup",
      "coffee"
    ]
  },
  {
    "value": "No Dispenser",
    "synonyms": [
      "No Dispenser"
    ]
  },
  {
    "value": "Water Filtration",
    "synonyms": [
      "Water Filtration"
    ]
  },
  {
    "value": "Special Buys",
    "synonyms": [
      "Special Buys",
      "special buy",
      "special",
      "special deals",
      "good deals"
    ]
  },
  {
    "value": "Pull Out Drawer",
    "synonyms": [
      "Pull Out Drawer"
    ]
  },
  {
    "value": "Swing Door",
    "synonyms": [
      "Swing Door"
    ]
  },
  {
    "value": "Retro",
    "synonyms": [
      "Retro",
      "vintage",
      "retro look",
      "vintage look",
      "old look",
      "old"
    ]
  },
  {
    "value": "Automatic Shut-off",
    "synonyms": [
      "Automatic Shut-off"
    ]
  },
  {
    "value": "Dial Temperature Control",
    "synonyms": [
      "Dial Temperature Control"
    ]
  },
  {
    "value": "Dual Evaporated Cooling System",
    "synonyms": [
      "Dual Evaporated Cooling System"
    ]
  },
  {
    "value": "Humidity Control",
    "synonyms": [
      "Humidity Control"
    ]
  },
  {
    "value": "Humidity Controlled Crisper",
    "synonyms": [
      "Humidity Controlled Crisper"
    ]
  },
  {
    "value": "Independent Refrigerator Cooling",
    "synonyms": [
      "Independent Refrigerator Cooling"
    ]
  },
  {
    "value": "LED Controls",
    "synonyms": [
      "LED Controls"
    ]
  },
  {
    "value": "LED Temperature Controls",
    "synonyms": [
      "LED Temperature Controls"
    ]
  },
  {
    "value": "Sabbath Mode",
    "synonyms": [
      "Sabbath Mode"
    ]
  },
  {
    "value": "Vibration-free Operation",
    "synonyms": [
      "Vibration-free Operation"
    ]
  },
  {
    "value": "Automatic Ice Level Control/Shutoff",
    "synonyms": [
      "Automatic Ice Level Control/Shutoff",
      "Automatic Ice Level Control"
    ]
  },
  {
    "value": "Clean Cycle",
    "synonyms": [
      "Clean Cycle",
      "self cleaning"
    ]
  },
  {
    "value": "Control Lockout",
    "synonyms": [
      "Control Lockout"
    ]
  },
  {
    "value": "Filtered Ice",
    "synonyms": [
      "Filtered Ice"
    ]
  },
  {
    "value": "Hidden Controls",
    "synonyms": [
      "Hidden Controls",
      "don\u0027t want to see controls",
      "don\u0027t want to see buttons",
      "clean look"
    ]
  },
  {
    "value": "In-Door Ice Maker",
    "synonyms": [
      "In-Door Ice Maker"
    ]
  },
  {
    "value": "Lighted Bin",
    "synonyms": [
      "Lighted Bin"
    ]
  },
  {
    "value": "No Ice Maker",
    "synonyms": [
      "No Ice Maker"
    ]
  },
  {
    "value": "Removable Basket",
    "synonyms": [
      "Removable Basket"
    ]
  },
  {
    "value": "SmartHome",
    "synonyms": [
      "Yes use SmartHome technology",
      "smart home",
      "Smart Home Enabled",
      "smart device"
    ]
  },
  {
    "value": "Wi-Fi Enabled",
    "synonyms": [
      "Wi-Fi Enabled",
      "Wi-fi",
      "Wifi",
      "internet connection",
      "connected to my internet",
      "Wi-Fi Connectivity",
      "wifi connectivity",
      "wi fi connectivity"
    ]
  },
  {
    "value": "Touch Screen",
    "synonyms": [
      "Touch Screen",
      "TouchScreen",
      "computer"
    ]
  },
  {
    "value": "Energy Star",
    "synonyms": [
      "Energy Star",
      "eco feature",
      "energy efficient"
    ]
  },
  {
    "value": "Special Drawers",
    "synonyms": [
      "Prefer special drawers",
      "I want special drawers",
      "Special Drawers",
      "wine drawer",
      "meat and cheese drawer",
      "crisper"
    ]
  },
  {
    "value": "Compact-in Fridge",
    "synonyms": [
      "Compact-in Fridge"
    ]
  },
  {
    "value": "Drawer Freezer",
    "synonyms": [
      "Drawer Freezer"
    ]
  },
  {
    "value": "No Freezer",
    "synonyms": [
      "No Freezer",
      "refrigerator only",
      "fridge only"
    ]
  },
  {
    "value": "Side Door Freezer",
    "synonyms": [
      "Side Door Freezer"
    ]
  },
  {
    "value": "Top Door Freezer",
    "synonyms": [
      "Top Door Freezer"
    ]
  },
  {
    "value": "Auto/Cycle",
    "synonyms": [
      "Auto/Cycle"
    ]
  },
  {
    "value": "Frost Free",
    "synonyms": [
      "Frost Free"
    ]
  },
  {
    "value": "Manual",
    "synonyms": [
      "Manual"
    ]
  },
  {
    "value": "Outdoor Drawer",
    "synonyms": [
      "Outdoor Drawer"
    ]
  },
  {
    "value": "Dual Drawer",
    "synonyms": [
      "Dual Drawer"
    ]
  },
  {
    "value": "Double Zone",
    "synonyms": [
      "Double Zone"
    ]
  },
  {
    "value": "Single Zone",
    "synonyms": [
      "Single Zone"
    ]
  },
  {
    "value": "Triple Zone",
    "synonyms": [
      "Triple Zone"
    ]
  },
  {
    "value": "Adjustable Door Storage",
    "synonyms": [
      "Adjustable door storage"
    ]
  },
  {
    "value": "Adjustable Racks",
    "synonyms": [
      "Adjustable racks"
    ]
  },
  {
    "value": "Adjustable Shelves/racks",
    "synonyms": [
      "Adjustable shelves/racks",
      "adjustable shelves",
      "adjustable racks"
    ]
  },
  {
    "value": "Removable Shelves",
    "synonyms": [
      "removable shelves",
      "remove the shelves",
      "move shelves",
      "remove racks"
    ]
  },
  {
    "value": "3rd Rack",
    "synonyms": [
      "3rd Rack",
      "Third Rack",
      "Large bulky items",
      "multiple racks",
      "large items",
      "bulk"
    ]
  },
  {
    "value": "Automatic Temperature Control",
    "synonyms": [
      "Automatic Temperature Control",
      "auto temperature control"
    ]
  },
  {
    "value": "Bottle Washing Sprayers",
    "synonyms": [
      "Bottle Washing Sprayers"
    ]
  },
  {
    "value": "Built-In Hose",
    "synonyms": [
      "Built-In Hose"
    ]
  },
  {
    "value": "Cycle Status Lights",
    "synonyms": [
      "Cycle Status Lights"
    ]
  },
  {
    "value": "Filtered Water",
    "synonyms": [
      "Filtered Water"
    ]
  },
  {
    "value": "Hard Food Disposer",
    "synonyms": [
      "Hard Food Disposer",
      "disposer",
      "hard food grinder",
      "grinder",
      "food grinder",
      "food disposer",
      "disposal"
    ]
  },
  {
    "value": "Hard Food Filter",
    "synonyms": [
      "Hard Food Filter"
    ]
  },
  {
    "value": "Leak Sensor",
    "synonyms": [
      "Leak Sensor"
    ]
  },
  {
    "value": "Movable Tines",
    "synonyms": [
      "Movable Tines"
    ]
  },
  {
    "value": "Panel Ready",
    "synonyms": [
      "Panel Ready",
      "match cabinet style",
      "match cabinets",
      "put cabinet front on",
      "make it look like a cabinet"
    ]
  },
  {
    "value": "Sound Reduction System",
    "synonyms": [
      "Sound Reduction System"
    ]
  },
  {
    "value": "Tall Tub",
    "synonyms": [
      "Tall Tub"
    ]
  },
  {
    "value": "Butcher Block Top",
    "synonyms": [
      "Butcher Block Top"
    ]
  },
  {
    "value": "Self-Cleaning Filter",
    "synonyms": [
      "Self-Cleaning Filter"
    ]
  },
  {
    "value": "On Wheels",
    "synonyms": [
      "On Wheels"
    ]
  },
  {
    "value": "With Steam",
    "synonyms": [
      "With Steam"
    ]
  },
  {
    "value": "Without Steam",
    "synonyms": [
      "Without Steam"
    ]
  },
  {
    "value": "No",
    "synonyms": [
      "No do not have children or pets",
      "no children",
      "no pets",
      "do not have children",
      "do not have pets",
      "don\u0027t have children",
      "don\u0027t have pets",
      "No i don\u0027t have children or pets",
      "no i don\u0027t have children",
      "no i don\u0027t have pets",
      "No dont wash pots and pans",
      "No dont wash casserole dishes",
      "No do not wash large items like casserole dishes or pots and pans",
      "No dont wash water bottles",
      "No dont wash wine glasses",
      "No do not wash unique items such as water bottles or wine glasses",
      "No the water shutoff valve is not behind",
      "No there is not any island or object",
      "No",
      "I do not",
      "I dont",
      "I don\u0027t",
      "I don\u0027t want",
      "No dont wash large items",
      "Nope",
      "don\u0027t",
      "dont",
      "do not"
    ]
  },
  {
    "value": "Solar Power",
    "synonyms": [
      "Solar Power",
      "solar powered"
    ]
  },
  {
    "value": "UV Filtered Glass Door",
    "synonyms": [
      "UV Filtered Glass Door"
    ]
  },
  {
    "value": "Non dispenser",
    "synonyms": [
      "Non dispenser",
      "no dispenser"
    ]
  },
  {
    "value": "Auto-Touch Control Panel",
    "synonyms": [
      "Auto-Touch Control Panel",
      "Auto touch control panel"
    ]
  },
  {
    "value": "Bluetooth",
    "synonyms": [
      "Bluetooth"
    ]
  },
  {
    "value": "Carousel",
    "synonyms": [
      "Carousel"
    ]
  },
  {
    "value": "Charcoal Filter",
    "synonyms": [
      "Charcoal Filter",
      "charcoal"
    ]
  },
  {
    "value": "Fingerprint Resistant",
    "synonyms": [
      "Fingerprint Resistant",
      "Yes have children",
      "Yes I have children",
      "Yes have pets",
      "Yes I have pets",
      "have children",
      "have pets",
      "have two children",
      "yes i have two children",
      "have a child",
      "have three children",
      "have four children",
      "yes i have a child",
      "FingerprintResistant",
      "yes i have three children",
      "yes i have four children",
      "I have kids",
      "I have 2 kids",
      "I have 3 kids",
      "I have 4 kids",
      "i have a kid",
      "2 kids",
      "3 kids",
      "4 kids",
      "dog",
      "dogs",
      "cat",
      "cats",
      "smudgeproof",
      "no smudge",
      "hide fingerprints"
    ]
  },
  {
    "value": "Front Venting",
    "synonyms": [
      "Front Venting"
    ]
  },
  {
    "value": "Interactive Cooking System",
    "synonyms": [
      "Interactive Cooking System"
    ]
  },
  {
    "value": "Inverter",
    "synonyms": [
      "Inverter"
    ]
  },
  {
    "value": "Low Profile",
    "synonyms": [
      "Low Profile"
    ]
  },
  {
    "value": "Microwave Rack",
    "synonyms": [
      "Microwave Rack"
    ]
  },
  {
    "value": "One Touch Cooking",
    "synonyms": [
      "One Touch Cooking"
    ]
  },
  {
    "value": "Removable Filter",
    "synonyms": [
      "Removable Filter",
      "changeable filter",
      "remove filter"
    ]
  },
  {
    "value": "Safety Lock",
    "synonyms": [
      "Safety Lock",
      "lock"
    ]
  },
  {
    "value": "Standard Features Only",
    "synonyms": [
      "Standard Features Only",
      "basic",
      "minimalist"
    ]
  },
  {
    "value": "Timer",
    "synonyms": [
      "Timer"
    ]
  },
  {
    "value": "Turntable On/Off Option",
    "synonyms": [
      "Turntable On/Off Option"
    ]
  },
  {
    "value": "Turntable",
    "synonyms": [
      "Turntable"
    ]
  },
  {
    "value": "With Trim Kit",
    "synonyms": [
      "With Trim Kit"
    ]
  },
  {
    "value": "With Vent",
    "synonyms": [
      "With Vent"
    ]
  },
  {
    "value": "Inverter Cooking System",
    "synonyms": [
      "Inverter Cooking System"
    ]
  },
  {
    "value": "Yes",
    "synonyms": [
      "Yes",
      "I do",
      "Yes I do"
    ]
  },
  {
    "value": "Automatic Convection Conversion",
    "synonyms": [
      "Automatic Convection Conversion"
    ]
  },
  {
    "value": "Broiler in Oven",
    "synonyms": [
      "Broiler in Oven"
    ]
  },
  {
    "value": "Gliding_Roll Out Racks",
    "synonyms": [
      "Gliding_Roll Out Racks",
      "gliding racks",
      "roll out racks"
    ]
  },
  {
    "value": "Gliding Racks",
    "synonyms": [
      "Gliding Racks"
    ]
  },
  {
    "value": "Roll Out Racks",
    "synonyms": [
      "Roll Out Racks"
    ]
  },
  {
    "value": "Hidden Bake Element",
    "synonyms": [
      "Hidden Bake Element"
    ]
  },
  {
    "value": "LED Display",
    "synonyms": [
      "LED Display"
    ]
  },
  {
    "value": "Oven Temperature Probe",
    "synonyms": [
      "Oven Temperature Probe"
    ]
  },
  {
    "value": "Temperature Control",
    "synonyms": [
      "Temperature Control"
    ]
  },
  {
    "value": "Manual Clean",
    "synonyms": [
      "Manual Clean"
    ]
  },
  {
    "value": "Self Cleaning",
    "synonyms": [
      "Self Cleaning",
      "Self-Cleaning"
    ]
  },
  {
    "value": "Steam Clean",
    "synonyms": [
      "Steam Clean"
    ]
  },
  {
    "value": "Upper Wall Oven Automatic Convection Conversion",
    "synonyms": [
      "Upper Wall Oven Automatic Convection Conversion"
    ]
  },
  {
    "value": "Upper Wall Oven Broiler in Oven",
    "synonyms": [
      "Upper Wall Oven Broiler in Oven"
    ]
  },
  {
    "value": "Upper Wall Oven Gliding_Roll Out Racks",
    "synonyms": [
      "Upper Wall Oven Gliding_Roll Out Racks"
    ]
  },
  {
    "value": "Upper Wall Oven Hidden Bake Element",
    "synonyms": [
      "Upper Wall Oven Hidden Bake Element"
    ]
  },
  {
    "value": "Upper Wall Oven LED Display",
    "synonyms": [
      "Upper Wall Oven LED Display"
    ]
  },
  {
    "value": "Upper Wall Oven Oven Temperature Probe",
    "synonyms": [
      "Upper Wall Oven Oven Temperature Probe"
    ]
  },
  {
    "value": "Upper Wall Oven Safety Lock",
    "synonyms": [
      "Upper Wall Oven Safety Lock"
    ]
  },
  {
    "value": "Upper Wall Oven Temperature Control",
    "synonyms": [
      "Upper Wall Oven Temperature Control"
    ]
  },
  {
    "value": "Lower Wall Oven Automatic Convection Conversion",
    "synonyms": [
      "Lower Wall Oven Automatic Convection Conversion"
    ]
  },
  {
    "value": "Lower Wall Oven Broiler in Oven",
    "synonyms": [
      "Lower Wall Oven Broiler in Oven"
    ]
  },
  {
    "value": "Lower Wall Oven Gliding_Roll Out Racks",
    "synonyms": [
      "Lower Wall Oven Gliding_Roll Out Racks"
    ]
  },
  {
    "value": "Lower Wall Oven Hidden Bake Element",
    "synonyms": [
      "Lower Wall Oven Hidden Bake Element"
    ]
  },
  {
    "value": "Lower Wall Oven LED Display",
    "synonyms": [
      "Lower Wall Oven LED Display"
    ]
  },
  {
    "value": "Lower Wall Oven Oven Temperature Probe",
    "synonyms": [
      "Lower Wall Oven Oven Temperature Probe"
    ]
  },
  {
    "value": "Lower Wall Oven Safety Lock",
    "synonyms": [
      "Lower Wall Oven Safety Lock"
    ]
  },
  {
    "value": "Lower Wall Oven Standard Features Only",
    "synonyms": [
      "Lower Wall Oven Standard Features Only"
    ]
  },
  {
    "value": "Lower Wall Oven Temperature Control",
    "synonyms": [
      "Lower Wall Oven Temperature Control"
    ]
  },
  {
    "value": "Clean Itself",
    "synonyms": [
      "clean itself"
    ]
  },
  {
    "value": "Internet Connected",
    "synonyms": [
      "internet connected"
    ]
  },
  {
    "value": "New Lower Prices",
    "synonyms": [
      "New Lower Prices"
    ]
  },
  {
    "value": "Adaptive Fill",
    "synonyms": [
      "Adaptive Fill"
    ]
  },
  {
    "value": "Add Garment pause",
    "synonyms": [
      "Add Garment pause",
      "Add Garment"
    ]
  },
  {
    "value": "Adjustable Legs",
    "synonyms": [
      "Adjustable Legs"
    ]
  },
  {
    "value": "Advanced Vibration Control",
    "synonyms": [
      "Advanced Vibration Control"
    ]
  },
  {
    "value": "Control Sounds On/Off",
    "synonyms": [
      "Control Sounds On/Off",
      "control sounds",
      "control sounds On or Off"
    ]
  },
  {
    "value": "Cycle Status Indicator",
    "synonyms": [
      "Cycle Status Indicator"
    ]
  },
  {
    "value": "Door Window",
    "synonyms": [
      "Door Window"
    ]
  },
  {
    "value": "End-Of-Cycle Signal",
    "synonyms": [
      "End-Of-Cycle Signal",
      "End of Cycle signal"
    ]
  },
  {
    "value": "High-Efficiency Detergent Required",
    "synonyms": [
      "High-Efficiency Detergent Required"
    ]
  },
  {
    "value": "No Additional Features",
    "synonyms": [
      "No Additional Features"
    ]
  },
  {
    "value": "Rear Control",
    "synonyms": [
      "Rear Control"
    ]
  },
  {
    "value": "Remote Diagnostics",
    "synonyms": [
      "Remote Diagnostics"
    ]
  },
  {
    "value": "Soft Close Lid",
    "synonyms": [
      "Soft Close Lid"
    ]
  },
  {
    "value": "Spin Speed Option",
    "synonyms": [
      "Spin Speed Option"
    ]
  },
  {
    "value": "Water Heater",
    "synonyms": [
      "Water Heater"
    ]
  },
  {
    "value": "Built-in Drawer",
    "synonyms": [
      "Built-in Drawer"
    ]
  },
  {
    "value": "Adjustable End-of-Cycle Signal",
    "synonyms": [
      "Adjustable End-of-Cycle Signal",
      "Adjustable end of cycle signal"
    ]
  },
  {
    "value": "Damp Alert",
    "synonyms": [
      "Damp Alert"
    ]
  },
  {
    "value": "Digital Cycle Countdown",
    "synonyms": [
      "Digital Cycle Countdown"
    ]
  },
  {
    "value": "Four-Way Venting",
    "synonyms": [
      "Four-Way Venting",
      "four way venting"
    ]
  },
  {
    "value": "Lint Filter",
    "synonyms": [
      "Lint Filter"
    ]
  },
  {
    "value": "Moisture Sensor",
    "synonyms": [
      "Moisture Sensor"
    ]
  },
  {
    "value": "Rack",
    "synonyms": [
      "Rack"
    ]
  },
  {
    "value": "Sensor Dry",
    "synonyms": [
      "Sensor Dry"
    ]
  },
  {
    "value": "Timed Dry",
    "synonyms": [
      "Timed Dry"
    ]
  },
  {
    "value": "No Steam",
    "synonyms": [
      "No Steam"
    ]
  },
  {
    "value": "Steam",
    "synonyms": [
      "Steam"
    ]
  },
  {
    "value": "Not CEE rated",
    "synonyms": [
      "Not CEE rated"
    ]
  },
  {
    "value": "Tier III",
    "synonyms": [
      "Tier III",
      "Tier Three",
      "Tier 3"
    ]
  },
  {
    "value": "Tier II",
    "synonyms": [
      "Tier II",
      "Tier two",
      "Tier 2"
    ]
  },
  {
    "value": "Tier I",
    "synonyms": [
      "Tier I",
      "Tier one",
      "Tier 1"
    ]
  },
  {
    "value": "High Efficiency",
    "synonyms": [
      "High Efficiency"
    ]
  },
  {
    "value": "Traditional",
    "synonyms": [
      "Traditional"
    ]
  },
  {
    "value": "Control Lock",
    "synonyms": [
      "Control Lock"
    ]
  },
  {
    "value": "Delay Start",
    "synonyms": [
      "Delay Start"
    ]
  },
  {
    "value": "Rebates",
    "synonyms": [
      "rebates"
    ]
  },
  {
    "value": "Ice and Water Dispenser",
    "synonyms": [
      "Ice and Water Dispenser"
    ]
  },
  {
    "value": "Ice Dispenser",
    "synonyms": [
      "Ice Dispenser"
    ]
  },
  {
    "value": "Water Dispenser",
    "synonyms": [
      "Water Dispenser"
    ]
  },
  {
    "value": "External Water Dispenser",
    "synonyms": [
      "External Water Dispenser"
    ]
  },
  {
    "value": "Internal Water Dispenser",
    "synonyms": [
      "Internal Water Dispenser"
    ]
  },
  {
    "value": "No Special Drawers",
    "synonyms": [
      "Do not prefer special drawers",
      "No Special Drawers"
    ]
  },
  {
    "value": "Front Lint filter",
    "synonyms": [
      "Front Lint filter"
    ]
  },
  {
    "value": "Left Side Lint Filter",
    "synonyms": [
      "left side lint filter"
    ]
  },
  {
    "value": "Right Side Lint Filter",
    "synonyms": [
      "Right Side lint filter"
    ]
  },
  {
    "value": "Top Lint Filter",
    "synonyms": [
      "Top lint filter"
    ]
  },
  {
    "value": "External Lint Filter",
    "synonyms": [
      "external lint filter"
    ]
  },
  {
    "value": "10% Off or more",
    "synonyms": [
      "10% off or more",
      "10 percent off or more",
      "10 percentage off or more",
      "10% of or more",
      "10 percent of or more",
      "10 percentage of or more"
    ]
  },
  {
    "value": "20% Off or more",
    "synonyms": [
      "20% off or more",
      "20 percent off or more",
      "20 percentage off or more",
      "20% of or more",
      "20 percent of or more",
      "20 percentage of or more"
    ]
  },
  {
    "value": "30% Off or more",
    "synonyms": [
      "30% off or more",
      "30 percent off or more",
      "30 percentage off or more",
      "30% of or more",
      "30 percent of or more",
      "30 percentage of or more"
    ]
  },
  {
    "value": "Dual Zone Cooking",
    "synonyms": [
      "Dual Zone Cooking"
    ]
  },
  {
    "value": "Air fry",
    "synonyms": [
      "Air fry",
      "Airfry",
      "Air-fry"
    ]
  },
  {
    "value": "Propane",
    "synonyms": [
      "Propane"
    ]
  }
]