[
  {
    "value": "Free Standing",
    "synonyms": [
      "Free Standing",
      "freestanding",
      "nothing around it",
      "in the middle of the room"
    ]
  },
  {
    "value": "Cut Out",
    "synonyms": [
      "cut out",
      "Builtin",
      "cutout",
      "between 2 counters",
      "between 2 cabinets",
      "between the wall and a cabinet"
    ]
  },
  {
    "value": "Slide In",
    "synonyms": [
      "Slide In",
      "Slide-in"
    ]
  },
  {
    "value": "drop in",
    "synonyms": [
      "drop in",
      "drop-in"
    ]
  }
]