[
  {
    "value": "\\$?\\d,?\\d+\\s(\\-|to|and)?(\\s\\$?\\d,?\\d+)?|\\$\\d,?d+\\d?.?\\d?\\d?.?",
    "synonyms": []
  },
  {
    "value": "[Bb]etween \\$?\\d,?\\d+\\d?\\d?\\d? (and|to|\\-) \\$?\\d,?\\d+\\d?\\d?\\d?.?",
    "synonyms": []
  },
  {
    "value": "[Ii]n [tT]he [Rr]ange [oO]f \\$?\\d,?\\d+\\d?\\d?\\d? (and|\\-) \\$?\\d,?\\d+\\d?\\d?\\d?.?",
    "synonyms": []
  },
  {
    "value": "([uU]nder|[aA]bove|[aA]round|[Gg]reater [Tt]han|[Ll]ess [Tt]han|[bB]elow|[Oo]ver) \\$?\\d,?\\d+\\d?\\d?\\d?.?",
    "synonyms": []
  }
]