[
  {
    "value": "1 Star \u0026 Up",
    "synonyms": [
      "1 Star \u0026 Up",
      "one star \u0026 up",
      "1 * \u0026 up",
      "one * \u0026 up",
      "1 star and up",
      "one star and up",
      "1 * and up",
      "one * and up",
      "1 star",
      "one star",
      "more than 1 star",
      "at least 1 star",
      "1 *"
    ]
  },
  {
    "value": "2 Stars \u0026 Up",
    "synonyms": [
      "2 Stars \u0026 Up",
      "two stars \u0026 up",
      "2 * \u0026 up",
      "two * \u0026 up",
      "2 stars and up",
      "two stars and up",
      "2 * and up",
      "two * and up",
      "2 stars",
      "two stars",
      "more than 2 star",
      "at least 2 stars",
      "2 star",
      "two star"
    ]
  },
  {
    "value": "3 Stars \u0026 Up",
    "synonyms": [
      "3 Stars \u0026 Up",
      "three stars \u0026 up",
      "3 * \u0026 up",
      "three * \u0026 up",
      "3 stars and up",
      "three stars and up",
      "3 * and up",
      "three * and up",
      "3 stars",
      "three stars",
      "more than 3 stars",
      "at least 3 stars",
      "3 star",
      "three star"
    ]
  },
  {
    "value": "4 Stars \u0026 Up",
    "synonyms": [
      "4 Stars \u0026 Up",
      "four stars \u0026 up",
      "4 * \u0026 up",
      "four * \u0026 up",
      "4 stars and up",
      "four stars and up",
      "4 * and up",
      "four * and up",
      "4 stars",
      "four stars",
      "more than 4 stars",
      "at least 4 stars",
      "4 star",
      "four star"
    ]
  },
  {
    "value": "5 Stars Only",
    "synonyms": [
      "5 Stars Only",
      "five stars only",
      "5 * only",
      "5 stars",
      "five stars",
      "more than 5 stars",
      "5 star",
      "five star",
      "Best rated"
    ]
  }
]