[
  {
    "value": "Auto Defrost",
    "synonyms": [
      "Auto Defrost",
      "poultry",
      "fish",
      "bread"
    ]
  },
  {
    "value": "Beverage",
    "synonyms": [
      "Beverage",
      "milk",
      "tea"
    ]
  },
  {
    "value": "Cook Power",
    "synonyms": [
      "Cook Power",
      "Rice",
      "Noodles",
      "Pasta"
    ]
  },
  {
    "value": "Cook by Weight",
    "synonyms": [
      "Cook by Weight"
    ]
  },
  {
    "value": "Defrost by Weight",
    "synonyms": [
      "Defrost by Weight"
    ]
  },
  {
    "value": "Defrost",
    "synonyms": [
      "Defrost"
    ]
  },
  {
    "value": "Dehydrator",
    "synonyms": [
      "Dehydrator"
    ]
  },
  {
    "value": "Delay Bake/Delay Start",
    "synonyms": [
      "Delay Bake/Delay Start",
      "delay bake",
      "delay start"
    ]
  },
  {
    "value": "Keep Warm",
    "synonyms": [
      "Keep Warm"
    ]
  },
  {
    "value": "Meat",
    "synonyms": [
      "Meat"
    ]
  },
  {
    "value": "No Specialty Settings",
    "synonyms": [
      "No Specialty Settings"
    ]
  },
  {
    "value": "Pizza",
    "synonyms": [
      "Pizza"
    ]
  },
  {
    "value": "Popcorn",
    "synonyms": [
      "Popcorn"
    ]
  },
  {
    "value": "Proofing Mode",
    "synonyms": [
      "Proofing Mode"
    ]
  },
  {
    "value": "Reheat",
    "synonyms": [
      "Reheat",
      "Re-heat food"
    ]
  },
  {
    "value": "Sabbath Mode",
    "synonyms": [
      "Sabbath Mode"
    ]
  },
  {
    "value": "Sensor Cook",
    "synonyms": [
      "Sensor Cook"
    ]
  },
  {
    "value": "Speed Cook",
    "synonyms": [
      "Speed Cook",
      "SpeedCook"
    ]
  },
  {
    "value": "Speed Defrost",
    "synonyms": [
      "Speed Defrost"
    ]
  },
  {
    "value": "Start/ +30 Sec",
    "synonyms": [
      "Start/ +30 Sec"
    ]
  },
  {
    "value": "Steam Cook",
    "synonyms": [
      "Steam Cook"
    ]
  },
  {
    "value": "Steam Oven",
    "synonyms": [
      "Steam Oven"
    ]
  },
  {
    "value": "Cook time",
    "synonyms": [
      "Cook time"
    ]
  },
  {
    "value": "Grilled",
    "synonyms": [
      "Grilled Items",
      "Grill",
      "Kebab"
    ]
  }
]