[
  {
    "value": "Large",
    "synonyms": [
      "Large",
      "more than five",
      "more than 5",
      "more than five members",
      "more than 5 members",
      "more than five people",
      "more than 5 people",
      "more than 5 persons",
      "more than five persons",
      "5 persons",
      "6 persons",
      "5 members",
      "6 members",
      "5 people",
      "6 people",
      "five persons",
      "six persons",
      "five members",
      "six members",
      "five people",
      "six people",
      "large",
      "big family",
      "several",
      "huge",
      "large family",
      "big"
    ]
  },
  {
    "value": "Medium",
    "synonyms": [
      "Medium",
      "2 to 4 members",
      "two to four members",
      "2 people",
      "2 persons",
      "2 members",
      "couple",
      "two people",
      "two persons",
      "two members",
      "Twosome",
      "pair",
      "doublet",
      "3 persons",
      "4 persons",
      "3 people",
      "4 people",
      "3 members",
      "4 members",
      "average size",
      "three persons",
      "four persons",
      "three people",
      "four people",
      "three members",
      "four members",
      "medium family",
      "average family",
      "Average"
    ]
  },
  {
    "value": "Small",
    "synonyms": [
      "Small",
      "1 person",
      "single",
      "one person",
      "Alone",
      "small family"
    ]
  },
  {
    "value": "Extra Large",
    "synonyms": [
      "Extra Large"
    ]
  }
]