[
  {
    "value": "Bottom Freezer Refrigerator",
    "synonyms": [
      "Bottom Freezer",
      "Bottom Freezer Fridge",
      "Bottom Freezer Refrigerator",
      "Freezer on the bottom",
      "freezer drawer"
    ]
  },
  {
    "value": "Commercial Refrigerator",
    "synonyms": [
      "Commercial",
      "Commercial Fridge",
      "Commercial Refrigerator",
      "commercial grade"
    ]
  },
  {
    "value": "Freezerless Refrigerator",
    "synonyms": [
      "Freezerless",
      "Freezerless Fridge",
      "Freezerless Refrigerator",
      "only refrigerator",
      "only fridge"
    ]
  },
  {
    "value": "French Door Refrigerator",
    "synonyms": [
      "French Door",
      "French Door Fridge",
      "French Door Refrigerator",
      "two doors on top",
      "2 doors on top",
      "2 doors for the fridge",
      "fridge with 1 door",
      "fridge with 3 doors",
      "fridge with multiple doors",
      "fridge with 4 doors",
      "fridge with 5 doors"
    ]
  },
  {
    "value": "Mini Fridge",
    "synonyms": [
      "Mini",
      "Mini Fridge",
      "Mini Refrigerator",
      "Compact"
    ]
  },
  {
    "value": "Side by Side Refrigerator",
    "synonyms": [
      "Side by Side Refrigerator",
      "Side-by-Side",
      "Side-by-Side Fridge",
      "Side-by-Side Refrigerator",
      "side by side"
    ]
  },
  {
    "value": "Small Space Refrigerator",
    "synonyms": [
      "Small Space",
      "Small Space Fridge",
      "Small Space Refrigerator"
    ]
  },
  {
    "value": "Top Freezer Refrigerator",
    "synonyms": [
      "Top Freezer",
      "Top Freezer Fridge",
      "Top Freezer Refrigerator"
    ]
  },
  {
    "value": "Wine \u0026 Beverage Cooler",
    "synonyms": [
      "Wine \u0026 Beverage",
      "Wine \u0026 Beverage Cooler",
      "Wine \u0026 Beverage Fridge",
      "Wine \u0026 Beverage Refrigerator",
      "Wine and Beverage",
      "Wine and Beverage Cooler",
      "Wine and Beverage Fridge",
      "Wine and Beverage Refrigerator",
      "Beverage Cooler"
    ]
  },
  {
    "value": "Freezer",
    "synonyms": [
      "Freezers",
      "freezer"
    ]
  },
  {
    "value": "Commercial Freezer",
    "synonyms": [
      "Commercial Freezer",
      "commercial freezers",
      "commercial grade freezer"
    ]
  }
]