[
  {
    "value": "Other Tub",
    "synonyms": [
      "Other Tub"
    ]
  },
  {
    "value": "Plastic Tub",
    "synonyms": [
      "Plastic Tub",
      "Not last for long",
      "doesn\u0027t last for long"
    ]
  },
  {
    "value": "Stainless Steel Tub",
    "synonyms": [
      "Stainless Steel Tub",
      "Yes last long",
      "lasts long",
      "lasts for long"
    ]
  },
  {
    "value": "Painted Steel Drum",
    "synonyms": [
      "Painted Steel Drum"
    ]
  },
  {
    "value": "Plastic Drum",
    "synonyms": [
      "Plastic Drum"
    ]
  },
  {
    "value": "Stainless Steel Drum",
    "synonyms": [
      "Stainless Steel Drum"
    ]
  },
  {
    "value": "Porcelain Enamel Drum",
    "synonyms": [
      "Porcelain Enamel Drum"
    ]
  },
  {
    "value": "Stainless Steel Aluminized Alloy Steel Drum",
    "synonyms": [
      "Stainless Steel Aluminized Alloy Steel Drum"
    ]
  },
  {
    "value": "Aluminized Alloy Steel Drum",
    "synonyms": [
      "Aluminized Alloy Steel Drum"
    ]
  },
  {
    "value": "Powder-Coated Steel Drum",
    "synonyms": [
      "Powder-Coated Steel Drum",
      "Powder Coated Steel Drum"
    ]
  },
  {
    "value": "Porcelain Drum",
    "synonyms": [
      "Porcelain Drum"
    ]
  }
]