[
  {
    "value": "Countertop",
    "synonyms": [
      "Countertop Dishwasher",
      "Countertop Microwaves",
      "Countertop",
      "free standing"
    ]
  },
  {
    "value": "Portable",
    "synonyms": [
      "Portable Dishwasher",
      "Yes relocate often",
      "No space not available",
      "portable",
      "Portable Washers"
    ]
  },
  {
    "value": "Built-In",
    "synonyms": [
      "Built In Dishwasher",
      "No do not relocate often",
      "Yes space available",
      "Built-In Microwaves",
      "built-in",
      "Built In",
      "cut out"
    ]
  },
  {
    "value": "Microwave Drawers",
    "synonyms": [
      "Microwave Drawers"
    ]
  },
  {
    "value": "Over-The-Range Microwaves",
    "synonyms": [
      "Over-The-Range Microwaves",
      "Over The Range"
    ]
  },
  {
    "value": "Single Wall Oven",
    "synonyms": [
      "Single Wall Oven"
    ]
  },
  {
    "value": "Double Wall Oven",
    "synonyms": [
      "Double Wall Oven"
    ]
  },
  {
    "value": "Microwave Combo Wall Oven",
    "synonyms": [
      "Microwave Combo Wall Oven",
      "microwave and wall oven",
      "wall oven and microwave",
      "microwave \u0026 wall oven",
      "wall oven \u0026 microwave"
    ]
  },
  {
    "value": "Electric",
    "synonyms": [
      "Electric Wall Oven",
      "Electric"
    ]
  },
  {
    "value": "Gas",
    "synonyms": [
      "Gas Wall Oven",
      "Gas"
    ]
  },
  {
    "value": "Convection Wall Oven",
    "synonyms": [
      "Convection Wall Oven"
    ]
  },
  {
    "value": "Single Electric Wall Oven",
    "synonyms": [
      "Single Electric Wall Oven"
    ]
  },
  {
    "value": "Double Electric Wall Oven",
    "synonyms": [
      "Double Electric Wall Oven"
    ]
  },
  {
    "value": "Agitator",
    "synonyms": [
      "agitator"
    ]
  },
  {
    "value": "Impeller",
    "synonyms": [
      "Impeller type",
      "impeller"
    ]
  },
  {
    "value": "Laundry Center",
    "synonyms": [
      "laundry center",
      "laundry pair",
      "laundry"
    ]
  },
  {
    "value": "Combo",
    "synonyms": [
      "combo"
    ]
  },
  {
    "value": "Dual Fuel",
    "synonyms": [
      "Dual Fuel"
    ]
  },
  {
    "value": "Single Electric Oven",
    "synonyms": [
      "Single Electric Oven"
    ]
  },
  {
    "value": "Double Electric Oven",
    "synonyms": [
      "Double Electric Oven"
    ]
  },
  {
    "value": "Single Gas Oven",
    "synonyms": [
      "Single Gas Oven"
    ]
  },
  {
    "value": "Double Gas Oven",
    "synonyms": [
      "Double Gas Oven"
    ]
  },
  {
    "value": "Single Dual Fuel Oven",
    "synonyms": [
      "Single Dual Fuel Oven"
    ]
  },
  {
    "value": "Double Dual Fuel Oven",
    "synonyms": [
      "Double Dual Fuel Oven"
    ]
  }
]