[
  {
    "value": "Active Wear",
    "synonyms": [
      "Active Wear"
    ]
  },
  {
    "value": "Allergen",
    "synonyms": [
      "Allergen"
    ]
  },
  {
    "value": "Bedding",
    "synonyms": [
      "Bedding"
    ]
  },
  {
    "value": "Bulky Items",
    "synonyms": [
      "Bulky Items",
      "yes wash large items",
      "yes wash bulky items",
      "wash large items",
      "wash bulky items"
    ]
  },
  {
    "value": "Cold",
    "synonyms": [
      "Cold",
      "coldwash"
    ]
  },
  {
    "value": "Cotton",
    "synonyms": [
      "Cotton"
    ]
  },
  {
    "value": "Deep Fill",
    "synonyms": [
      "Deep Fill"
    ]
  },
  {
    "value": "Drain \u0026 Spin",
    "synonyms": [
      "Drain \u0026 Spin",
      "Drain and spin"
    ]
  },
  {
    "value": "Extra Rinse",
    "synonyms": [
      "Extra Rinse"
    ]
  },
  {
    "value": "Extra Spin",
    "synonyms": [
      "Extra Spin"
    ]
  },
  {
    "value": "Handwashable",
    "synonyms": [
      "Handwashable"
    ]
  },
  {
    "value": "Heavy Duty",
    "synonyms": [
      "Heavy Duty"
    ]
  },
  {
    "value": "Knits",
    "synonyms": [
      "Knits"
    ]
  },
  {
    "value": "Light",
    "synonyms": [
      "Light"
    ]
  },
  {
    "value": "Normal",
    "synonyms": [
      "Normal"
    ]
  },
  {
    "value": "Permanent Press",
    "synonyms": [
      "Permanent Press"
    ]
  },
  {
    "value": "Presoak",
    "synonyms": [
      "Presoak"
    ]
  },
  {
    "value": "Prewash",
    "synonyms": [
      "Prewash"
    ]
  },
  {
    "value": "Rinse \u0026 Spin",
    "synonyms": [
      "Rinse \u0026 Spin",
      "rinse and spin"
    ]
  },
  {
    "value": "Sanitize",
    "synonyms": [
      "Sanitize",
      "sanitizing"
    ]
  },
  {
    "value": "Small Load",
    "synonyms": [
      "Small Load"
    ]
  },
  {
    "value": "Soak",
    "synonyms": [
      "Soak"
    ]
  },
  {
    "value": "Specialty",
    "synonyms": [
      "Specialty"
    ]
  },
  {
    "value": "Speed Wash",
    "synonyms": [
      "Speed Wash"
    ]
  },
  {
    "value": "Standard Wash Cycle Only",
    "synonyms": [
      "Standard Wash Cycle Only"
    ]
  },
  {
    "value": "Time Saving",
    "synonyms": [
      "Time Saving"
    ]
  },
  {
    "value": "Towels and Sheets",
    "synonyms": [
      "Towels and Sheets"
    ]
  },
  {
    "value": "Tub Clean",
    "synonyms": [
      "Tub Clean"
    ]
  },
  {
    "value": "Colors",
    "synonyms": [
      "Colors"
    ]
  },
  {
    "value": "Delicates",
    "synonyms": [
      "Delicates"
    ]
  },
  {
    "value": "Whites",
    "synonyms": [
      "Whites"
    ]
  },
  {
    "value": "Front Control",
    "synonyms": [
      "Front Control"
    ]
  }
]