[
  {
    "value": "Bleach",
    "synonyms": [
      "Bleach"
    ]
  },
  {
    "value": "Bulk Dispenser",
    "synonyms": [
      "Bulk Dispenser"
    ]
  },
  {
    "value": "Detergent Packs",
    "synonyms": [
      "Detergent Packs",
      "detergents",
      "detergent"
    ]
  },
  {
    "value": "Fabric Softener",
    "synonyms": [
      "Fabric Softener"
    ]
  },
  {
    "value": "Liquid Detergent",
    "synonyms": [
      "Liquid Detergent"
    ]
  },
  {
    "value": "Not Available",
    "synonyms": [
      "Not Available"
    ]
  },
  {
    "value": "Oxygenated Additive",
    "synonyms": [
      "Oxygenated Additive"
    ]
  },
  {
    "value": "Powedered Detergent",
    "synonyms": [
      "Powedered Detergent"
    ]
  },
  {
    "value": "Prewash Detergent",
    "synonyms": [
      "Prewash Detergent"
    ]
  }
]