[
  {
    "value": "Half Load",
    "synonyms": [
      "Half Load",
      "Partial wash",
      "Partial load"
    ]
  },
  {
    "value": "Heated Dry",
    "synonyms": [
      "Heated Dry"
    ]
  },
  {
    "value": "High Temperature Wash",
    "synonyms": [
      "High Temperature Wash"
    ]
  },
  {
    "value": "No Cycle Options",
    "synonyms": [
      "No Cycle Options"
    ]
  },
  {
    "value": "Quick Rinse",
    "synonyms": [
      "Quick Rinse",
      "Quick clean",
      "fast rinse"
    ]
  },
  {
    "value": "Sanitize",
    "synonyms": [
      "Sanitize",
      "purify",
      "extended hot-water"
    ]
  },
  {
    "value": "Delicate",
    "synonyms": [
      "Delicate",
      "Yes wash water bottles",
      "Yes wash wine glasses",
      "Yes wash unique items such as water bottles or wine glasses",
      "light touch",
      "Smooth wash"
    ]
  },
  {
    "value": "Extra Dry",
    "synonyms": [
      "Extra Dry"
    ]
  }
]