[
  {
    "id": "548ef2bc-88dc-43b6-a2bc-881661863dc5",
    "data": [
      {
        "text": "i am looking for ",
        "userDefined": false
      },
      {
        "text": "ranges",
        "alias": "Appliance",
        "meta": "@Appliance",
        "userDefined": false
      }
    ],
    "isTemplate": false,
    "count": 0,
    "updated": 0
  },
  {
    "id": "ca638e38-6585-46d1-800c-a4da8e6afe84",
    "data": [
      {
        "text": "Ranges",
        "alias": "Appliance",
        "meta": "@Appliance",
        "userDefined": false
      }
    ],
    "isTemplate": false,
    "count": 1,
    "updated": 0
  },
  {
    "id": "324db1d7-20cd-4625-9786-a3f6f8ab57e4",
    "data": [
      {
        "text": "Range",
        "alias": "Appliance",
        "meta": "@Appliance",
        "userDefined": false
      }
    ],
    "isTemplate": false,
    "count": 1,
    "updated": 0
  },
  {
    "id": "42508c50-547f-420d-9be5-275060351a6e",
    "data": [
      {
        "text": "washers and dryers",
        "alias": "Appliance",
        "meta": "@Appliance",
        "userDefined": false
      }
    ],
    "isTemplate": false,
    "count": 0,
    "updated": 0
  },
  {
    "id": "ed35b121-8eda-4180-b313-229d4d198e0f",
    "data": [
      {
        "text": "washer and dryer",
        "alias": "Appliance",
        "meta": "@Appliance",
        "userDefined": false
      }
    ],
    "isTemplate": false,
    "count": 0,
    "updated": 0
  },
  {
    "id": "380fbfbf-c34a-42f0-ae70-e63404537d5e",
    "data": [
      {
        "text": "i am looking ",
        "userDefined": false
      },
      {
        "text": "washers",
        "alias": "Appliance",
        "meta": "@Appliance",
        "userDefined": false
      }
    ],
    "isTemplate": false,
    "count": 0,
    "updated": 0
  },
  {
    "id": "c9021978-3b35-4674-8ed7-454eaae7dbde",
    "data": [
      {
        "text": "microwave",
        "alias": "Appliance",
        "meta": "@Appliance",
        "userDefined": false
      }
    ],
    "isTemplate": false,
    "count": 0,
    "updated": 0
  },
  {
    "id": "c54d674f-1849-4ed0-ac06-ef691ca73901",
    "data": [
      {
        "text": "fridge",
        "alias": "Appliance",
        "meta": "@Appliance",
        "userDefined": false
      }
    ],
    "isTemplate": false,
    "count": 0,
    "updated": 0
  },
  {
    "id": "7d29a011-2ff8-407a-b1b3-92ea7efa5698",
    "data": [
      {
        "text": "I am looking for ",
        "userDefined": false
      },
      {
        "text": "refrigerator",
        "alias": "Appliance",
        "meta": "@Appliance",
        "userDefined": false
      }
    ],
    "isTemplate": false,
    "count": 0,
    "updated": 0
  },
  {
    "id": "52e19428-7482-4334-87b7-5788b7b458de",
    "data": [
      {
        "text": "Dryers",
        "alias": "Appliance",
        "meta": "@Appliance",
        "userDefined": true
      }
    ],
    "isTemplate": false,
    "count": 0,
    "updated": 0
  },
  {
    "id": "9b8343bb-e66f-41f4-acb3-55c2baa89693",
    "data": [
      {
        "text": "Washers",
        "alias": "Appliance",
        "meta": "@Appliance",
        "userDefined": true
      }
    ],
    "isTemplate": false,
    "count": 1,
    "updated": 0
  },
  {
    "id": "c03f0dac-cea0-4b94-bff3-42560dba4a55",
    "data": [
      {
        "text": "wall oven",
        "alias": "Appliance",
        "meta": "@Appliance",
        "userDefined": false
      }
    ],
    "isTemplate": false,
    "count": 0,
    "updated": 0
  },
  {
    "id": "b21bb148-8601-46c1-b639-117b9ae8ddcd",
    "data": [
      {
        "text": "dishwasher",
        "alias": "Appliance",
        "meta": "@Appliance",
        "userDefined": false
      }
    ],
    "isTemplate": false,
    "count": 0,
    "updated": 0
  },
  {
    "id": "d6005c6f-63c9-471b-9da8-0d6236bc5e99",
    "data": [
      {
        "text": "refrigerator",
        "alias": "Appliance",
        "meta": "@Appliance",
        "userDefined": false
      }
    ],
    "isTemplate": false,
    "count": 1,
    "updated": 0
  }
]