[
  {
    "id": "90e79810-21cc-4744-9d61-7279aaa7174b",
    "data": [
      {
        "text": "How many people will use the ",
        "userDefined": false
      },
      {
        "text": "appliance",
        "alias": "FilterList",
        "meta": "@FilterList",
        "userDefined": false
      },
      {
        "text": "?",
        "userDefined": false
      }
    ],
    "isTemplate": false,
    "count": 0,
    "updated": 0
  },
  {
    "id": "2fcfcb9e-81ae-44c3-baf2-8391373d62a1",
    "data": [
      {
        "text": "are you looking for any ",
        "userDefined": false
      },
      {
        "text": "model",
        "alias": "FilterList",
        "meta": "@FilterList",
        "userDefined": false
      },
      {
        "text": "?",
        "userDefined": false
      }
    ],
    "isTemplate": false,
    "count": 0,
    "updated": 0
  },
  {
    "id": "3e2eb313-011b-415b-b030-a3a147168985",
    "data": [
      {
        "text": "20 inch deep",
        "alias": "Dimension",
        "meta": "@Dimension",
        "userDefined": false
      }
    ],
    "isTemplate": false,
    "count": 0,
    "updated": 0
  },
  {
    "id": "c8b0b969-43de-4e09-b478-49b38167f088",
    "data": [
      {
        "text": "Bi-weekly",
        "alias": "Frequency",
        "meta": "@Frequency",
        "userDefined": false
      }
    ],
    "isTemplate": false,
    "count": 0,
    "updated": 0
  },
  {
    "id": "26a792dc-a5c2-473a-897d-a4ba2380529f",
    "data": [
      {
        "text": "Daily",
        "alias": "Frequency",
        "meta": "@Frequency",
        "userDefined": false
      }
    ],
    "isTemplate": false,
    "count": 0,
    "updated": 0
  },
  {
    "id": "1ea5587d-5be4-4bf0-8f4e-b58d7ff6335d",
    "data": [
      {
        "text": "i am looking for ",
        "userDefined": false
      },
      {
        "text": "reversible",
        "alias": "DoorSwingStyle",
        "meta": "@DoorSwingStyle",
        "userDefined": false
      }
    ],
    "isTemplate": false,
    "count": 0,
    "updated": 0
  },
  {
    "id": "1808306b-854a-4d3a-9d58-542573971f1b",
    "data": [
      {
        "text": "1.5 cu. ft. - 2 cu. ft.",
        "alias": "Capacity",
        "meta": "@Capacity",
        "userDefined": false
      }
    ],
    "isTemplate": false,
    "count": 0,
    "updated": 0
  },
  {
    "id": "b12c6420-e75f-47f9-b8a8-682bea3345e6",
    "data": [
      {
        "text": "i\u0027m looking for ",
        "userDefined": false
      },
      {
        "text": "dryer",
        "alias": "Appliance",
        "meta": "@Appliance",
        "userDefined": false
      }
    ],
    "isTemplate": false,
    "count": 0,
    "updated": 0
  },
  {
    "id": "ab94d4af-edb8-4a0d-aeb1-4606910dc9ba",
    "data": [
      {
        "text": "i am looking for ",
        "userDefined": false
      },
      {
        "text": "dryer",
        "alias": "Appliance",
        "meta": "@Appliance",
        "userDefined": false
      }
    ],
    "isTemplate": false,
    "count": 0,
    "updated": 0
  },
  {
    "id": "d8f8bd55-15b3-4274-a875-54701a5462a8",
    "data": [
      {
        "text": "tub to last long",
        "alias": "FilterList",
        "meta": "@FilterList",
        "userDefined": false
      }
    ],
    "isTemplate": false,
    "count": 0,
    "updated": 0
  },
  {
    "id": "314196c2-69a9-4d5f-84b1-71e591694d4f",
    "data": [
      {
        "text": "stack",
        "alias": "FilterList",
        "meta": "@FilterList",
        "userDefined": false
      }
    ],
    "isTemplate": false,
    "count": 0,
    "updated": 0
  },
  {
    "id": "daa6438e-47f1-4ddf-ba94-2207cda34f97",
    "data": [
      {
        "text": "i am looking for ",
        "userDefined": false
      },
      {
        "text": "dryer",
        "alias": "Appliance",
        "meta": "@Appliance",
        "userDefined": false
      },
      {
        "text": " under ",
        "userDefined": false
      },
      {
        "text": "rebates",
        "alias": "GeneralFeatures",
        "meta": "@GeneralFeatures",
        "userDefined": false
      }
    ],
    "isTemplate": false,
    "count": 0,
    "updated": 0
  },
  {
    "id": "8e3bab22-d927-4d6d-8106-8961f3824d97",
    "data": [
      {
        "text": "i would like to buy low ",
        "userDefined": false
      },
      {
        "text": "voltage",
        "alias": "FilterList",
        "meta": "@FilterList",
        "userDefined": false
      },
      {
        "text": " ",
        "userDefined": false
      },
      {
        "text": "dryer",
        "alias": "Appliance",
        "meta": "@Appliance",
        "userDefined": false
      }
    ],
    "isTemplate": false,
    "count": 0,
    "updated": 0
  },
  {
    "id": "6dd67dac-cc6e-4a1d-9a3b-e6fe86638349",
    "data": [
      {
        "text": "are you looking for specific ",
        "userDefined": false
      },
      {
        "text": "capacity",
        "alias": "FilterList",
        "meta": "@FilterList",
        "userDefined": false
      },
      {
        "text": "? ",
        "userDefined": false
      },
      {
        "text": "2.3",
        "alias": "Number",
        "meta": "@sys.number",
        "userDefined": false
      }
    ],
    "isTemplate": false,
    "count": 0,
    "updated": 0
  },
  {
    "id": "d778f450-b842-4112-ac04-c8ba87003696",
    "data": [
      {
        "text": "do you have ",
        "userDefined": false
      },
      {
        "text": "good deals",
        "alias": "GeneralFeatures",
        "meta": "@GeneralFeatures",
        "userDefined": false
      },
      {
        "text": " for ",
        "userDefined": false
      },
      {
        "text": "dryer",
        "alias": "Appliance",
        "meta": "@Appliance",
        "userDefined": false
      },
      {
        "text": "?",
        "userDefined": false
      }
    ],
    "isTemplate": false,
    "count": 0,
    "updated": 0
  },
  {
    "id": "c6a3a73b-eed5-44b3-89fe-13994b28562d",
    "data": [
      {
        "text": "looking for ",
        "userDefined": false
      },
      {
        "text": "dryer",
        "alias": "Appliance",
        "meta": "@Appliance",
        "userDefined": false
      },
      {
        "text": " in ",
        "userDefined": false
      },
      {
        "text": "special deals",
        "alias": "GeneralFeatures",
        "meta": "@GeneralFeatures",
        "userDefined": true
      }
    ],
    "isTemplate": false,
    "count": 0,
    "updated": 0
  },
  {
    "id": "7d781243-c37b-40f8-ae10-e16593a6197d",
    "data": [
      {
        "text": "high ",
        "userDefined": false
      },
      {
        "text": "cost",
        "alias": "FilterList",
        "meta": "@FilterList",
        "userDefined": false
      },
      {
        "text": " ",
        "userDefined": false
      },
      {
        "text": "dryer",
        "alias": "Appliance",
        "meta": "@Appliance",
        "userDefined": false
      }
    ],
    "isTemplate": false,
    "count": 0,
    "updated": 0
  },
  {
    "id": "121cf3e5-bbdc-44cc-9688-fe08e7d8bfd0",
    "data": [
      {
        "text": "do you have high ",
        "userDefined": false
      },
      {
        "text": "capacity",
        "alias": "FilterList",
        "meta": "@FilterList",
        "userDefined": false
      },
      {
        "text": " ",
        "userDefined": false
      },
      {
        "text": "dryer",
        "alias": "Appliance",
        "meta": "@Appliance",
        "userDefined": false
      },
      {
        "text": "? ",
        "userDefined": false
      },
      {
        "text": "yes",
        "alias": "GeneralFeatures",
        "meta": "@GeneralFeatures",
        "userDefined": true
      }
    ],
    "isTemplate": false,
    "count": 0,
    "updated": 0
  },
  {
    "id": "e50bb873-ad62-4f06-884d-08d866a99f1a",
    "data": [
      {
        "text": "looking for ",
        "userDefined": false
      },
      {
        "text": "energy efficient",
        "alias": "GeneralFeatures",
        "meta": "@GeneralFeatures",
        "userDefined": false
      },
      {
        "text": " ",
        "userDefined": false
      },
      {
        "text": "dryer",
        "alias": "Appliance",
        "meta": "@Appliance",
        "userDefined": false
      }
    ],
    "isTemplate": false,
    "count": 0,
    "updated": 0
  },
  {
    "id": "26b036e4-3b70-4ced-bbdb-479fad010bda",
    "data": [
      {
        "text": "110 voltage",
        "alias": "Voltage",
        "meta": "@Voltage",
        "userDefined": false
      },
      {
        "text": " ",
        "userDefined": false
      },
      {
        "text": "21 inch width",
        "alias": "Dimension",
        "meta": "@Dimension",
        "userDefined": false
      },
      {
        "text": " and ",
        "userDefined": false
      },
      {
        "text": "21 inch depth",
        "alias": "Dimension",
        "meta": "@Dimension",
        "userDefined": false
      },
      {
        "text": " ",
        "userDefined": false
      },
      {
        "text": "5.5 cu. ft.",
        "alias": "Capacity",
        "meta": "@Capacity",
        "userDefined": false
      },
      {
        "text": " ",
        "userDefined": false
      },
      {
        "text": "dryer",
        "alias": "Appliance",
        "meta": "@Appliance",
        "userDefined": false
      },
      {
        "text": " ",
        "userDefined": false
      },
      {
        "text": "$100 - $200",
        "meta": "@sys.ignore",
        "userDefined": false
      },
      {
        "text": " in ",
        "userDefined": false
      },
      {
        "text": "4 star",
        "alias": "ReviewRating",
        "meta": "@ReviewRating",
        "userDefined": false
      },
      {
        "text": " on ",
        "userDefined": false
      },
      {
        "text": "right side lint filter",
        "alias": "GeneralFeatures",
        "meta": "@GeneralFeatures",
        "userDefined": true
      }
    ],
    "isTemplate": false,
    "count": 0,
    "updated": 0
  },
  {
    "id": "f132fa4c-0cfc-4ece-a82e-a5bbab556635",
    "data": [
      {
        "text": "5.5 cu. ft.",
        "alias": "Capacity",
        "meta": "@Capacity",
        "userDefined": false
      },
      {
        "text": " ",
        "userDefined": false
      },
      {
        "text": "rack",
        "alias": "GeneralFeatures",
        "meta": "@GeneralFeatures",
        "userDefined": false
      },
      {
        "text": " and ",
        "userDefined": false
      },
      {
        "text": "adjustable legs",
        "alias": "GeneralFeatures",
        "meta": "@GeneralFeatures",
        "userDefined": false
      },
      {
        "text": " ",
        "userDefined": false
      },
      {
        "text": "21 inch",
        "alias": "Dimension",
        "meta": "@Dimension",
        "userDefined": false
      },
      {
        "text": " ",
        "userDefined": false
      },
      {
        "text": "left swing",
        "alias": "DoorSwingStyle",
        "meta": "@DoorSwingStyle",
        "userDefined": false
      },
      {
        "text": " ",
        "userDefined": false
      },
      {
        "text": "stacked",
        "alias": "Stackable",
        "meta": "@Stackable",
        "userDefined": false
      },
      {
        "text": " ",
        "userDefined": false
      },
      {
        "text": "Samsung",
        "alias": "Brand",
        "meta": "@Brand",
        "userDefined": false
      },
      {
        "text": " ",
        "userDefined": false
      },
      {
        "text": "front load matching",
        "meta": "@sys.ignore",
        "userDefined": false
      },
      {
        "text": " ",
        "userDefined": false
      },
      {
        "text": "electric",
        "alias": "Type",
        "meta": "@Type",
        "userDefined": true
      },
      {
        "text": " ",
        "userDefined": false
      },
      {
        "text": "dryer",
        "alias": "Appliance",
        "meta": "@Appliance",
        "userDefined": true
      },
      {
        "text": " for ",
        "userDefined": false
      },
      {
        "text": "four member",
        "alias": "Size",
        "meta": "@Size",
        "userDefined": false
      },
      {
        "text": " family",
        "userDefined": false
      }
    ],
    "isTemplate": false,
    "count": 0,
    "updated": 0
  },
  {
    "id": "74949a74-4b0b-4695-bcd9-86cf32c9c757",
    "data": [
      {
        "text": " ",
        "userDefined": false
      },
      {
        "text": "240 volts",
        "alias": "Voltage",
        "meta": "@Voltage",
        "userDefined": false
      },
      {
        "text": " ",
        "userDefined": false
      },
      {
        "text": "compact",
        "alias": "Model",
        "meta": "@Model",
        "userDefined": false
      },
      {
        "text": " ",
        "userDefined": false
      },
      {
        "text": "dryer",
        "alias": "Appliance",
        "meta": "@Appliance",
        "userDefined": false
      },
      {
        "text": " ",
        "userDefined": false
      },
      {
        "text": "under $1000",
        "meta": "@sys.ignore",
        "userDefined": false
      },
      {
        "text": " in ",
        "userDefined": false
      },
      {
        "text": "black",
        "alias": "ColorFinishFamily",
        "meta": "@ColorFinishFamily",
        "userDefined": false
      },
      {
        "text": " with ",
        "userDefined": false
      },
      {
        "text": "ventless",
        "alias": "VentType",
        "meta": "@VentType",
        "userDefined": false
      },
      {
        "text": " ",
        "userDefined": false
      },
      {
        "text": "stainless steel drum",
        "alias": "TubMaterial",
        "meta": "@TubMaterial",
        "userDefined": false
      }
    ],
    "isTemplate": false,
    "count": 0,
    "updated": 0
  },
  {
    "id": "535e90db-a08e-465f-9810-1c81f3d8d0f9",
    "data": [
      {
        "text": "under $1000",
        "meta": "@sys.ignore",
        "userDefined": false
      },
      {
        "text": " ",
        "userDefined": false
      },
      {
        "text": "compact",
        "alias": "Model",
        "meta": "@Model",
        "userDefined": false
      },
      {
        "text": " ",
        "userDefined": false
      },
      {
        "text": "black",
        "alias": "ColorFinishFamily",
        "meta": "@ColorFinishFamily",
        "userDefined": false
      },
      {
        "text": " ",
        "userDefined": false
      },
      {
        "text": "not stackable",
        "alias": "Stackable",
        "meta": "@Stackable",
        "userDefined": false
      },
      {
        "text": " ",
        "userDefined": false
      },
      {
        "text": "ventless",
        "alias": "VentType",
        "meta": "@VentType",
        "userDefined": false
      },
      {
        "text": " ",
        "userDefined": false
      },
      {
        "text": "dryer",
        "alias": "Appliance",
        "meta": "@Appliance",
        "userDefined": false
      }
    ],
    "isTemplate": false,
    "count": 0,
    "updated": 0
  },
  {
    "id": "77c02610-f274-41ab-8c2c-59b4f638ad21",
    "data": [
      {
        "text": "compact",
        "alias": "Model",
        "meta": "@Model",
        "userDefined": false
      },
      {
        "text": " ",
        "userDefined": false
      },
      {
        "text": "silver",
        "alias": "ColorFinishFamily",
        "meta": "@ColorFinishFamily",
        "userDefined": false
      },
      {
        "text": " ",
        "userDefined": false
      },
      {
        "text": "GE",
        "alias": "Brand",
        "meta": "@Brand",
        "userDefined": false
      }
    ],
    "isTemplate": false,
    "count": 0,
    "updated": 0
  },
  {
    "id": "feb41adb-c86e-4cda-97b5-92f349f4fd7e",
    "data": [
      {
        "text": "special",
        "alias": "GeneralFeatures",
        "meta": "@GeneralFeatures",
        "userDefined": false
      },
      {
        "text": " ",
        "userDefined": false
      },
      {
        "text": "energy star",
        "alias": "GeneralFeatures",
        "meta": "@GeneralFeatures",
        "userDefined": false
      }
    ],
    "isTemplate": false,
    "count": 0,
    "updated": 0
  },
  {
    "id": "2eb45e2e-9d6c-4922-a965-d87a6905a6ff",
    "data": [
      {
        "text": "Right swing",
        "alias": "DoorSwingStyle",
        "meta": "@DoorSwingStyle",
        "userDefined": true
      },
      {
        "text": " ",
        "userDefined": false
      },
      {
        "text": "Powder-Coated Steel Drum",
        "alias": "TubMaterial",
        "meta": "@TubMaterial",
        "userDefined": true
      }
    ],
    "isTemplate": false,
    "count": 0,
    "updated": 0
  },
  {
    "id": "be7cd510-8201-413f-b0b8-6f54e018c0f1",
    "data": [
      {
        "text": "red",
        "alias": "ColorFinishFamily",
        "meta": "@ColorFinishFamily",
        "userDefined": false
      },
      {
        "text": " ",
        "userDefined": false
      },
      {
        "text": "rack",
        "alias": "GeneralFeatures",
        "meta": "@GeneralFeatures",
        "userDefined": false
      },
      {
        "text": " ",
        "userDefined": false
      },
      {
        "text": "rear control",
        "alias": "GeneralFeatures",
        "meta": "@GeneralFeatures",
        "userDefined": false
      },
      {
        "text": " ",
        "userDefined": false
      },
      {
        "text": "control sounds",
        "alias": "GeneralFeatures",
        "meta": "@GeneralFeatures",
        "userDefined": false
      }
    ],
    "isTemplate": false,
    "count": 0,
    "updated": 0
  },
  {
    "id": "5bb8543c-f59e-4f80-a81c-40d3e6cd653a",
    "data": [
      {
        "text": "LG SIGNATURE",
        "alias": "Brand",
        "meta": "@Brand",
        "userDefined": true
      },
      {
        "text": " ",
        "userDefined": false
      },
      {
        "text": "Adjustable End-of-Cycle Signal",
        "alias": "GeneralFeatures",
        "meta": "@GeneralFeatures",
        "userDefined": true
      },
      {
        "text": " ",
        "userDefined": false
      },
      {
        "text": "dryer",
        "alias": "Appliance",
        "meta": "@Appliance",
        "userDefined": true
      },
      {
        "text": " .",
        "userDefined": false
      }
    ],
    "isTemplate": false,
    "count": 0,
    "updated": 0
  },
  {
    "id": "d862feb1-cfdc-4e0e-a635-3ca1a85bc9b7",
    "data": [
      {
        "text": "do you want explore on ",
        "userDefined": false
      },
      {
        "text": "control sounds",
        "alias": "GeneralFeatures",
        "meta": "@GeneralFeatures",
        "userDefined": false
      },
      {
        "text": " ?",
        "userDefined": false
      },
      {
        "text": "yes",
        "alias": "GeneralFeatures",
        "meta": "@GeneralFeatures",
        "userDefined": false
      }
    ],
    "isTemplate": false,
    "count": 0,
    "updated": 0
  },
  {
    "id": "8cd38e77-1978-4ce3-b7b8-b2574b2cf2c0",
    "data": [
      {
        "text": "are you looking for ",
        "userDefined": false
      },
      {
        "text": "gas",
        "alias": "Type",
        "meta": "@Type",
        "userDefined": false
      },
      {
        "text": " ",
        "userDefined": false
      },
      {
        "text": "dryer",
        "alias": "Appliance",
        "meta": "@Appliance",
        "userDefined": true
      },
      {
        "text": " ? ",
        "userDefined": false
      },
      {
        "text": "No",
        "alias": "GeneralFeatures",
        "meta": "@GeneralFeatures",
        "userDefined": false
      }
    ],
    "isTemplate": false,
    "count": 0,
    "updated": 0
  },
  {
    "id": "59309911-bef6-46c2-aefd-c395fb53255d",
    "data": [
      {
        "text": "best rated",
        "alias": "ReviewRating",
        "meta": "@ReviewRating",
        "userDefined": false
      },
      {
        "text": " ",
        "userDefined": false
      },
      {
        "text": "top load matching",
        "meta": "@sys.ignore",
        "userDefined": false
      },
      {
        "text": " ",
        "userDefined": false
      },
      {
        "text": "dryer",
        "alias": "Appliance",
        "meta": "@Appliance",
        "userDefined": false
      }
    ],
    "isTemplate": false,
    "count": 0,
    "updated": 0
  },
  {
    "id": "a0705a34-ee53-4a2a-81a5-c09b1731aa2d",
    "data": [
      {
        "text": "front load matching ",
        "userDefined": false
      },
      {
        "text": "electric",
        "alias": "Type",
        "meta": "@Type",
        "userDefined": false
      },
      {
        "text": " ",
        "userDefined": false
      },
      {
        "text": "dryer",
        "alias": "Appliance",
        "meta": "@Appliance",
        "userDefined": true
      }
    ],
    "isTemplate": false,
    "count": 0,
    "updated": 0
  },
  {
    "id": "6b06c9b0-9273-473b-b09b-7bca2fed6fe5",
    "data": [
      {
        "text": "large",
        "alias": "Size",
        "meta": "@Size",
        "userDefined": false
      },
      {
        "text": " ",
        "userDefined": false
      },
      {
        "text": "black stainless steel",
        "alias": "ColorFinishFamily",
        "meta": "@ColorFinishFamily",
        "userDefined": false
      }
    ],
    "isTemplate": false,
    "count": 0,
    "updated": 0
  },
  {
    "id": "58d96afd-3548-45fb-ba2d-cd636bf13645",
    "data": [
      {
        "text": "electric",
        "alias": "Type",
        "meta": "@Type",
        "userDefined": false
      },
      {
        "text": " ",
        "userDefined": false
      },
      {
        "text": "dryer",
        "alias": "Appliance",
        "meta": "@Appliance",
        "userDefined": true
      },
      {
        "text": " for ",
        "userDefined": false
      },
      {
        "text": "top load matching",
        "meta": "@sys.ignore",
        "userDefined": true
      }
    ],
    "isTemplate": false,
    "count": 0,
    "updated": 0
  },
  {
    "id": "886b33a4-a2ca-40b5-9d9b-028a4b06580d",
    "data": [
      {
        "text": "Damp Alert",
        "alias": "GeneralFeatures",
        "meta": "@GeneralFeatures",
        "userDefined": false
      },
      {
        "text": ",",
        "userDefined": false
      },
      {
        "text": "Delay Start",
        "alias": "GeneralFeatures",
        "meta": "@GeneralFeatures",
        "userDefined": false
      },
      {
        "text": ",",
        "userDefined": false
      },
      {
        "text": "Digital Cycle Countdown",
        "alias": "GeneralFeatures",
        "meta": "@GeneralFeatures",
        "userDefined": false
      },
      {
        "text": ",",
        "userDefined": false
      },
      {
        "text": "Door Window",
        "alias": "GeneralFeatures",
        "meta": "@GeneralFeatures",
        "userDefined": false
      },
      {
        "text": ",",
        "userDefined": false
      },
      {
        "text": "Front Control",
        "alias": "WashCycles",
        "meta": "@WashCycles",
        "userDefined": false
      },
      {
        "text": ",",
        "userDefined": false
      },
      {
        "text": "Interior Light",
        "alias": "GeneralFeatures",
        "meta": "@GeneralFeatures",
        "userDefined": false
      },
      {
        "text": ",",
        "userDefined": false
      },
      {
        "text": "Lint Filter",
        "alias": "GeneralFeatures",
        "meta": "@GeneralFeatures",
        "userDefined": false
      },
      {
        "text": ",",
        "userDefined": false
      },
      {
        "text": "Sensor Dry",
        "alias": "GeneralFeatures",
        "meta": "@GeneralFeatures",
        "userDefined": false
      },
      {
        "text": ",",
        "userDefined": false
      },
      {
        "text": "Timed Dry",
        "alias": "GeneralFeatures",
        "meta": "@GeneralFeatures",
        "userDefined": false
      },
      {
        "text": ".",
        "userDefined": false
      }
    ],
    "isTemplate": false,
    "count": 0,
    "updated": 0
  },
  {
    "id": "20aa485b-6c31-4035-9237-48b6d47e5efc",
    "data": [
      {
        "text": "stacked",
        "alias": "Stackable",
        "meta": "@Stackable",
        "userDefined": true
      },
      {
        "text": " ",
        "userDefined": false
      },
      {
        "text": "gas",
        "alias": "Type",
        "meta": "@Type",
        "userDefined": true
      },
      {
        "text": " ",
        "userDefined": false
      },
      {
        "text": "dryer",
        "alias": "Appliance",
        "meta": "@Appliance",
        "userDefined": true
      },
      {
        "text": " for  ",
        "userDefined": false
      },
      {
        "text": "front load matching",
        "alias": "LoadType",
        "meta": "@LoadType",
        "userDefined": true
      },
      {
        "text": ".",
        "userDefined": false
      }
    ],
    "isTemplate": false,
    "count": 0,
    "updated": 0
  },
  {
    "id": "6bd6a88a-8369-4000-ab30-b16144c2a9e9",
    "data": [
      {
        "text": "looking for best ",
        "userDefined": false
      },
      {
        "text": "one",
        "alias": "Number",
        "meta": "@sys.number",
        "userDefined": true
      },
      {
        "text": " in ",
        "userDefined": false
      },
      {
        "text": "dryers",
        "alias": "Appliance",
        "meta": "@Appliance",
        "userDefined": false
      }
    ],
    "isTemplate": false,
    "count": 0,
    "updated": 0
  },
  {
    "id": "af6596c1-2d7e-40e9-8d9d-5a58d9cc963d",
    "data": [
      {
        "text": "do you prefer ",
        "userDefined": false
      },
      {
        "text": "not stackable",
        "alias": "Stackable",
        "meta": "@Stackable",
        "userDefined": false
      },
      {
        "text": " ",
        "userDefined": false
      },
      {
        "text": "dryer",
        "alias": "Appliance",
        "meta": "@Appliance",
        "userDefined": false
      },
      {
        "text": " ?",
        "userDefined": false
      }
    ],
    "isTemplate": false,
    "count": 0,
    "updated": 0
  },
  {
    "id": "e43663ed-29b8-4e68-90f5-7ec7ca443e19",
    "data": [
      {
        "text": "which ",
        "userDefined": false
      },
      {
        "text": "colour",
        "alias": "FilterList",
        "meta": "@FilterList",
        "userDefined": false
      },
      {
        "text": " you prefer most?",
        "userDefined": false
      }
    ],
    "isTemplate": false,
    "count": 0,
    "updated": 0
  },
  {
    "id": "7d1fdb24-a8d2-424f-a863-c26d9926e688",
    "data": [
      {
        "text": "price",
        "alias": "FilterList",
        "meta": "@FilterList",
        "userDefined": false
      },
      {
        "text": " under ",
        "userDefined": false
      },
      {
        "text": "$500 - $1000",
        "meta": "@sys.ignore",
        "userDefined": false
      }
    ],
    "isTemplate": false,
    "count": 0,
    "updated": 0
  },
  {
    "id": "2d363333-9612-443f-8f67-8e752c1db9e9",
    "data": [
      {
        "text": "Hotpoint",
        "alias": "Brand",
        "meta": "@Brand",
        "userDefined": false
      }
    ],
    "isTemplate": false,
    "count": 0,
    "updated": 0
  },
  {
    "id": "7128875b-29d9-497e-98b0-682ef5d4718e",
    "data": [
      {
        "text": "Painted Steel drum",
        "alias": "TubMaterial",
        "meta": "@TubMaterial",
        "userDefined": true
      }
    ],
    "isTemplate": false,
    "count": 0,
    "updated": 0
  },
  {
    "id": "57688a30-e369-4370-a0df-3748e289a191",
    "data": [
      {
        "text": "less than ",
        "userDefined": false
      },
      {
        "text": "15 in",
        "alias": "Dimension",
        "meta": "@Dimension",
        "userDefined": false
      }
    ],
    "isTemplate": false,
    "count": 0,
    "updated": 0
  },
  {
    "id": "b5c45310-8871-4191-b28b-492992727ac2",
    "data": [
      {
        "text": "samsung",
        "alias": "Brand",
        "meta": "@Brand",
        "userDefined": false
      },
      {
        "text": " ",
        "userDefined": false
      },
      {
        "text": "standard",
        "alias": "Model",
        "meta": "@Model",
        "userDefined": false
      },
      {
        "text": " ",
        "userDefined": false
      },
      {
        "text": "stainless steel",
        "alias": "ColorFinishFamily",
        "meta": "@ColorFinishFamily",
        "userDefined": false
      },
      {
        "text": " ",
        "userDefined": false
      },
      {
        "text": "lint filter",
        "alias": "GeneralFeatures",
        "meta": "@GeneralFeatures",
        "userDefined": false
      }
    ],
    "isTemplate": false,
    "count": 0,
    "updated": 0
  },
  {
    "id": "a4c73f06-7129-45fa-a7ac-620233dc8dc2",
    "data": [
      {
        "text": "looking for ",
        "userDefined": false
      },
      {
        "text": "vented",
        "alias": "GeneralFeatures",
        "meta": "@GeneralFeatures",
        "userDefined": false
      },
      {
        "text": " ",
        "userDefined": false
      },
      {
        "text": "top lint filter",
        "alias": "GeneralFeatures",
        "meta": "@GeneralFeatures",
        "userDefined": true
      },
      {
        "text": " ",
        "userDefined": false
      },
      {
        "text": "dryer",
        "alias": "Appliance",
        "meta": "@Appliance",
        "userDefined": false
      },
      {
        "text": ".",
        "userDefined": false
      }
    ],
    "isTemplate": false,
    "count": 0,
    "updated": 0
  },
  {
    "id": "7a594a8d-9e1b-4ce1-a1d6-25cb40070fa7",
    "data": [
      {
        "text": "ventless",
        "alias": "VentType",
        "meta": "@VentType",
        "userDefined": false
      },
      {
        "text": " ",
        "userDefined": false
      },
      {
        "text": "top load matching",
        "meta": "@sys.ignore",
        "userDefined": false
      },
      {
        "text": " ",
        "userDefined": false
      },
      {
        "text": "dryer",
        "alias": "Appliance",
        "meta": "@Appliance",
        "userDefined": false
      }
    ],
    "isTemplate": false,
    "count": 0,
    "updated": 0
  },
  {
    "id": "d76ecef4-fcb4-4b0a-ba09-0b3068f29a99",
    "data": [
      {
        "text": "looking for ",
        "userDefined": false
      },
      {
        "text": "standard model",
        "alias": "Model",
        "meta": "@Model",
        "userDefined": false
      },
      {
        "text": " in ",
        "userDefined": false
      },
      {
        "text": "5 stars",
        "alias": "ReviewRating",
        "meta": "@ReviewRating",
        "userDefined": true
      }
    ],
    "isTemplate": false,
    "count": 0,
    "updated": 0
  },
  {
    "id": "25588a95-b902-4f5c-84bd-719888779d63",
    "data": [
      {
        "text": "standard",
        "alias": "Model",
        "meta": "@Model",
        "userDefined": false
      },
      {
        "text": " ",
        "userDefined": false
      },
      {
        "text": "average",
        "alias": "Size",
        "meta": "@Size",
        "userDefined": false
      },
      {
        "text": " ",
        "userDefined": false
      },
      {
        "text": "stainless steel drum",
        "alias": "TubMaterial",
        "meta": "@TubMaterial",
        "userDefined": false
      },
      {
        "text": " on ",
        "userDefined": false
      },
      {
        "text": "black",
        "alias": "ColorFinishFamily",
        "meta": "@ColorFinishFamily",
        "userDefined": false
      },
      {
        "text": " ",
        "userDefined": false
      },
      {
        "text": "hamper",
        "alias": "DoorSwingStyle",
        "meta": "@DoorSwingStyle",
        "userDefined": false
      }
    ],
    "isTemplate": false,
    "count": 0,
    "updated": 0
  },
  {
    "id": "a16c1da9-7691-41c9-b593-5bf48dca4f22",
    "data": [
      {
        "text": "240 voltage",
        "alias": "Voltage",
        "meta": "@Voltage",
        "userDefined": false
      },
      {
        "text": " ",
        "userDefined": false
      },
      {
        "text": "no steam",
        "alias": "GeneralFeatures",
        "meta": "@GeneralFeatures",
        "userDefined": false
      },
      {
        "text": " ",
        "userDefined": false
      },
      {
        "text": "27 in",
        "meta": "@sys.ignore",
        "userDefined": false
      },
      {
        "text": " ",
        "userDefined": false
      },
      {
        "text": "dryer",
        "alias": "Appliance",
        "meta": "@Appliance",
        "userDefined": false
      }
    ],
    "isTemplate": false,
    "count": 0,
    "updated": 0
  },
  {
    "id": "adc3a4bb-18a0-4071-8eb0-72404037b251",
    "data": [
      {
        "text": "looking for ",
        "userDefined": false
      },
      {
        "text": "4 star",
        "alias": "ReviewRating",
        "meta": "@ReviewRating",
        "userDefined": false
      },
      {
        "text": " ",
        "userDefined": false
      },
      {
        "text": "rating",
        "alias": "FilterList",
        "meta": "@FilterList",
        "userDefined": false
      },
      {
        "text": " ",
        "userDefined": false
      },
      {
        "text": "not stackable",
        "alias": "Stackable",
        "meta": "@Stackable",
        "userDefined": false
      },
      {
        "text": " ",
        "userDefined": false
      },
      {
        "text": "dryers",
        "alias": "Appliance",
        "meta": "@Appliance",
        "userDefined": false
      }
    ],
    "isTemplate": false,
    "count": 0,
    "updated": 0
  },
  {
    "id": "9964c515-a736-4619-a5b7-bcb72cb7540a",
    "data": [
      {
        "text": "1",
        "alias": "Number",
        "meta": "@sys.number",
        "userDefined": false
      }
    ],
    "isTemplate": false,
    "count": 0,
    "updated": 0
  },
  {
    "id": "774307cd-f838-4d8c-89f7-e6a0f5d9caab",
    "data": [
      {
        "text": "one",
        "alias": "Number",
        "meta": "@sys.number",
        "userDefined": false
      }
    ],
    "isTemplate": false,
    "count": 0,
    "updated": 0
  },
  {
    "id": "f6d6597f-73d6-4f90-8f1f-fff71b6c86a7",
    "data": [
      {
        "text": "7.4 cu. ft.",
        "alias": "Capacity",
        "meta": "@Capacity",
        "userDefined": false
      },
      {
        "text": " Ultra ",
        "userDefined": false
      },
      {
        "text": "Large",
        "alias": "Size",
        "meta": "@Size",
        "userDefined": false
      },
      {
        "text": " ",
        "userDefined": false
      },
      {
        "text": "Capacity",
        "alias": "FilterList",
        "meta": "@FilterList",
        "userDefined": false
      },
      {
        "text": " ",
        "userDefined": false
      },
      {
        "text": "Electric",
        "alias": "Type",
        "meta": "@Type",
        "userDefined": false
      },
      {
        "text": " ",
        "userDefined": false
      },
      {
        "text": "Dryer",
        "alias": "Appliance",
        "meta": "@Appliance",
        "userDefined": true
      },
      {
        "text": " with ",
        "userDefined": false
      },
      {
        "text": "Sensor Dry",
        "alias": "GeneralFeatures",
        "meta": "@GeneralFeatures",
        "userDefined": false
      },
      {
        "text": ", and ",
        "userDefined": false
      },
      {
        "text": "Wi-Fi Connectivity",
        "alias": "GeneralFeatures",
        "meta": "@GeneralFeatures",
        "userDefined": false
      },
      {
        "text": " in ",
        "userDefined": false
      },
      {
        "text": "White",
        "alias": "ColorFinishFamily",
        "meta": "@ColorFinishFamily",
        "userDefined": false
      },
      {
        "text": ".",
        "userDefined": false
      }
    ],
    "isTemplate": false,
    "count": 0,
    "updated": 0
  },
  {
    "id": "687c567c-2290-42a7-b586-b5509734bf61",
    "data": [
      {
        "text": "external",
        "meta": "@sys.ignore",
        "userDefined": false
      }
    ],
    "isTemplate": false,
    "count": 0,
    "updated": 0
  },
  {
    "id": "21d273df-5c29-45c7-a31a-82a9cc3ee2c2",
    "data": [
      {
        "text": "i am looking for ",
        "userDefined": false
      },
      {
        "text": "external",
        "meta": "@sys.ignore",
        "userDefined": false
      },
      {
        "text": " ",
        "userDefined": false
      },
      {
        "text": "dryer",
        "alias": "Appliance",
        "meta": "@Appliance",
        "userDefined": false
      }
    ],
    "isTemplate": false,
    "count": 0,
    "updated": 0
  },
  {
    "id": "612ab416-d04f-4c6c-bc07-62dc7ff0d9b4",
    "data": [
      {
        "text": " What\u0027s the ",
        "userDefined": false
      },
      {
        "text": "total capacity",
        "alias": "FilterList",
        "meta": "@FilterList",
        "userDefined": false
      },
      {
        "text": " that you are looking for?",
        "userDefined": false
      }
    ],
    "isTemplate": false,
    "count": 0,
    "updated": 0
  },
  {
    "id": "f3de0530-8824-4f1d-a95f-f890a31c9afb",
    "data": [
      {
        "text": "How much ",
        "userDefined": false
      },
      {
        "text": "room",
        "alias": "FilterList",
        "meta": "@FilterList",
        "userDefined": true
      },
      {
        "text": " do I need for a new ",
        "userDefined": false
      },
      {
        "text": "dryer",
        "alias": "Appliance",
        "meta": "@Appliance",
        "userDefined": false
      },
      {
        "text": "?",
        "userDefined": false
      }
    ],
    "isTemplate": false,
    "count": 1,
    "updated": 0
  },
  {
    "id": "d292a1c9-0430-4520-b61e-166e65140f1a",
    "data": [
      {
        "text": "i am looking for ",
        "userDefined": false
      },
      {
        "text": "compact",
        "alias": "Model",
        "meta": "@Model",
        "userDefined": false
      },
      {
        "text": " ",
        "userDefined": false
      },
      {
        "text": "black",
        "alias": "ColorFinishFamily",
        "meta": "@ColorFinishFamily",
        "userDefined": false
      },
      {
        "text": " ",
        "userDefined": false
      },
      {
        "text": "dryer",
        "alias": "Appliance",
        "meta": "@Appliance",
        "userDefined": false
      },
      {
        "text": " ",
        "userDefined": false
      },
      {
        "text": "under $1000",
        "meta": "@sys.ignore",
        "userDefined": false
      },
      {
        "text": " with ",
        "userDefined": false
      },
      {
        "text": "front load matching",
        "alias": "LoadType",
        "meta": "@LoadType",
        "userDefined": false
      }
    ],
    "isTemplate": false,
    "count": 0,
    "updated": 0
  },
  {
    "id": "5d3ad6a2-14d4-41de-98b3-f89400ff9f22",
    "data": [
      {
        "text": "not stackable",
        "alias": "Stackable",
        "meta": "@Stackable",
        "userDefined": false
      },
      {
        "text": " ",
        "userDefined": false
      },
      {
        "text": "no steam",
        "alias": "GeneralFeatures",
        "meta": "@GeneralFeatures",
        "userDefined": false
      },
      {
        "text": " ",
        "userDefined": false
      },
      {
        "text": "28.94 in",
        "alias": "Dimension",
        "meta": "@Dimension",
        "userDefined": false
      },
      {
        "text": " ",
        "userDefined": false
      },
      {
        "text": "ventless",
        "alias": "VentType",
        "meta": "@VentType",
        "userDefined": false
      },
      {
        "text": " ",
        "userDefined": false
      },
      {
        "text": "stainless steel",
        "alias": "ColorFinishFamily",
        "meta": "@ColorFinishFamily",
        "userDefined": false
      },
      {
        "text": " ",
        "userDefined": false
      },
      {
        "text": "electric",
        "alias": "Type",
        "meta": "@Type",
        "userDefined": false
      },
      {
        "text": " ",
        "userDefined": false
      },
      {
        "text": "dryer",
        "alias": "Appliance",
        "meta": "@Appliance",
        "userDefined": true
      }
    ],
    "isTemplate": false,
    "count": 0,
    "updated": 0
  },
  {
    "id": "064a1f10-4957-4d9d-a6ae-5991d7b7cbbc",
    "data": [
      {
        "text": "not stackable",
        "alias": "Stackable",
        "meta": "@Stackable",
        "userDefined": false
      },
      {
        "text": " ",
        "userDefined": false
      },
      {
        "text": "vented",
        "alias": "VentType",
        "meta": "@VentType",
        "userDefined": false
      },
      {
        "text": " ",
        "userDefined": false
      },
      {
        "text": "31 inch depth",
        "alias": "Dimension",
        "meta": "@Dimension",
        "userDefined": false
      },
      {
        "text": " and ",
        "userDefined": false
      },
      {
        "text": "27 inch width",
        "alias": "Dimension",
        "meta": "@Dimension",
        "userDefined": false
      },
      {
        "text": " ",
        "userDefined": false
      },
      {
        "text": "front load matching",
        "alias": "LoadType",
        "meta": "@LoadType",
        "userDefined": false
      },
      {
        "text": " ",
        "userDefined": false
      },
      {
        "text": "dryer",
        "alias": "Appliance",
        "meta": "@Appliance",
        "userDefined": false
      }
    ],
    "isTemplate": false,
    "count": 0,
    "updated": 0
  },
  {
    "id": "d9e1d749-8cb4-42fa-a3b5-bca94501be0e",
    "data": [
      {
        "text": "i am prefer to buy ",
        "userDefined": false
      },
      {
        "text": "top load matching",
        "meta": "@sys.ignore",
        "userDefined": false
      },
      {
        "text": " ",
        "userDefined": false
      },
      {
        "text": "dryers",
        "alias": "Appliance",
        "meta": "@Appliance",
        "userDefined": false
      }
    ],
    "isTemplate": false,
    "count": 0,
    "updated": 0
  },
  {
    "id": "b3097e9d-3f9d-47dd-98f8-b1831b5d35c5",
    "data": [
      {
        "text": "black stainless steel",
        "alias": "ColorFinishFamily",
        "meta": "@ColorFinishFamily",
        "userDefined": false
      },
      {
        "text": " ",
        "userDefined": false
      },
      {
        "text": "stainless steel drum",
        "alias": "TubMaterial",
        "meta": "@TubMaterial",
        "userDefined": false
      }
    ],
    "isTemplate": false,
    "count": 0,
    "updated": 0
  },
  {
    "id": "5e9ee953-ab70-4f7e-b5d7-d403466d4d99",
    "data": [
      {
        "text": "do you have ",
        "userDefined": false
      },
      {
        "text": "Moisture Sensor",
        "alias": "GeneralFeatures",
        "meta": "@GeneralFeatures",
        "userDefined": false
      },
      {
        "text": " in ",
        "userDefined": false
      },
      {
        "text": "gas",
        "alias": "Type",
        "meta": "@Type",
        "userDefined": false
      },
      {
        "text": " ",
        "userDefined": false
      },
      {
        "text": "dryer",
        "alias": "Appliance",
        "meta": "@Appliance",
        "userDefined": true
      },
      {
        "text": " ? ",
        "userDefined": false
      },
      {
        "text": "yes",
        "alias": "GeneralFeatures",
        "meta": "@GeneralFeatures",
        "userDefined": true
      }
    ],
    "isTemplate": false,
    "count": 0,
    "updated": 0
  },
  {
    "id": "620405bc-e7d3-483e-8447-a1a9bfde99f2",
    "data": [
      {
        "text": "Samsung",
        "alias": "Brand",
        "meta": "@Brand",
        "userDefined": true
      },
      {
        "text": " ",
        "userDefined": false
      },
      {
        "text": "7.5 cu. ft.",
        "alias": "Capacity",
        "meta": "@Capacity",
        "userDefined": true
      },
      {
        "text": " ",
        "userDefined": false
      },
      {
        "text": "Champagne",
        "alias": "ColorFinishFamily",
        "meta": "@ColorFinishFamily",
        "userDefined": true
      },
      {
        "text": " ",
        "userDefined": false
      },
      {
        "text": "Electric",
        "alias": "Type",
        "meta": "@Type",
        "userDefined": true
      },
      {
        "text": " ",
        "userDefined": false
      },
      {
        "text": "Dryer",
        "alias": "Appliance",
        "meta": "@Appliance",
        "userDefined": true
      },
      {
        "text": " with ",
        "userDefined": false
      },
      {
        "text": "Steam",
        "alias": "GeneralFeatures",
        "meta": "@GeneralFeatures",
        "userDefined": true
      }
    ],
    "isTemplate": false,
    "count": 0,
    "updated": 0
  },
  {
    "id": "e03a8b41-34fa-4468-9fdc-036d925796ee",
    "data": [
      {
        "text": "looking for ",
        "userDefined": false
      },
      {
        "text": "best rated",
        "alias": "ReviewRating",
        "meta": "@ReviewRating",
        "userDefined": false
      },
      {
        "text": " ",
        "userDefined": false
      },
      {
        "text": "dryer",
        "alias": "Appliance",
        "meta": "@Appliance",
        "userDefined": false
      }
    ],
    "isTemplate": false,
    "count": 0,
    "updated": 0
  },
  {
    "id": "7d14aa8d-ebde-4b48-9797-d571e1110ab2",
    "data": [
      {
        "text": "27 inch",
        "alias": "Dimension",
        "meta": "@Dimension",
        "userDefined": false
      },
      {
        "text": " ",
        "userDefined": false
      },
      {
        "text": "240 volts",
        "alias": "Voltage",
        "meta": "@Voltage",
        "userDefined": false
      },
      {
        "text": " ",
        "userDefined": false
      },
      {
        "text": "front load matching",
        "alias": "LoadType",
        "meta": "@LoadType",
        "userDefined": false
      },
      {
        "text": " ",
        "userDefined": false
      },
      {
        "text": "dryer",
        "alias": "Appliance",
        "meta": "@Appliance",
        "userDefined": false
      }
    ],
    "isTemplate": false,
    "count": 0,
    "updated": 0
  },
  {
    "id": "b81c839f-af6c-46e4-ae6b-455ba53e577c",
    "data": [
      {
        "text": "four way venting",
        "alias": "GeneralFeatures",
        "meta": "@GeneralFeatures",
        "userDefined": true
      }
    ],
    "isTemplate": false,
    "count": 0,
    "updated": 0
  },
  {
    "id": "6a2c713d-5b72-4d48-98ff-35eb5e605fa8",
    "data": [
      {
        "text": "damp alert",
        "alias": "GeneralFeatures",
        "meta": "@GeneralFeatures",
        "userDefined": false
      }
    ],
    "isTemplate": false,
    "count": 0,
    "updated": 0
  },
  {
    "id": "b5392ccd-0eee-487c-b735-4eaf04812951",
    "data": [
      {
        "text": "Smart Home Enabled",
        "alias": "GeneralFeatures",
        "meta": "@GeneralFeatures",
        "userDefined": true
      }
    ],
    "isTemplate": false,
    "count": 0,
    "updated": 0
  },
  {
    "id": "24834c58-2720-4659-bcf4-06bca30cbfd6",
    "data": [
      {
        "text": "GE",
        "alias": "Brand",
        "meta": "@Brand",
        "userDefined": false
      },
      {
        "text": " ",
        "userDefined": false
      },
      {
        "text": "7.2 cu. ft.",
        "alias": "Capacity",
        "meta": "@Capacity",
        "userDefined": true
      },
      {
        "text": " ",
        "userDefined": false
      },
      {
        "text": "240 Volt",
        "alias": "Voltage",
        "meta": "@Voltage",
        "userDefined": false
      },
      {
        "text": " ",
        "userDefined": false
      },
      {
        "text": "White",
        "alias": "ColorFinishFamily",
        "meta": "@ColorFinishFamily",
        "userDefined": false
      },
      {
        "text": " ",
        "userDefined": false
      },
      {
        "text": "Electric",
        "alias": "Type",
        "meta": "@Type",
        "userDefined": false
      },
      {
        "text": " ",
        "userDefined": false
      },
      {
        "text": "Vented",
        "alias": "VentType",
        "meta": "@VentType",
        "userDefined": false
      },
      {
        "text": " ",
        "userDefined": false
      },
      {
        "text": "Dryer",
        "alias": "Appliance",
        "meta": "@Appliance",
        "userDefined": false
      }
    ],
    "isTemplate": false,
    "count": 0,
    "updated": 0
  },
  {
    "id": "f63d8659-20a3-4ec2-b69f-5097719fd9f0",
    "data": [
      {
        "text": "electric",
        "alias": "Type",
        "meta": "@Type",
        "userDefined": false
      },
      {
        "text": " ",
        "userDefined": false
      },
      {
        "text": "dryers",
        "alias": "Appliance",
        "meta": "@Appliance",
        "userDefined": true
      }
    ],
    "isTemplate": false,
    "count": 0,
    "updated": 0
  },
  {
    "id": "fc502840-3050-4a68-9c58-744903fd9909",
    "data": [
      {
        "text": "which ",
        "userDefined": false
      },
      {
        "text": "model",
        "alias": "FilterList",
        "meta": "@FilterList",
        "userDefined": false
      },
      {
        "text": " are you looking for ? ",
        "userDefined": false
      },
      {
        "text": "compact",
        "alias": "Model",
        "meta": "@Model",
        "userDefined": false
      }
    ],
    "isTemplate": false,
    "count": 0,
    "updated": 0
  },
  {
    "id": "b2286638-8628-4244-ab13-08d4205a36c0",
    "data": [
      {
        "text": "i am interested in ",
        "userDefined": false
      },
      {
        "text": "stainless steel drum",
        "alias": "TubMaterial",
        "meta": "@TubMaterial",
        "userDefined": false
      }
    ],
    "isTemplate": false,
    "count": 0,
    "updated": 0
  },
  {
    "id": "0762b48e-f1c9-45b5-b007-ddfa76254092",
    "data": [
      {
        "text": "special",
        "alias": "GeneralFeatures",
        "meta": "@GeneralFeatures",
        "userDefined": false
      }
    ],
    "isTemplate": false,
    "count": 0,
    "updated": 0
  },
  {
    "id": "b54901bf-4e6c-4af3-bef6-3db75194a603",
    "data": [
      {
        "text": "are you looking ",
        "userDefined": false
      },
      {
        "text": "samsung",
        "alias": "Brand",
        "meta": "@Brand",
        "userDefined": false
      },
      {
        "text": " ",
        "userDefined": false
      },
      {
        "text": "brand",
        "alias": "FilterList",
        "meta": "@FilterList",
        "userDefined": false
      },
      {
        "text": " ? ",
        "userDefined": false
      },
      {
        "text": "yes",
        "alias": "GeneralFeatures",
        "meta": "@GeneralFeatures",
        "userDefined": false
      }
    ],
    "isTemplate": false,
    "count": 0,
    "updated": 0
  },
  {
    "id": "7ef2cbc2-7e34-41ba-bdf9-3804d29c2cc3",
    "data": [
      {
        "text": "Which ",
        "userDefined": false
      },
      {
        "text": "colour",
        "alias": "FilterList",
        "meta": "@FilterList",
        "userDefined": false
      },
      {
        "text": " are you looking for? ",
        "userDefined": false
      },
      {
        "text": "Silver",
        "alias": "ColorFinishFamily",
        "meta": "@ColorFinishFamily",
        "userDefined": false
      }
    ],
    "isTemplate": false,
    "count": 0,
    "updated": 0
  },
  {
    "id": "1f54a606-38c2-48ed-8be0-805e9c212b87",
    "data": [
      {
        "text": "are you looking for ",
        "userDefined": false
      },
      {
        "text": "lint filter",
        "alias": "GeneralFeatures",
        "meta": "@GeneralFeatures",
        "userDefined": false
      },
      {
        "text": " ? ",
        "userDefined": false
      },
      {
        "text": "yes",
        "alias": "GeneralFeatures",
        "meta": "@GeneralFeatures",
        "userDefined": false
      },
      {
        "text": " on ",
        "userDefined": false
      },
      {
        "text": "right side lint filter",
        "alias": "GeneralFeatures",
        "meta": "@GeneralFeatures",
        "userDefined": true
      }
    ],
    "isTemplate": false,
    "count": 0,
    "updated": 0
  },
  {
    "id": "1d9ec7ee-7161-4265-a408-508acfb34bc8",
    "data": [
      {
        "text": "Hamper",
        "alias": "DoorSwingStyle",
        "meta": "@DoorSwingStyle",
        "userDefined": false
      }
    ],
    "isTemplate": false,
    "count": 0,
    "updated": 0
  },
  {
    "id": "3af8a50e-79d3-4421-a0ff-41a9e36014b0",
    "data": [
      {
        "text": "do you have ",
        "userDefined": false
      },
      {
        "text": "steam",
        "alias": "GeneralFeatures",
        "meta": "@GeneralFeatures",
        "userDefined": false
      },
      {
        "text": " ",
        "userDefined": false
      },
      {
        "text": "dryer",
        "alias": "Appliance",
        "meta": "@Appliance",
        "userDefined": false
      },
      {
        "text": " ? ",
        "userDefined": false
      },
      {
        "text": "yes",
        "alias": "GeneralFeatures",
        "meta": "@GeneralFeatures",
        "userDefined": false
      }
    ],
    "isTemplate": false,
    "count": 0,
    "updated": 0
  },
  {
    "id": "4b6b7cbd-e609-4917-8e8e-835a064d186e",
    "data": [
      {
        "text": "do you have ",
        "userDefined": false
      },
      {
        "text": "ventless",
        "alias": "VentType",
        "meta": "@VentType",
        "userDefined": false
      },
      {
        "text": " ",
        "userDefined": false
      },
      {
        "text": "dryer",
        "alias": "Appliance",
        "meta": "@Appliance",
        "userDefined": false
      },
      {
        "text": "?",
        "userDefined": false
      },
      {
        "text": "yes",
        "alias": "GeneralFeatures",
        "meta": "@GeneralFeatures",
        "userDefined": false
      }
    ],
    "isTemplate": false,
    "count": 0,
    "updated": 0
  },
  {
    "id": "bbf7fa29-77e3-4768-b349-c149e202e5ff",
    "data": [
      {
        "text": "what ",
        "userDefined": false
      },
      {
        "text": "capacity",
        "alias": "FilterList",
        "meta": "@FilterList",
        "userDefined": false
      },
      {
        "text": " do i need for ",
        "userDefined": false
      },
      {
        "text": "large family",
        "alias": "Size",
        "meta": "@Size",
        "userDefined": false
      },
      {
        "text": " ?",
        "userDefined": false
      }
    ],
    "isTemplate": false,
    "count": 0,
    "updated": 0
  },
  {
    "id": "1e17075a-ab1a-4b93-ad19-ee5a898e0c60",
    "data": [
      {
        "text": "what is the ",
        "userDefined": false
      },
      {
        "text": "key feature",
        "alias": "FilterList",
        "meta": "@FilterList",
        "userDefined": true
      },
      {
        "text": " that you are looking for ? ",
        "userDefined": false
      },
      {
        "text": "Digital Cycle Countdown",
        "alias": "GeneralFeatures",
        "meta": "@GeneralFeatures",
        "userDefined": true
      }
    ],
    "isTemplate": false,
    "count": 0,
    "updated": 0
  },
  {
    "id": "a7e20bcc-6a8e-4431-8c7b-60f2b08df7f8",
    "data": [
      {
        "text": "which ",
        "userDefined": false
      },
      {
        "text": "capacity",
        "alias": "FilterList",
        "meta": "@FilterList",
        "userDefined": false
      },
      {
        "text": " are you interested?",
        "userDefined": false
      }
    ],
    "isTemplate": false,
    "count": 0,
    "updated": 0
  },
  {
    "id": "ac7c4f18-eb43-4eeb-9a1d-cd4622dd491d",
    "data": [
      {
        "text": "Are you looking for any specific ",
        "userDefined": false
      },
      {
        "text": "brand",
        "alias": "FilterList",
        "meta": "@FilterList",
        "userDefined": false
      },
      {
        "text": "?",
        "userDefined": false
      }
    ],
    "isTemplate": false,
    "count": 0,
    "updated": 0
  },
  {
    "id": "5ac74096-263b-43f6-8a44-6eea27b89669",
    "data": [
      {
        "text": "Are you looking for any ",
        "userDefined": false
      },
      {
        "text": "brand",
        "alias": "FilterList",
        "meta": "@FilterList",
        "userDefined": false
      },
      {
        "text": " ? ",
        "userDefined": false
      },
      {
        "text": "Samsung",
        "alias": "Brand",
        "meta": "@Brand",
        "userDefined": false
      }
    ],
    "isTemplate": false,
    "count": 0,
    "updated": 0
  },
  {
    "id": "86720fd1-dd03-4886-8ad6-1627ea1d3d93",
    "data": [
      {
        "text": "What kind of ",
        "userDefined": false
      },
      {
        "text": "door style",
        "alias": "FilterList",
        "meta": "@FilterList",
        "userDefined": false
      },
      {
        "text": " you are looking in",
        "userDefined": false
      }
    ],
    "isTemplate": false,
    "count": 0,
    "updated": 0
  },
  {
    "id": "d7ba34c5-eee6-4bac-b6da-0efa8ffa96ce",
    "data": [
      {
        "text": "5 star only",
        "alias": "ReviewRating",
        "meta": "@ReviewRating",
        "userDefined": false
      }
    ],
    "isTemplate": false,
    "count": 0,
    "updated": 0
  },
  {
    "id": "809b4978-bcba-4101-a48a-e5980533762b",
    "data": [
      {
        "text": "under $600",
        "meta": "@sys.ignore",
        "userDefined": false
      }
    ],
    "isTemplate": false,
    "count": 0,
    "updated": 0
  },
  {
    "id": "adcca4d8-7bef-408f-b562-07cad4bacd42",
    "data": [
      {
        "text": "looking ",
        "userDefined": false
      },
      {
        "text": "Chrome",
        "alias": "ColorFinishFamily",
        "meta": "@ColorFinishFamily",
        "userDefined": true
      },
      {
        "text": " ",
        "userDefined": false
      },
      {
        "text": "dryers",
        "alias": "Appliance",
        "meta": "@Appliance",
        "userDefined": true
      }
    ],
    "isTemplate": false,
    "count": 0,
    "updated": 0
  },
  {
    "id": "7881a11f-2cdf-4acb-8371-b7172131cd3c",
    "data": [
      {
        "text": "energy star",
        "alias": "GeneralFeatures",
        "meta": "@GeneralFeatures",
        "userDefined": false
      }
    ],
    "isTemplate": false,
    "count": 0,
    "updated": 0
  },
  {
    "id": "bb35e569-aba2-4bc7-ac50-fe7802ffb9aa",
    "data": [
      {
        "text": "no steam",
        "alias": "GeneralFeatures",
        "meta": "@GeneralFeatures",
        "userDefined": false
      }
    ],
    "isTemplate": false,
    "count": 0,
    "updated": 0
  },
  {
    "id": "06c8d23f-c489-4444-8b26-c58409675f7d",
    "data": [
      {
        "text": "not stackable",
        "alias": "Stackable",
        "meta": "@Stackable",
        "userDefined": false
      }
    ],
    "isTemplate": false,
    "count": 0,
    "updated": 0
  },
  {
    "id": "23b3b7e0-69eb-43e8-9829-d7e6f90c7150",
    "data": [
      {
        "text": "are you looking for ",
        "userDefined": false
      },
      {
        "text": "stainless steel drum",
        "alias": "TubMaterial",
        "meta": "@TubMaterial",
        "userDefined": false
      },
      {
        "text": " ? ",
        "userDefined": false
      },
      {
        "text": "yes",
        "alias": "GeneralFeatures",
        "meta": "@GeneralFeatures",
        "userDefined": false
      }
    ],
    "isTemplate": false,
    "count": 0,
    "updated": 0
  },
  {
    "id": "57db3be2-ee28-49d4-bd6a-3ebf968a71b1",
    "data": [
      {
        "text": "spin speed options",
        "alias": "GeneralFeatures",
        "meta": "@GeneralFeatures",
        "userDefined": false
      }
    ],
    "isTemplate": false,
    "count": 0,
    "updated": 0
  },
  {
    "id": "b3c5929e-420e-4075-8bea-3db21b8257c2",
    "data": [
      {
        "text": "electric",
        "alias": "Type",
        "meta": "@Type",
        "userDefined": false
      }
    ],
    "isTemplate": false,
    "count": 0,
    "updated": 0
  },
  {
    "id": "86eb2ba3-91f9-4c10-b437-4582df004b2c",
    "data": [
      {
        "text": "Right Swing",
        "alias": "DoorSwingStyle",
        "meta": "@DoorSwingStyle",
        "userDefined": true
      }
    ],
    "isTemplate": false,
    "count": 0,
    "updated": 0
  },
  {
    "id": "197d290d-df42-4184-9e21-02539dd028e5",
    "data": [
      {
        "text": "compact model",
        "alias": "Model",
        "meta": "@Model",
        "userDefined": false
      },
      {
        "text": " ",
        "userDefined": false
      },
      {
        "text": "dryer",
        "alias": "Appliance",
        "meta": "@Appliance",
        "userDefined": false
      }
    ],
    "isTemplate": false,
    "count": 0,
    "updated": 0
  },
  {
    "id": "c6a481a8-e98c-4078-85a3-e6a703875b3d",
    "data": [
      {
        "text": "240 volts",
        "alias": "Voltage",
        "meta": "@Voltage",
        "userDefined": false
      }
    ],
    "isTemplate": false,
    "count": 0,
    "updated": 0
  },
  {
    "id": "f1d3ac04-91ee-409a-be88-4b9b08cdaf30",
    "data": [
      {
        "text": "Front Load Matching",
        "alias": "LoadType",
        "meta": "@LoadType",
        "userDefined": true
      }
    ],
    "isTemplate": false,
    "count": 0,
    "updated": 0
  },
  {
    "id": "55323427-3d69-48d3-8f61-edacfbd1ebb0",
    "data": [
      {
        "text": "right side lint filter",
        "alias": "GeneralFeatures",
        "meta": "@GeneralFeatures",
        "userDefined": true
      }
    ],
    "isTemplate": false,
    "count": 0,
    "updated": 0
  },
  {
    "id": "1e747835-21f0-46c8-8e29-9f86f99cd995",
    "data": [
      {
        "text": "Powder-Coated Steel Drum",
        "alias": "TubMaterial",
        "meta": "@TubMaterial",
        "userDefined": false
      }
    ],
    "isTemplate": false,
    "count": 0,
    "updated": 0
  },
  {
    "id": "05eeecd5-0a51-46de-9986-ef285c54c1e4",
    "data": [
      {
        "text": "looking for a ",
        "userDefined": false
      },
      {
        "text": "dryer",
        "alias": "Appliance",
        "meta": "@Appliance",
        "userDefined": false
      },
      {
        "text": " for ",
        "userDefined": false
      },
      {
        "text": "four member",
        "alias": "Size",
        "meta": "@Size",
        "userDefined": false
      },
      {
        "text": " family",
        "userDefined": false
      }
    ],
    "isTemplate": false,
    "count": 0,
    "updated": 0
  },
  {
    "id": "9c0cc463-a560-4863-bec8-e797056714c0",
    "data": [
      {
        "text": "which ",
        "userDefined": false
      },
      {
        "text": "brand",
        "alias": "FilterList",
        "meta": "@FilterList",
        "userDefined": false
      },
      {
        "text": " is available ?",
        "userDefined": false
      }
    ],
    "isTemplate": false,
    "count": 0,
    "updated": 0
  },
  {
    "id": "b48be2c0-5ce6-41fa-a91e-ede7ae916625",
    "data": [
      {
        "text": "5.5 cu. ft.",
        "alias": "Capacity",
        "meta": "@Capacity",
        "userDefined": false
      }
    ],
    "isTemplate": false,
    "count": 0,
    "updated": 0
  },
  {
    "id": "6671f821-95a9-4fb8-88cf-13395d2faee1",
    "data": [
      {
        "text": "dryers",
        "alias": "Appliance",
        "meta": "@Appliance",
        "userDefined": false
      },
      {
        "text": " ",
        "userDefined": false
      },
      {
        "text": "under $600",
        "meta": "@sys.ignore",
        "userDefined": false
      }
    ],
    "isTemplate": false,
    "count": 0,
    "updated": 0
  },
  {
    "id": "301b97ce-6e71-475b-8262-0c86dac3afa9",
    "data": [
      {
        "text": "Black Stainless Steel",
        "alias": "ColorFinishFamily",
        "meta": "@ColorFinishFamily",
        "userDefined": true
      }
    ],
    "isTemplate": false,
    "count": 1,
    "updated": 0
  },
  {
    "id": "84e0545b-c8c6-4e23-ba51-2851705b8cba",
    "data": [
      {
        "text": "Aluminized Alloy Steel Drum",
        "alias": "TubMaterial",
        "meta": "@TubMaterial",
        "userDefined": false
      }
    ],
    "isTemplate": false,
    "count": 0,
    "updated": 0
  },
  {
    "id": "f5638e6a-03ee-4578-b852-d2cf00dfc631",
    "data": [
      {
        "text": "wi fi connectivity",
        "alias": "GeneralFeatures",
        "meta": "@GeneralFeatures",
        "userDefined": false
      }
    ],
    "isTemplate": false,
    "count": 0,
    "updated": 0
  },
  {
    "id": "9b623dd7-29b3-4acf-afef-2debb296c1b9",
    "data": [
      {
        "text": "small",
        "alias": "Size",
        "meta": "@Size",
        "userDefined": true
      },
      {
        "text": " ",
        "userDefined": false
      },
      {
        "text": "lint filter",
        "alias": "GeneralFeatures",
        "meta": "@GeneralFeatures",
        "userDefined": true
      },
      {
        "text": " in ",
        "userDefined": false
      },
      {
        "text": "Black Stainless Steel",
        "alias": "ColorFinishFamily",
        "meta": "@ColorFinishFamily",
        "userDefined": true
      }
    ],
    "isTemplate": false,
    "count": 0,
    "updated": 0
  },
  {
    "id": "9421132a-29e4-4db8-b7f3-c0b8daeaad1a",
    "data": [
      {
        "text": "Control Sounds On/Off",
        "alias": "GeneralFeatures",
        "meta": "@GeneralFeatures",
        "userDefined": true
      }
    ],
    "isTemplate": false,
    "count": 0,
    "updated": 0
  },
  {
    "id": "b37fb9a0-cf07-489e-a281-5170d67237ed",
    "data": [
      {
        "text": "Interior Light",
        "alias": "GeneralFeatures",
        "meta": "@GeneralFeatures",
        "userDefined": false
      },
      {
        "text": ",",
        "userDefined": false
      },
      {
        "text": "Remote Diagnostics",
        "alias": "GeneralFeatures",
        "meta": "@GeneralFeatures",
        "userDefined": false
      },
      {
        "text": " ",
        "userDefined": false
      },
      {
        "text": "dryer",
        "alias": "Appliance",
        "meta": "@Appliance",
        "userDefined": true
      }
    ],
    "isTemplate": false,
    "count": 0,
    "updated": 0
  },
  {
    "id": "9abe0272-c505-4c67-94aa-e40bbb06ef91",
    "data": [
      {
        "text": "Digital Cycle Countdown",
        "alias": "GeneralFeatures",
        "meta": "@GeneralFeatures",
        "userDefined": true
      }
    ],
    "isTemplate": false,
    "count": 0,
    "updated": 0
  },
  {
    "id": "cfa59005-b0ad-4c8e-b60d-ebf79231eac9",
    "data": [
      {
        "text": "25 in.",
        "alias": "Dimension",
        "meta": "@Dimension",
        "userDefined": false
      }
    ],
    "isTemplate": false,
    "count": 0,
    "updated": 0
  },
  {
    "id": "dfa70be2-6a4f-4306-a627-d30a8da0f282",
    "data": [
      {
        "text": "Vented",
        "alias": "VentType",
        "meta": "@VentType",
        "userDefined": false
      }
    ],
    "isTemplate": false,
    "count": 0,
    "updated": 0
  },
  {
    "id": "e09a4047-461b-41e8-b0ff-2795811e837e",
    "data": [
      {
        "text": "7.35 cu. ft.",
        "alias": "Capacity",
        "meta": "@Capacity",
        "userDefined": false
      }
    ],
    "isTemplate": false,
    "count": 0,
    "updated": 0
  },
  {
    "id": "27f3ee55-934b-47c9-8996-e8937a53cb78",
    "data": [
      {
        "text": "Gas",
        "alias": "Type",
        "meta": "@Type",
        "userDefined": false
      },
      {
        "text": " ",
        "userDefined": false
      },
      {
        "text": "dryers",
        "alias": "Appliance",
        "meta": "@Appliance",
        "userDefined": true
      }
    ],
    "isTemplate": false,
    "count": 0,
    "updated": 0
  },
  {
    "id": "4521db65-671a-4b8e-aec5-ebac319b4041",
    "data": [
      {
        "text": "Deco by Equator",
        "alias": "Brand",
        "meta": "@Brand",
        "userDefined": true
      }
    ],
    "isTemplate": false,
    "count": 0,
    "updated": 0
  },
  {
    "id": "5d943ea3-2819-4e58-a01c-e9d3629d31d9",
    "data": [
      {
        "text": "Dryers",
        "alias": "Appliance",
        "meta": "@Appliance",
        "userDefined": false
      }
    ],
    "isTemplate": false,
    "count": 0,
    "updated": 0
  }
]