[
  {
    "id": "b908d17f-1337-4bc8-8843-b6d5e7a9c6e9",
    "data": [
      {
        "text": "what is the minimum ",
        "userDefined": false
      },
      {
        "text": "width",
        "alias": "FilterList",
        "meta": "@FilterList",
        "userDefined": false
      },
      {
        "text": " that you are looking for?",
        "userDefined": false
      }
    ],
    "isTemplate": false,
    "count": 0,
    "updated": 0
  },
  {
    "id": "cf737532-2e9f-47e5-861a-f10e9f6cd294",
    "data": [
      {
        "text": "dont",
        "alias": "GeneralFeatures",
        "meta": "@GeneralFeatures",
        "userDefined": false
      },
      {
        "text": " want ",
        "userDefined": false
      },
      {
        "text": "white",
        "alias": "ColorFinishFamily",
        "meta": "@ColorFinishFamily",
        "userDefined": false
      }
    ],
    "isTemplate": false,
    "count": 0,
    "updated": 0
  },
  {
    "id": "52cce4ca-1264-42e5-9914-37f7be3aaf4d",
    "data": [
      {
        "text": "Are you looking for any specific ",
        "userDefined": false
      },
      {
        "text": "features",
        "alias": "FilterList",
        "meta": "@FilterList",
        "userDefined": false
      },
      {
        "text": "?",
        "userDefined": false
      }
    ],
    "isTemplate": false,
    "count": 0,
    "updated": 0
  },
  {
    "id": "c5fb49d8-c6da-446c-9196-42df34017d85",
    "data": [
      {
        "text": "Shutoff Valve",
        "alias": "InstallationInstructions",
        "meta": "@InstallationInstructions",
        "userDefined": false
      }
    ],
    "isTemplate": false,
    "count": 0,
    "updated": 0
  },
  {
    "id": "a797be9b-b19b-414c-a21f-e505cab89e65",
    "data": [
      {
        "text": "No space not available",
        "alias": "Type",
        "meta": "@Type",
        "userDefined": false
      }
    ],
    "isTemplate": false,
    "count": 0,
    "updated": 0
  },
  {
    "id": "1f950caf-a88c-4ece-8464-2dd1a22d08a6",
    "data": [
      {
        "text": "Yes",
        "alias": "GeneralFeatures",
        "meta": "@GeneralFeatures",
        "userDefined": false
      },
      {
        "text": ", What are the ",
        "userDefined": false
      },
      {
        "text": "dimensions",
        "alias": "FilterList",
        "meta": "@FilterList",
        "userDefined": false
      },
      {
        "text": "?",
        "userDefined": false
      }
    ],
    "isTemplate": false,
    "count": 0,
    "updated": 0
  },
  {
    "id": "1dfa6ab7-bf2d-4b1a-8b7d-6ce836a66f88",
    "data": [
      {
        "text": "family size",
        "alias": "FilterList",
        "meta": "@FilterList",
        "userDefined": false
      }
    ],
    "isTemplate": false,
    "count": 0,
    "updated": 0
  },
  {
    "id": "e53ff3f7-2474-4efe-aea6-9001666e6c35",
    "data": [
      {
        "text": "24 inches deep",
        "alias": "Dimension",
        "meta": "@Dimension",
        "userDefined": false
      }
    ],
    "isTemplate": false,
    "count": 0,
    "updated": 0
  },
  {
    "id": "b43bb446-9710-4539-aae5-b22bdf9be484",
    "data": [
      {
        "text": "Bi-weekly",
        "alias": "Frequency",
        "meta": "@Frequency",
        "userDefined": false
      }
    ],
    "isTemplate": false,
    "count": 0,
    "updated": 0
  },
  {
    "id": "8da07fe1-552a-46a5-aa34-a848c886054b",
    "data": [
      {
        "text": "i am looking for ",
        "userDefined": false
      },
      {
        "text": "countertop",
        "alias": "Type",
        "meta": "@Type",
        "userDefined": false
      },
      {
        "text": " ",
        "userDefined": false
      },
      {
        "text": "dishwasher",
        "alias": "Appliance",
        "meta": "@Appliance",
        "userDefined": true
      },
      {
        "text": ".",
        "userDefined": false
      }
    ],
    "isTemplate": false,
    "count": 0,
    "updated": 0
  },
  {
    "id": "fd8ed1f6-c029-4663-82a1-4ffdc92d1a30",
    "data": [
      {
        "text": "i am looking for ",
        "userDefined": false
      },
      {
        "text": "countertop",
        "alias": "Type",
        "meta": "@Type",
        "userDefined": false
      }
    ],
    "isTemplate": false,
    "count": 0,
    "updated": 0
  },
  {
    "id": "ff66e384-39ba-46a9-a462-f4aa553e73e4",
    "data": [
      {
        "text": "front control",
        "alias": "ControlLocation",
        "meta": "@ControlLocation",
        "userDefined": true
      },
      {
        "text": " ",
        "userDefined": false
      },
      {
        "text": "samsung",
        "alias": "Brand",
        "meta": "@Brand",
        "userDefined": true
      },
      {
        "text": " ",
        "userDefined": false
      },
      {
        "text": "countertop",
        "alias": "Type",
        "meta": "@Type",
        "userDefined": true
      },
      {
        "text": " ",
        "userDefined": false
      },
      {
        "text": "dishwasher",
        "alias": "Appliance",
        "meta": "@Appliance",
        "userDefined": true
      }
    ],
    "isTemplate": false,
    "count": 0,
    "updated": 0
  },
  {
    "id": "1d84ad48-6060-478a-8162-eba7e4b3578d",
    "data": [
      {
        "text": "black",
        "alias": "ColorFinishFamily",
        "meta": "@ColorFinishFamily",
        "userDefined": false
      },
      {
        "text": " ",
        "userDefined": false
      },
      {
        "text": "front control",
        "alias": "ControlLocation",
        "meta": "@ControlLocation",
        "userDefined": false
      },
      {
        "text": " ",
        "userDefined": false
      },
      {
        "text": "dishwasher",
        "alias": "Appliance",
        "meta": "@Appliance",
        "userDefined": false
      },
      {
        "text": " ",
        "userDefined": false
      },
      {
        "text": "samsung",
        "alias": "Brand",
        "meta": "@Brand",
        "userDefined": false
      }
    ],
    "isTemplate": false,
    "count": 0,
    "updated": 0
  },
  {
    "id": "6798c705-a1c3-4fd8-90ff-465bfa0cc524",
    "data": [
      {
        "text": "couple",
        "alias": "FamilySize",
        "meta": "@FamilySize",
        "userDefined": true
      }
    ],
    "isTemplate": false,
    "count": 0,
    "updated": 0
  },
  {
    "id": "0499ccc2-2f53-4a4d-ba4b-94d10a847f4a",
    "data": [
      {
        "text": "How many people are in your ",
        "userDefined": false
      },
      {
        "text": "family",
        "alias": "FilterList",
        "meta": "@FilterList",
        "userDefined": false
      },
      {
        "text": "?",
        "userDefined": false
      }
    ],
    "isTemplate": false,
    "count": 0,
    "updated": 0
  },
  {
    "id": "1c1102b1-0d22-4a37-8935-74fa47e6ba36",
    "data": [
      {
        "text": "i\u0027m looking for ",
        "userDefined": false
      },
      {
        "text": "dishwasher",
        "alias": "Appliance",
        "meta": "@Appliance",
        "userDefined": false
      }
    ],
    "isTemplate": false,
    "count": 0,
    "updated": 0
  },
  {
    "id": "15255a39-7fa9-44e8-9ef6-b1977671c5f4",
    "data": [
      {
        "text": "i am looking for ",
        "userDefined": false
      },
      {
        "text": "dishwasher",
        "alias": "Appliance",
        "meta": "@Appliance",
        "userDefined": false
      }
    ],
    "isTemplate": false,
    "count": 0,
    "updated": 0
  },
  {
    "id": "b47265ea-0a48-47a0-9df8-7aa512796663",
    "data": [
      {
        "text": "looking for ",
        "userDefined": false
      },
      {
        "text": "best rated",
        "alias": "ReviewRating",
        "meta": "@ReviewRating",
        "userDefined": true
      },
      {
        "text": " ",
        "userDefined": false
      },
      {
        "text": "one",
        "alias": "Number",
        "meta": "@sys.number",
        "userDefined": false
      },
      {
        "text": ".",
        "userDefined": false
      }
    ],
    "isTemplate": false,
    "count": 0,
    "updated": 0
  },
  {
    "id": "f0697b3c-1e4b-40ef-8349-95612bfcf930",
    "data": [
      {
        "text": "are you looking for ",
        "userDefined": false
      },
      {
        "text": "tall tub",
        "alias": "GeneralFeatures",
        "meta": "@GeneralFeatures",
        "userDefined": false
      },
      {
        "text": " ?",
        "userDefined": false
      }
    ],
    "isTemplate": false,
    "count": 0,
    "updated": 0
  },
  {
    "id": "52520747-1da8-46cc-9ec8-a2ff6fe1b603",
    "data": [
      {
        "text": "do you have ",
        "userDefined": false
      },
      {
        "text": "good deals",
        "alias": "GeneralFeatures",
        "meta": "@GeneralFeatures",
        "userDefined": false
      },
      {
        "text": " to buy ",
        "userDefined": false
      },
      {
        "text": "dishwasher",
        "alias": "Appliance",
        "meta": "@Appliance",
        "userDefined": false
      },
      {
        "text": "?",
        "userDefined": false
      }
    ],
    "isTemplate": false,
    "count": 0,
    "updated": 0
  },
  {
    "id": "77e91fed-0c2f-4f7b-a17a-18d6eb8e6df8",
    "data": [
      {
        "text": "Which ",
        "userDefined": false
      },
      {
        "text": "colour",
        "alias": "FilterList",
        "meta": "@FilterList",
        "userDefined": false
      },
      {
        "text": " are you looking for? ",
        "userDefined": false
      },
      {
        "text": "bisque",
        "alias": "ColorFinishFamily",
        "meta": "@ColorFinishFamily",
        "userDefined": false
      }
    ],
    "isTemplate": false,
    "count": 1,
    "updated": 0
  },
  {
    "id": "25eb633e-6e7d-4523-8a43-419d0d055a2c",
    "data": [
      {
        "text": "tub to last long",
        "alias": "FilterList",
        "meta": "@FilterList",
        "userDefined": false
      }
    ],
    "isTemplate": false,
    "count": 0,
    "updated": 0
  },
  {
    "id": "344a58e8-3b36-43c4-a62b-353d4f9127bc",
    "data": [
      {
        "text": "standard wash",
        "alias": "Cycles",
        "meta": "@Cycles",
        "userDefined": false
      }
    ],
    "isTemplate": false,
    "count": 0,
    "updated": 0
  },
  {
    "id": "c6ce904e-8da0-4436-9c28-6a217673a810",
    "data": [
      {
        "text": "do you ",
        "userDefined": false
      },
      {
        "text": "relocate",
        "alias": "FilterList",
        "meta": "@FilterList",
        "userDefined": false
      },
      {
        "text": "? ",
        "userDefined": false
      },
      {
        "text": "yes",
        "alias": "GeneralFeatures",
        "meta": "@GeneralFeatures",
        "userDefined": false
      }
    ],
    "isTemplate": false,
    "count": 0,
    "updated": 0
  },
  {
    "id": "adc7e75a-ddbe-4635-b3c2-4f75a33cc4dc",
    "data": [
      {
        "text": "are you looking for specific width? ",
        "userDefined": false
      },
      {
        "text": "23.75",
        "alias": "Number",
        "meta": "@sys.number",
        "userDefined": false
      }
    ],
    "isTemplate": false,
    "count": 0,
    "updated": 0
  },
  {
    "id": "464414b6-a46b-4208-b60f-a8150afda993",
    "data": [
      {
        "text": "23.75",
        "alias": "Number",
        "meta": "@sys.number",
        "userDefined": true
      }
    ],
    "isTemplate": false,
    "count": 0,
    "updated": 0
  },
  {
    "id": "ccda0c0a-c305-4607-93bd-b016494bfee4",
    "data": [
      {
        "text": "one",
        "alias": "Number",
        "meta": "@sys.number",
        "userDefined": true
      }
    ],
    "isTemplate": false,
    "count": 0,
    "updated": 0
  },
  {
    "id": "d2053da7-6317-40be-bed5-daf0dbcf8a62",
    "data": [
      {
        "text": "23",
        "alias": "Number",
        "meta": "@sys.number",
        "userDefined": true
      }
    ],
    "isTemplate": false,
    "count": 0,
    "updated": 0
  },
  {
    "id": "dd3623ba-2e5b-43e6-b9d9-8daca7859afa",
    "data": [
      {
        "text": "delay start",
        "alias": "GeneralFeatures",
        "meta": "@GeneralFeatures",
        "userDefined": false
      }
    ],
    "isTemplate": false,
    "count": 0,
    "updated": 0
  },
  {
    "id": "7f975679-65d1-401a-bcef-3897d96790d2",
    "data": [
      {
        "text": "copper",
        "alias": "ColorFinishFamily",
        "meta": "@ColorFinishFamily",
        "userDefined": false
      }
    ],
    "isTemplate": false,
    "count": 0,
    "updated": 0
  },
  {
    "id": "19b43036-c650-4d1e-8321-e246379c7ca0",
    "data": [
      {
        "text": "bronze",
        "alias": "ColorFinishFamily",
        "meta": "@ColorFinishFamily",
        "userDefined": false
      }
    ],
    "isTemplate": false,
    "count": 1,
    "updated": 0
  },
  {
    "id": "95067c13-be10-47b4-899c-384b70d4f996",
    "data": [
      {
        "text": "Are you looking for ",
        "userDefined": false
      },
      {
        "text": "Silver",
        "alias": "ColorFinishFamily",
        "meta": "@ColorFinishFamily",
        "userDefined": false
      }
    ],
    "isTemplate": false,
    "count": 0,
    "updated": 0
  },
  {
    "id": "e7304c26-d5ae-4bb9-89e6-b26bddc73061",
    "data": [
      {
        "text": "yes",
        "alias": "GeneralFeatures",
        "meta": "@GeneralFeatures",
        "userDefined": false
      }
    ],
    "isTemplate": false,
    "count": 1,
    "updated": 0
  },
  {
    "id": "fea72202-3194-40f4-9077-9419ffd0610f",
    "data": [
      {
        "text": "dishwasher",
        "alias": "Appliance",
        "meta": "@Appliance",
        "userDefined": false
      },
      {
        "text": " ",
        "userDefined": false
      },
      {
        "text": "countertop",
        "alias": "Type",
        "meta": "@Type",
        "userDefined": false
      }
    ],
    "isTemplate": false,
    "count": 0,
    "updated": 0
  },
  {
    "id": "3151f95f-0992-4ba9-b3bb-3173d3028e0d",
    "data": [
      {
        "text": "can you show me a ",
        "userDefined": false
      },
      {
        "text": "dishwasher",
        "alias": "Appliance",
        "meta": "@Appliance",
        "userDefined": false
      },
      {
        "text": "?",
        "userDefined": false
      }
    ],
    "isTemplate": false,
    "count": 0,
    "updated": 0
  },
  {
    "id": "bef3eff4-695f-469c-a4e0-272f4c804188",
    "data": [
      {
        "text": "do you ",
        "userDefined": false
      },
      {
        "text": "have",
        "meta": "@sys.ignore",
        "userDefined": true
      },
      {
        "text": " ",
        "userDefined": false
      },
      {
        "text": "noiseless",
        "alias": "SoundRatingRange",
        "meta": "@SoundRatingRange",
        "userDefined": false
      },
      {
        "text": " ",
        "userDefined": false
      },
      {
        "text": "dishwasher",
        "alias": "Appliance",
        "meta": "@Appliance",
        "userDefined": false
      },
      {
        "text": "?",
        "userDefined": false
      }
    ],
    "isTemplate": false,
    "count": 0,
    "updated": 0
  },
  {
    "id": "e884ea07-22ad-467e-82a3-08cba86783e1",
    "data": [
      {
        "text": "i am looking for ",
        "userDefined": false
      },
      {
        "text": "high temperature wash",
        "alias": "WashDryOptions",
        "meta": "@WashDryOptions",
        "userDefined": false
      },
      {
        "text": " , ",
        "userDefined": false
      },
      {
        "text": "filtered water",
        "alias": "GeneralFeatures",
        "meta": "@GeneralFeatures",
        "userDefined": false
      },
      {
        "text": " ",
        "userDefined": false
      },
      {
        "text": "dishwasher",
        "alias": "Appliance",
        "meta": "@Appliance",
        "userDefined": false
      },
      {
        "text": " .",
        "userDefined": false
      }
    ],
    "isTemplate": false,
    "count": 0,
    "updated": 0
  },
  {
    "id": "d3123087-132b-4389-8639-f980ddc2c397",
    "data": [
      {
        "text": "What ",
        "userDefined": false
      },
      {
        "text": "Dishwasher cycles",
        "alias": "FilterList",
        "meta": "@FilterList",
        "userDefined": true
      },
      {
        "text": " are you looking for",
        "userDefined": false
      }
    ],
    "isTemplate": false,
    "count": 0,
    "updated": 0
  },
  {
    "id": "1c0ed637-434d-4a8b-b9dd-194ce049f000",
    "data": [
      {
        "text": "which ",
        "userDefined": false
      },
      {
        "text": "tub material",
        "alias": "FilterList",
        "meta": "@FilterList",
        "userDefined": true
      },
      {
        "text": " you preferred most",
        "userDefined": false
      }
    ],
    "isTemplate": false,
    "count": 0,
    "updated": 0
  },
  {
    "id": "a2e70276-fbf5-477b-acd1-02335da87bb8",
    "data": [
      {
        "text": "i am looking for low ",
        "userDefined": false
      },
      {
        "text": "width",
        "meta": "@sys.ignore",
        "userDefined": false
      },
      {
        "text": " ",
        "userDefined": false
      },
      {
        "text": "dishwasher",
        "alias": "Appliance",
        "meta": "@Appliance",
        "userDefined": false
      }
    ],
    "isTemplate": false,
    "count": 0,
    "updated": 0
  },
  {
    "id": "f3552270-221b-4c33-a429-b68294a51153",
    "data": [
      {
        "text": "i need a high ",
        "userDefined": false
      },
      {
        "text": "cost",
        "meta": "@sys.ignore",
        "userDefined": false
      },
      {
        "text": " ",
        "userDefined": false
      },
      {
        "text": "dishwasher",
        "alias": "Appliance",
        "meta": "@Appliance",
        "userDefined": false
      }
    ],
    "isTemplate": false,
    "count": 0,
    "updated": 0
  },
  {
    "id": "3004f6a8-5f93-4eda-b9f9-6b1296614eba",
    "data": [
      {
        "text": "most ",
        "userDefined": false
      },
      {
        "text": "reviewed",
        "meta": "@sys.ignore",
        "userDefined": false
      },
      {
        "text": " ",
        "userDefined": false
      },
      {
        "text": "dishwasher",
        "alias": "Appliance",
        "meta": "@Appliance",
        "userDefined": false
      }
    ],
    "isTemplate": false,
    "count": 0,
    "updated": 0
  },
  {
    "id": "13152666-59d4-4f54-a8e6-49e1e32a4a00",
    "data": [
      {
        "text": "best ",
        "userDefined": false
      },
      {
        "text": "rating",
        "meta": "@sys.ignore",
        "userDefined": false
      },
      {
        "text": " ",
        "userDefined": false
      },
      {
        "text": "dishwasher",
        "alias": "Appliance",
        "meta": "@Appliance",
        "userDefined": false
      }
    ],
    "isTemplate": false,
    "count": 0,
    "updated": 0
  },
  {
    "id": "2a4c4018-d666-4ea2-a4e9-27910ba45f2c",
    "data": [
      {
        "text": "i am looking for ",
        "userDefined": false
      },
      {
        "text": "special features",
        "meta": "@sys.ignore",
        "userDefined": false
      },
      {
        "text": " in ",
        "userDefined": false
      },
      {
        "text": "dishwasher",
        "alias": "Appliance",
        "meta": "@Appliance",
        "userDefined": false
      }
    ],
    "isTemplate": false,
    "count": 0,
    "updated": 0
  },
  {
    "id": "5784af28-a812-4366-b5d0-c0a2c3ef6848",
    "data": [
      {
        "text": "how often",
        "alias": "FilterList",
        "meta": "@FilterList",
        "userDefined": true
      },
      {
        "text": " will you clean",
        "userDefined": false
      }
    ],
    "isTemplate": false,
    "count": 0,
    "updated": 0
  },
  {
    "id": "fb8b4f84-e2fb-4be6-a1f7-e080c9fdc8b2",
    "data": [
      {
        "text": "which ",
        "userDefined": false
      },
      {
        "text": "brands",
        "alias": "FilterList",
        "meta": "@FilterList",
        "userDefined": true
      },
      {
        "text": " are available",
        "userDefined": false
      }
    ],
    "isTemplate": false,
    "count": 0,
    "updated": 0
  },
  {
    "id": "3e2e06a5-a7ea-4473-b0e3-5e2a2bf81e4e",
    "data": [
      {
        "text": "are you preferring ",
        "userDefined": false
      },
      {
        "text": "plastic tub",
        "alias": "TubMaterial",
        "meta": "@TubMaterial",
        "userDefined": true
      },
      {
        "text": " material?",
        "userDefined": false
      },
      {
        "text": "No",
        "alias": "GeneralFeatures",
        "meta": "@GeneralFeatures",
        "userDefined": true
      }
    ],
    "isTemplate": false,
    "count": 0,
    "updated": 0
  },
  {
    "id": "2ffee8c7-996c-4097-bda9-d63ee171fb47",
    "data": [
      {
        "text": "would you like to explore ",
        "userDefined": false
      },
      {
        "text": "hidden controls",
        "alias": "GeneralFeatures",
        "meta": "@GeneralFeatures",
        "userDefined": false
      },
      {
        "text": ",",
        "userDefined": false
      },
      {
        "text": "fingerprint resistant",
        "alias": "GeneralFeatures",
        "meta": "@GeneralFeatures",
        "userDefined": false
      },
      {
        "text": " in ",
        "userDefined": false
      },
      {
        "text": "dishwasher",
        "alias": "Appliance",
        "meta": "@Appliance",
        "userDefined": false
      },
      {
        "text": "?",
        "userDefined": false
      }
    ],
    "isTemplate": false,
    "count": 0,
    "updated": 0
  },
  {
    "id": "3a1e312d-a9ee-464e-912e-15be823bced5",
    "data": [
      {
        "text": "do you want explore on ",
        "userDefined": false
      },
      {
        "text": "High Temperature Wash",
        "alias": "WashDryOptions",
        "meta": "@WashDryOptions",
        "userDefined": true
      },
      {
        "text": " option?",
        "userDefined": false
      }
    ],
    "isTemplate": false,
    "count": 0,
    "updated": 0
  },
  {
    "id": "9c855cfe-19c8-4dbc-b789-dc10b4167cc2",
    "data": [
      {
        "text": "is it the ",
        "userDefined": false
      },
      {
        "text": "Bottle Washing Sprayers",
        "alias": "GeneralFeatures",
        "meta": "@GeneralFeatures",
        "userDefined": false
      },
      {
        "text": " feature that you are looking for?",
        "userDefined": false
      }
    ],
    "isTemplate": false,
    "count": 0,
    "updated": 0
  },
  {
    "id": "92b00e2d-c91f-42fb-89f2-9682c54bf7a0",
    "data": [
      {
        "text": "would you like to explore its ",
        "userDefined": false
      },
      {
        "text": "hidden controls",
        "alias": "GeneralFeatures",
        "meta": "@GeneralFeatures",
        "userDefined": false
      },
      {
        "text": " feature?",
        "userDefined": false
      }
    ],
    "isTemplate": false,
    "count": 0,
    "updated": 0
  },
  {
    "id": "6e258344-bc3b-4a9e-b4fd-c6d0b1e798d6",
    "data": [
      {
        "text": "i prefer a ",
        "userDefined": false
      },
      {
        "text": "dishwasher",
        "alias": "Appliance",
        "meta": "@Appliance",
        "userDefined": true
      },
      {
        "text": " with ",
        "userDefined": false
      },
      {
        "text": "Quick Rinse",
        "alias": "WashDryOptions",
        "meta": "@WashDryOptions",
        "userDefined": true
      }
    ],
    "isTemplate": false,
    "count": 0,
    "updated": 0
  },
  {
    "id": "9a418044-1a38-4eff-957e-a4880b2f95c4",
    "data": [
      {
        "text": "i would like to buy a ",
        "userDefined": false
      },
      {
        "text": "dishwasher",
        "alias": "Appliance",
        "meta": "@Appliance",
        "userDefined": true
      },
      {
        "text": " with ",
        "userDefined": false
      },
      {
        "text": "Fingerprint Resistant",
        "alias": "GeneralFeatures",
        "meta": "@GeneralFeatures",
        "userDefined": true
      },
      {
        "text": "\n feature",
        "userDefined": false
      }
    ],
    "isTemplate": false,
    "count": 0,
    "updated": 0
  },
  {
    "id": "fec6c4f1-61ae-4706-ab6b-6979c56e4b84",
    "data": [
      {
        "text": "are you looking for ",
        "userDefined": false
      },
      {
        "text": "noiseless",
        "alias": "SoundRatingRange",
        "meta": "@SoundRatingRange",
        "userDefined": false
      },
      {
        "text": " ",
        "userDefined": false
      },
      {
        "text": "dishwasher",
        "alias": "Appliance",
        "meta": "@Appliance",
        "userDefined": false
      },
      {
        "text": "? ",
        "userDefined": false
      },
      {
        "text": "yes",
        "alias": "GeneralFeatures",
        "meta": "@GeneralFeatures",
        "userDefined": false
      }
    ],
    "isTemplate": false,
    "count": 0,
    "updated": 0
  },
  {
    "id": "ac3098b8-f22a-4742-a3f3-882a69a70218",
    "data": [
      {
        "text": "i am looking for ",
        "userDefined": false
      },
      {
        "text": "white",
        "alias": "ColorFinishFamily",
        "meta": "@ColorFinishFamily",
        "userDefined": true
      },
      {
        "text": " ",
        "userDefined": false
      },
      {
        "text": "dishwasher",
        "alias": "Appliance",
        "meta": "@Appliance",
        "userDefined": false
      }
    ],
    "isTemplate": false,
    "count": 0,
    "updated": 0
  },
  {
    "id": "a1d6e3cb-399d-41eb-adbc-8beeb368b4a9",
    "data": [
      {
        "text": "do you have a ",
        "userDefined": false
      },
      {
        "text": "magic chef",
        "alias": "Brand",
        "meta": "@Brand",
        "userDefined": false
      },
      {
        "text": " ",
        "userDefined": false
      },
      {
        "text": "dishwasher",
        "alias": "Appliance",
        "meta": "@Appliance",
        "userDefined": false
      },
      {
        "text": "? ",
        "userDefined": false
      },
      {
        "text": "yes",
        "alias": "GeneralFeatures",
        "meta": "@GeneralFeatures",
        "userDefined": false
      }
    ],
    "isTemplate": false,
    "count": 0,
    "updated": 0
  },
  {
    "id": "0e51a645-03ed-48d8-b935-2a66afeedf41",
    "data": [
      {
        "text": "built in",
        "alias": "Type",
        "meta": "@Type",
        "userDefined": false
      },
      {
        "text": " ",
        "userDefined": false
      },
      {
        "text": "cafe",
        "alias": "Brand",
        "meta": "@Brand",
        "userDefined": false
      },
      {
        "text": " brand in the range of ",
        "userDefined": false
      },
      {
        "text": "$200 - $300",
        "meta": "@sys.ignore",
        "userDefined": true
      }
    ],
    "isTemplate": false,
    "count": 0,
    "updated": 0
  },
  {
    "id": "5e7f4917-80cc-4747-8e78-bc569e69b16c",
    "data": [
      {
        "text": "i am looking for a ",
        "userDefined": false
      },
      {
        "text": "dishwasher",
        "alias": "Appliance",
        "meta": "@Appliance",
        "userDefined": false
      },
      {
        "text": " to clean ",
        "userDefined": false
      },
      {
        "text": "delicate",
        "alias": "WashDryOptions",
        "meta": "@WashDryOptions",
        "userDefined": false
      },
      {
        "text": " items",
        "userDefined": false
      }
    ],
    "isTemplate": false,
    "count": 0,
    "updated": 0
  },
  {
    "id": "2351821f-3509-48a6-a949-48e748355056",
    "data": [
      {
        "text": "island or object in front of door",
        "alias": "InstallationInstructions",
        "meta": "@InstallationInstructions",
        "userDefined": false
      }
    ],
    "isTemplate": false,
    "count": 0,
    "updated": 0
  },
  {
    "id": "b5057901-6411-44af-802c-33a09cdeeb90",
    "data": [
      {
        "text": "Recessed Handle",
        "alias": "HandleType",
        "meta": "@HandleType",
        "userDefined": false
      },
      {
        "text": " ",
        "userDefined": false
      },
      {
        "text": "extra dry",
        "alias": "WashDryOptions",
        "meta": "@WashDryOptions",
        "userDefined": false
      },
      {
        "text": " ",
        "userDefined": false
      },
      {
        "text": "less noise",
        "alias": "SoundRatingRange",
        "meta": "@SoundRatingRange",
        "userDefined": false
      },
      {
        "text": " in ",
        "userDefined": false
      },
      {
        "text": "24 in.",
        "alias": "Dimension",
        "meta": "@Dimension",
        "userDefined": false
      }
    ],
    "isTemplate": false,
    "count": 0,
    "updated": 0
  },
  {
    "id": "9225e2de-f06c-4607-bd45-767a4205b334",
    "data": [
      {
        "text": "noiseless",
        "alias": "SoundRatingRange",
        "meta": "@SoundRatingRange",
        "userDefined": false
      },
      {
        "text": " ",
        "userDefined": false
      },
      {
        "text": "white",
        "alias": "ColorFinishFamily",
        "meta": "@ColorFinishFamily",
        "userDefined": false
      },
      {
        "text": " in ",
        "userDefined": false
      },
      {
        "text": "GE",
        "alias": "Brand",
        "meta": "@Brand",
        "userDefined": false
      },
      {
        "text": " in the range of ",
        "userDefined": false
      },
      {
        "text": "$500 - $600",
        "meta": "@sys.ignore",
        "userDefined": true
      }
    ],
    "isTemplate": false,
    "count": 0,
    "updated": 0
  },
  {
    "id": "83afb10c-3ed2-4164-aced-73d604d1439a",
    "data": [
      {
        "text": "built in",
        "alias": "Type",
        "meta": "@Type",
        "userDefined": false
      },
      {
        "text": " ",
        "userDefined": false
      },
      {
        "text": "front control",
        "alias": "ControlLocation",
        "meta": "@ControlLocation",
        "userDefined": true
      },
      {
        "text": " ",
        "userDefined": false
      },
      {
        "text": "black",
        "alias": "ColorFinishFamily",
        "meta": "@ColorFinishFamily",
        "userDefined": false
      },
      {
        "text": " ",
        "userDefined": false
      },
      {
        "text": "stainless steel tub",
        "alias": "TubMaterial",
        "meta": "@TubMaterial",
        "userDefined": true
      },
      {
        "text": " ",
        "userDefined": false
      },
      {
        "text": "quick wash",
        "alias": "Cycles",
        "meta": "@Cycles",
        "userDefined": false
      }
    ],
    "isTemplate": false,
    "count": 0,
    "updated": 0
  },
  {
    "id": "a586f38d-8f32-4fc8-b129-7b6ef26e3b32",
    "data": [
      {
        "text": "bar handle",
        "alias": "HandleType",
        "meta": "@HandleType",
        "userDefined": false
      },
      {
        "text": " ",
        "userDefined": false
      },
      {
        "text": "16.435 inch height",
        "alias": "Dimension",
        "meta": "@Dimension",
        "userDefined": true
      },
      {
        "text": " ",
        "userDefined": false
      },
      {
        "text": "Automatic Temperature Control",
        "alias": "GeneralFeatures",
        "meta": "@GeneralFeatures",
        "userDefined": false
      },
      {
        "text": " ",
        "userDefined": false
      },
      {
        "text": "23.56 inch width",
        "alias": "Dimension",
        "meta": "@Dimension",
        "userDefined": true
      }
    ],
    "isTemplate": false,
    "count": 0,
    "updated": 0
  },
  {
    "id": "ee0b7cef-0796-4c67-a7a3-1510b5b04316",
    "data": [
      {
        "text": "i am preferred to buy ",
        "userDefined": false
      },
      {
        "text": "dishwasher",
        "alias": "Appliance",
        "meta": "@Appliance",
        "userDefined": false
      },
      {
        "text": " in ",
        "userDefined": false
      },
      {
        "text": "black",
        "alias": "ColorFinishFamily",
        "meta": "@ColorFinishFamily",
        "userDefined": true
      },
      {
        "text": " colour for my ",
        "userDefined": false
      },
      {
        "text": "4 members",
        "alias": "FamilySize",
        "meta": "@FamilySize",
        "userDefined": false
      },
      {
        "text": " family",
        "userDefined": false
      }
    ],
    "isTemplate": false,
    "count": 0,
    "updated": 0
  },
  {
    "id": "7a2cb361-f493-4740-bc94-3cc5822f3599",
    "data": [
      {
        "text": "do you wash ",
        "userDefined": false
      },
      {
        "text": "delicate",
        "alias": "WashDryOptions",
        "meta": "@WashDryOptions",
        "userDefined": false
      },
      {
        "text": " items?",
        "userDefined": false
      }
    ],
    "isTemplate": false,
    "count": 0,
    "updated": 0
  },
  {
    "id": "ad781e3e-301e-4fc2-86a1-91f889239e59",
    "data": [
      {
        "text": "are you looking for washing ",
        "userDefined": false
      },
      {
        "text": "large",
        "alias": "FamilySize",
        "meta": "@FamilySize",
        "userDefined": false
      },
      {
        "text": " items like ",
        "userDefined": false
      },
      {
        "text": "pots and pans",
        "alias": "Cycles",
        "meta": "@Cycles",
        "userDefined": false
      },
      {
        "text": "?",
        "userDefined": false
      }
    ],
    "isTemplate": false,
    "count": 0,
    "updated": 0
  },
  {
    "id": "2dbb6eb8-f72b-40d1-87ad-43d11a3d2fe8",
    "data": [
      {
        "text": "i am interested in ",
        "userDefined": false
      },
      {
        "text": "stainless steel tub",
        "alias": "TubMaterial",
        "meta": "@TubMaterial",
        "userDefined": false
      }
    ],
    "isTemplate": false,
    "count": 0,
    "updated": 0
  },
  {
    "id": "5c494465-760d-4ddd-8089-06b661c2da3c",
    "data": [
      {
        "text": "i am looking for ",
        "userDefined": false
      },
      {
        "text": "front control",
        "alias": "ControlLocation",
        "meta": "@ControlLocation",
        "userDefined": false
      }
    ],
    "isTemplate": false,
    "count": 0,
    "updated": 0
  },
  {
    "id": "1d59fb7b-8522-4e88-8672-c9db47fae1b7",
    "data": [
      {
        "text": "interior light",
        "alias": "GeneralFeatures",
        "meta": "@GeneralFeatures",
        "userDefined": true
      },
      {
        "text": " ",
        "userDefined": false
      },
      {
        "text": "hard food disposer",
        "alias": "GeneralFeatures",
        "meta": "@GeneralFeatures",
        "userDefined": true
      },
      {
        "text": " ",
        "userDefined": false
      },
      {
        "text": "automatic temperature control",
        "alias": "GeneralFeatures",
        "meta": "@GeneralFeatures",
        "userDefined": true
      }
    ],
    "isTemplate": false,
    "count": 0,
    "updated": 0
  },
  {
    "id": "3ec79b75-87cc-4d51-9b4a-944d7e477fc1",
    "data": [
      {
        "text": "21 in.",
        "alias": "Dimension",
        "meta": "@Dimension",
        "userDefined": false
      },
      {
        "text": " ",
        "userDefined": false
      },
      {
        "text": "stainless steel tub",
        "alias": "TubMaterial",
        "meta": "@TubMaterial",
        "userDefined": false
      },
      {
        "text": " ",
        "userDefined": false
      },
      {
        "text": "panel ready",
        "alias": "GeneralFeatures",
        "meta": "@GeneralFeatures",
        "userDefined": false
      },
      {
        "text": " ",
        "userDefined": false
      },
      {
        "text": "dishwasher",
        "alias": "Appliance",
        "meta": "@Appliance",
        "userDefined": false
      }
    ],
    "isTemplate": false,
    "count": 0,
    "updated": 0
  },
  {
    "id": "081866d7-5de6-40e0-9325-207ed8ae9743",
    "data": [
      {
        "text": "bosch",
        "alias": "Brand",
        "meta": "@Brand",
        "userDefined": false
      },
      {
        "text": " ",
        "userDefined": false
      },
      {
        "text": "bisque",
        "alias": "ColorFinishFamily",
        "meta": "@ColorFinishFamily",
        "userDefined": false
      },
      {
        "text": " ",
        "userDefined": false
      },
      {
        "text": "pots and pans",
        "alias": "Cycles",
        "meta": "@Cycles",
        "userDefined": false
      },
      {
        "text": " ",
        "userDefined": false
      },
      {
        "text": "portable dishwasher",
        "alias": "Type",
        "meta": "@Type",
        "userDefined": false
      },
      {
        "text": " ",
        "userDefined": false
      },
      {
        "text": "with steam",
        "alias": "GeneralFeatures",
        "meta": "@GeneralFeatures",
        "userDefined": false
      },
      {
        "text": " ",
        "userDefined": false
      },
      {
        "text": "half load",
        "alias": "WashDryOptions",
        "meta": "@WashDryOptions",
        "userDefined": false
      }
    ],
    "isTemplate": false,
    "count": 0,
    "updated": 0
  },
  {
    "id": "c6561e20-0bbf-44c3-b0d6-bfb109b12639",
    "data": [
      {
        "text": "movable tines",
        "alias": "GeneralFeatures",
        "meta": "@GeneralFeatures",
        "userDefined": false
      },
      {
        "text": " ",
        "userDefined": false
      },
      {
        "text": "on wheels",
        "alias": "GeneralFeatures",
        "meta": "@GeneralFeatures",
        "userDefined": false
      },
      {
        "text": " ",
        "userDefined": false
      },
      {
        "text": "top control",
        "alias": "ControlLocation",
        "meta": "@ControlLocation",
        "userDefined": false
      },
      {
        "text": " ",
        "userDefined": false
      },
      {
        "text": "18 inch",
        "alias": "Dimension",
        "meta": "@Dimension",
        "userDefined": false
      },
      {
        "text": " ",
        "userDefined": false
      },
      {
        "text": "plastic tub",
        "alias": "TubMaterial",
        "meta": "@TubMaterial",
        "userDefined": false
      },
      {
        "text": " ",
        "userDefined": false
      },
      {
        "text": "dishwasher",
        "alias": "Appliance",
        "meta": "@Appliance",
        "userDefined": false
      }
    ],
    "isTemplate": false,
    "count": 0,
    "updated": 0
  },
  {
    "id": "1d63aabc-e307-4d99-80fb-48298bee0920",
    "data": [
      {
        "text": "Cardone Reman",
        "alias": "Brand",
        "meta": "@Brand",
        "userDefined": false
      },
      {
        "text": " ",
        "userDefined": false
      },
      {
        "text": "black stainless steel",
        "alias": "ColorFinishFamily",
        "meta": "@ColorFinishFamily",
        "userDefined": false
      },
      {
        "text": " ",
        "userDefined": false
      },
      {
        "text": "dishwasher",
        "alias": "Appliance",
        "meta": "@Appliance",
        "userDefined": false
      }
    ],
    "isTemplate": false,
    "count": 0,
    "updated": 0
  },
  {
    "id": "c45849a7-5020-4150-824c-a90f64f0beb5",
    "data": [
      {
        "text": "i ",
        "userDefined": false
      },
      {
        "text": "wash wine glasses",
        "alias": "WashDryOptions",
        "meta": "@WashDryOptions",
        "userDefined": true
      }
    ],
    "isTemplate": false,
    "count": 0,
    "updated": 0
  },
  {
    "id": "280c6f52-19b1-427f-a2fc-a73c0c862a27",
    "data": [
      {
        "text": "Yes wash water bottles",
        "alias": "WashDryOptions",
        "meta": "@WashDryOptions",
        "userDefined": false
      }
    ],
    "isTemplate": false,
    "count": 0,
    "updated": 0
  },
  {
    "id": "a43b2f26-5311-4c99-ac03-20e937cc713d",
    "data": [
      {
        "text": "No the water shutoff valve is not behind",
        "alias": "GeneralFeatures",
        "meta": "@GeneralFeatures",
        "userDefined": false
      }
    ],
    "isTemplate": false,
    "count": 0,
    "updated": 0
  },
  {
    "id": "5c4dd0fd-0022-4bbb-8dc3-5929a7096219",
    "data": [
      {
        "text": "black",
        "alias": "ColorFinishFamily",
        "meta": "@ColorFinishFamily",
        "userDefined": false
      },
      {
        "text": " ",
        "userDefined": false
      },
      {
        "text": "top control",
        "alias": "ControlLocation",
        "meta": "@ControlLocation",
        "userDefined": true
      },
      {
        "text": " ",
        "userDefined": false
      },
      {
        "text": "portable",
        "alias": "Type",
        "meta": "@Type",
        "userDefined": false
      },
      {
        "text": " ",
        "userDefined": false
      },
      {
        "text": "dishwasher",
        "alias": "Appliance",
        "meta": "@Appliance",
        "userDefined": true
      }
    ],
    "isTemplate": false,
    "count": 0,
    "updated": 0
  },
  {
    "id": "cddf3447-9769-4e85-a68d-a7ac475106b1",
    "data": [
      {
        "text": "Yes space available",
        "alias": "Type",
        "meta": "@Type",
        "userDefined": false
      }
    ],
    "isTemplate": false,
    "count": 0,
    "updated": 0
  },
  {
    "id": "3ff55981-bc13-45ab-be57-29b05bb399d3",
    "data": [
      {
        "text": "No do not relocate often",
        "alias": "Type",
        "meta": "@Type",
        "userDefined": false
      }
    ],
    "isTemplate": false,
    "count": 1,
    "updated": 0
  },
  {
    "id": "97cd5352-e650-45fc-8914-d32252027eb4",
    "data": [
      {
        "text": "18 inch",
        "alias": "Dimension",
        "meta": "@Dimension",
        "userDefined": false
      },
      {
        "text": " ",
        "userDefined": false
      },
      {
        "text": "bosch",
        "alias": "Brand",
        "meta": "@Brand",
        "userDefined": false
      },
      {
        "text": " ",
        "userDefined": false
      },
      {
        "text": "custom",
        "alias": "ColorFinishFamily",
        "meta": "@ColorFinishFamily",
        "userDefined": false
      },
      {
        "text": " ",
        "userDefined": false
      },
      {
        "text": "dishwasher",
        "alias": "Appliance",
        "meta": "@Appliance",
        "userDefined": false
      },
      {
        "text": " with ",
        "userDefined": false
      },
      {
        "text": "plastic tub",
        "alias": "TubMaterial",
        "meta": "@TubMaterial",
        "userDefined": false
      },
      {
        "text": " ",
        "userDefined": false
      },
      {
        "text": "panel ready",
        "alias": "GeneralFeatures",
        "meta": "@GeneralFeatures",
        "userDefined": false
      },
      {
        "text": " and ",
        "userDefined": false
      },
      {
        "text": "self cleaning filter",
        "alias": "GeneralFeatures",
        "meta": "@GeneralFeatures",
        "userDefined": true
      }
    ],
    "isTemplate": false,
    "count": 0,
    "updated": 0
  },
  {
    "id": "881e27ea-8001-46aa-bb18-870688f58b1a",
    "data": [
      {
        "text": "cycle status lights",
        "alias": "GeneralFeatures",
        "meta": "@GeneralFeatures",
        "userDefined": false
      },
      {
        "text": " and ",
        "userDefined": false
      },
      {
        "text": "filtered water",
        "alias": "GeneralFeatures",
        "meta": "@GeneralFeatures",
        "userDefined": false
      },
      {
        "text": " ",
        "userDefined": false
      },
      {
        "text": "dishwasher",
        "alias": "Appliance",
        "meta": "@Appliance",
        "userDefined": false
      }
    ],
    "isTemplate": false,
    "count": 0,
    "updated": 0
  },
  {
    "id": "1c457a7a-0d46-4b96-9aa8-85f9bd519493",
    "data": [
      {
        "text": "yes looking for an ",
        "userDefined": false
      },
      {
        "text": "energy efficient",
        "alias": "GeneralFeatures",
        "meta": "@GeneralFeatures",
        "userDefined": false
      },
      {
        "text": " model",
        "userDefined": false
      }
    ],
    "isTemplate": false,
    "count": 0,
    "updated": 0
  },
  {
    "id": "21ae9068-c90e-42f0-bcc2-c760386415d7",
    "data": [
      {
        "text": "$20 - $30",
        "meta": "@sys.ignore",
        "userDefined": false
      },
      {
        "text": " ",
        "userDefined": false
      },
      {
        "text": "dishwasher",
        "alias": "Appliance",
        "meta": "@Appliance",
        "userDefined": false
      }
    ],
    "isTemplate": false,
    "count": 0,
    "updated": 0
  },
  {
    "id": "a367e611-37bc-43e5-b1aa-5bc7bf157394",
    "data": [
      {
        "text": "platinum glass",
        "alias": "ColorFinishFamily",
        "meta": "@ColorFinishFamily",
        "userDefined": true
      },
      {
        "text": " ",
        "userDefined": false
      },
      {
        "text": "$1000 - $2000",
        "meta": "@sys.ignore",
        "userDefined": true
      },
      {
        "text": "  ",
        "userDefined": false
      },
      {
        "text": "GE",
        "alias": "Brand",
        "meta": "@Brand",
        "userDefined": true
      },
      {
        "text": " ",
        "userDefined": false
      },
      {
        "text": "dishwasher",
        "alias": "Appliance",
        "meta": "@Appliance",
        "userDefined": true
      }
    ],
    "isTemplate": false,
    "count": 0,
    "updated": 0
  },
  {
    "id": "ab4e86f5-9d83-4c00-8fdf-e0641a18e734",
    "data": [
      {
        "text": "butcher block top",
        "alias": "GeneralFeatures",
        "meta": "@GeneralFeatures",
        "userDefined": false
      },
      {
        "text": " ",
        "userDefined": false
      },
      {
        "text": "third rack",
        "alias": "GeneralFeatures",
        "meta": "@GeneralFeatures",
        "userDefined": false
      },
      {
        "text": " ",
        "userDefined": false
      },
      {
        "text": "hidden controls",
        "alias": "GeneralFeatures",
        "meta": "@GeneralFeatures",
        "userDefined": false
      },
      {
        "text": " with ",
        "userDefined": false
      },
      {
        "text": "special buys",
        "alias": "GeneralFeatures",
        "meta": "@GeneralFeatures",
        "userDefined": false
      },
      {
        "text": " ",
        "userDefined": false
      },
      {
        "text": "quiet",
        "alias": "SoundRatingRange",
        "meta": "@SoundRatingRange",
        "userDefined": false
      },
      {
        "text": " ",
        "userDefined": false
      },
      {
        "text": "without steam",
        "alias": "GeneralFeatures",
        "meta": "@GeneralFeatures",
        "userDefined": false
      },
      {
        "text": " ",
        "userDefined": false
      },
      {
        "text": "extra dry",
        "alias": "WashDryOptions",
        "meta": "@WashDryOptions",
        "userDefined": false
      },
      {
        "text": " ",
        "userDefined": false
      },
      {
        "text": "bronze",
        "alias": "ColorFinishFamily",
        "meta": "@ColorFinishFamily",
        "userDefined": false
      },
      {
        "text": " ",
        "userDefined": false
      },
      {
        "text": "dishwasher",
        "alias": "Appliance",
        "meta": "@Appliance",
        "userDefined": false
      }
    ],
    "isTemplate": false,
    "count": 0,
    "updated": 0
  },
  {
    "id": "622cfdca-9bb6-43e3-a307-d0a0b43bbf87",
    "data": [
      {
        "text": "bosch",
        "alias": "Brand",
        "meta": "@Brand",
        "userDefined": false
      },
      {
        "text": " ",
        "userDefined": false
      },
      {
        "text": "dishwasher",
        "alias": "Appliance",
        "meta": "@Appliance",
        "userDefined": false
      },
      {
        "text": " ",
        "userDefined": false
      },
      {
        "text": "eco",
        "alias": "Cycles",
        "meta": "@Cycles",
        "userDefined": false
      },
      {
        "text": " cycle with ",
        "userDefined": false
      },
      {
        "text": "eco features",
        "alias": "GeneralFeatures",
        "meta": "@GeneralFeatures",
        "userDefined": false
      }
    ],
    "isTemplate": false,
    "count": 0,
    "updated": 0
  },
  {
    "id": "5d6ba353-8ba9-40d3-be84-8f2c7ee0af2e",
    "data": [
      {
        "text": "24 inch",
        "alias": "Dimension",
        "meta": "@Dimension",
        "userDefined": true
      },
      {
        "text": "  ",
        "userDefined": false
      },
      {
        "text": "bisque",
        "alias": "ColorFinishFamily",
        "meta": "@ColorFinishFamily",
        "userDefined": false
      },
      {
        "text": " ",
        "userDefined": false
      },
      {
        "text": "dishwasher",
        "alias": "Appliance",
        "meta": "@Appliance",
        "userDefined": false
      },
      {
        "text": " of ",
        "userDefined": false
      },
      {
        "text": "GE",
        "alias": "Brand",
        "meta": "@Brand",
        "userDefined": false
      },
      {
        "text": " brand ",
        "userDefined": false
      },
      {
        "text": "in the range of $250 - $300",
        "meta": "@sys.ignore",
        "userDefined": true
      },
      {
        "text": " with a ",
        "userDefined": false
      },
      {
        "text": "recessed handle",
        "alias": "HandleType",
        "meta": "@HandleType",
        "userDefined": false
      }
    ],
    "isTemplate": false,
    "count": 0,
    "updated": 0
  },
  {
    "id": "27fdbbad-8aa3-42c5-b5fa-9737cff9552d",
    "data": [
      {
        "text": "32 inch",
        "alias": "Dimension",
        "meta": "@Dimension",
        "userDefined": false
      },
      {
        "text": " ",
        "userDefined": false
      },
      {
        "text": "thor kitchen",
        "alias": "Brand",
        "meta": "@Brand",
        "userDefined": false
      },
      {
        "text": " ",
        "userDefined": false
      },
      {
        "text": "metallic carbon",
        "alias": "ColorFinishFamily",
        "meta": "@ColorFinishFamily",
        "userDefined": false
      },
      {
        "text": " ",
        "userDefined": false
      },
      {
        "text": "extra dry",
        "alias": "WashDryOptions",
        "meta": "@WashDryOptions",
        "userDefined": false
      },
      {
        "text": " ",
        "userDefined": false
      },
      {
        "text": "dishwasher",
        "alias": "Appliance",
        "meta": "@Appliance",
        "userDefined": false
      },
      {
        "text": " ",
        "userDefined": false
      },
      {
        "text": "without steam",
        "alias": "GeneralFeatures",
        "meta": "@GeneralFeatures",
        "userDefined": false
      },
      {
        "text": " having ",
        "userDefined": false
      },
      {
        "text": "built-in hose",
        "alias": "GeneralFeatures",
        "meta": "@GeneralFeatures",
        "userDefined": false
      },
      {
        "text": " and ",
        "userDefined": false
      },
      {
        "text": "bottle washing sprayers",
        "alias": "GeneralFeatures",
        "meta": "@GeneralFeatures",
        "userDefined": false
      }
    ],
    "isTemplate": false,
    "count": 0,
    "updated": 0
  },
  {
    "id": "0ff1a39a-dcc9-45ae-b5a9-f9f3852ea2b2",
    "data": [
      {
        "text": "portable dishwasher",
        "alias": "Type",
        "meta": "@Type",
        "userDefined": false
      },
      {
        "text": " ",
        "userDefined": false
      },
      {
        "text": "daily",
        "alias": "Frequency",
        "meta": "@Frequency",
        "userDefined": false
      },
      {
        "text": " ",
        "userDefined": false
      },
      {
        "text": "medium",
        "alias": "FamilySize",
        "meta": "@FamilySize",
        "userDefined": true
      },
      {
        "text": " with ",
        "userDefined": false
      },
      {
        "text": "scoop handle",
        "alias": "HandleType",
        "meta": "@HandleType",
        "userDefined": false
      },
      {
        "text": " ",
        "userDefined": false
      },
      {
        "text": "quick wash",
        "alias": "Cycles",
        "meta": "@Cycles",
        "userDefined": false
      },
      {
        "text": " and which is the ",
        "userDefined": false
      },
      {
        "text": "quietest",
        "alias": "SoundRatingRange",
        "meta": "@SoundRatingRange",
        "userDefined": false
      }
    ],
    "isTemplate": false,
    "count": 0,
    "updated": 0
  },
  {
    "id": "442ac010-97b6-4bd1-b6ed-ca39af522491",
    "data": [
      {
        "text": "dishwasher",
        "alias": "Appliance",
        "meta": "@Appliance",
        "userDefined": true
      },
      {
        "text": " with ",
        "userDefined": false
      },
      {
        "text": "average",
        "alias": "SoundRatingRange",
        "meta": "@SoundRatingRange",
        "userDefined": true
      },
      {
        "text": " sound and which is ",
        "userDefined": false
      },
      {
        "text": "22 inch deep",
        "alias": "Dimension",
        "meta": "@Dimension",
        "userDefined": true
      }
    ],
    "isTemplate": false,
    "count": 0,
    "updated": 0
  },
  {
    "id": "03af64dc-55b5-4d9f-8405-dadd5cc53dd5",
    "data": [
      {
        "text": "cosmo",
        "alias": "Brand",
        "meta": "@Brand",
        "userDefined": false
      },
      {
        "text": " ",
        "userDefined": false
      },
      {
        "text": "sunset bronze",
        "alias": "ColorFinishFamily",
        "meta": "@ColorFinishFamily",
        "userDefined": false
      },
      {
        "text": " ",
        "userDefined": false
      },
      {
        "text": "dishwasher",
        "alias": "Appliance",
        "meta": "@Appliance",
        "userDefined": false
      },
      {
        "text": " ",
        "userDefined": false
      },
      {
        "text": "top control",
        "alias": "ControlLocation",
        "meta": "@ControlLocation",
        "userDefined": false
      },
      {
        "text": " ",
        "userDefined": false
      },
      {
        "text": "rinse and hold",
        "alias": "Cycles",
        "meta": "@Cycles",
        "userDefined": false
      },
      {
        "text": " ",
        "userDefined": false
      },
      {
        "text": "large",
        "alias": "FamilySize",
        "meta": "@FamilySize",
        "userDefined": true
      },
      {
        "text": " ",
        "userDefined": false
      },
      {
        "text": "daily",
        "alias": "Frequency",
        "meta": "@Frequency",
        "userDefined": false
      },
      {
        "text": " that ",
        "userDefined": false
      },
      {
        "text": "lasts for long",
        "alias": "TubMaterial",
        "meta": "@TubMaterial",
        "userDefined": false
      }
    ],
    "isTemplate": false,
    "count": 0,
    "updated": 0
  },
  {
    "id": "808b943f-0f1e-4d2e-95ed-3ed448ed99a9",
    "data": [
      {
        "text": "i usually wash ",
        "userDefined": false
      },
      {
        "text": "bulky items",
        "alias": "GeneralFeatures",
        "meta": "@GeneralFeatures",
        "userDefined": false
      }
    ],
    "isTemplate": false,
    "count": 0,
    "updated": 0
  },
  {
    "id": "f99c6a94-6e24-4c8a-9218-5b7b08802f94",
    "data": [
      {
        "text": "Yes wash casserole dishes",
        "alias": "Cycles",
        "meta": "@Cycles",
        "userDefined": false
      }
    ],
    "isTemplate": false,
    "count": 1,
    "updated": 0
  },
  {
    "id": "94b58650-277c-49e6-90fa-ae53879bd638",
    "data": [
      {
        "text": "1 star and up",
        "alias": "ReviewRating",
        "meta": "@ReviewRating",
        "userDefined": false
      }
    ],
    "isTemplate": false,
    "count": 0,
    "updated": 0
  },
  {
    "id": "1598a1c0-c800-4259-ab50-bb28d8560356",
    "data": [
      {
        "text": "dishwasher",
        "alias": "Appliance",
        "meta": "@Appliance",
        "userDefined": false
      }
    ],
    "isTemplate": false,
    "count": 0,
    "updated": 0
  },
  {
    "id": "e7e5aecb-3e3c-4218-813a-baddb0a2fd8d",
    "data": [
      {
        "text": "Yes relocate often",
        "alias": "Type",
        "meta": "@Type",
        "userDefined": true
      }
    ],
    "isTemplate": false,
    "count": 0,
    "updated": 0
  },
  {
    "id": "f641f14f-df21-434d-b085-6c6dfc2a9ebb",
    "data": [
      {
        "text": "Yes wash pots and pans",
        "alias": "Cycles",
        "meta": "@Cycles",
        "userDefined": true
      }
    ],
    "isTemplate": false,
    "count": 0,
    "updated": 0
  },
  {
    "id": "2f88a923-b60c-498b-95bb-8c28a88ed7c3",
    "data": [
      {
        "text": "pocket handle",
        "alias": "HandleType",
        "meta": "@HandleType",
        "userDefined": false
      }
    ],
    "isTemplate": false,
    "count": 0,
    "updated": 0
  },
  {
    "id": "ba54a078-c153-4460-bdec-a04a08bc2caf",
    "data": [
      {
        "text": "i am looking for a ",
        "userDefined": false
      },
      {
        "text": "dishwasher",
        "alias": "Appliance",
        "meta": "@Appliance",
        "userDefined": true
      },
      {
        "text": " ",
        "userDefined": false
      },
      {
        "text": "in the range of $2000 - $3000",
        "meta": "@sys.ignore",
        "userDefined": true
      }
    ],
    "isTemplate": false,
    "count": 0,
    "updated": 0
  },
  {
    "id": "d0634e52-cfdd-43b4-b999-afbfcd116d24",
    "data": [
      {
        "text": "Yes the water shutoff valve is behind",
        "alias": "InstallationInstructions",
        "meta": "@InstallationInstructions",
        "userDefined": false
      }
    ],
    "isTemplate": false,
    "count": 0,
    "updated": 0
  },
  {
    "id": "b3916f95-4828-47db-b089-026bc8f69854",
    "data": [
      {
        "text": "daily",
        "alias": "Frequency",
        "meta": "@Frequency",
        "userDefined": false
      }
    ],
    "isTemplate": false,
    "count": 1,
    "updated": 0
  },
  {
    "id": "9d5c027d-b9cd-4790-b780-aad5ed261eac",
    "data": [
      {
        "text": "special buys",
        "alias": "GeneralFeatures",
        "meta": "@GeneralFeatures",
        "userDefined": false
      }
    ],
    "isTemplate": false,
    "count": 0,
    "updated": 0
  },
  {
    "id": "ee76c90d-16bb-43c5-bb38-3c6969a737f5",
    "data": [
      {
        "text": "energy star",
        "alias": "GeneralFeatures",
        "meta": "@GeneralFeatures",
        "userDefined": false
      }
    ],
    "isTemplate": false,
    "count": 0,
    "updated": 0
  },
  {
    "id": "80d1dd14-d2b9-43db-8eaa-be0dcc001f40",
    "data": [
      {
        "text": "leak sensor",
        "alias": "GeneralFeatures",
        "meta": "@GeneralFeatures",
        "userDefined": false
      }
    ],
    "isTemplate": false,
    "count": 0,
    "updated": 0
  },
  {
    "id": "9fc0aa7f-500b-4bdd-99e2-592b7b6008d1",
    "data": [
      {
        "text": "smart home",
        "alias": "GeneralFeatures",
        "meta": "@GeneralFeatures",
        "userDefined": false
      }
    ],
    "isTemplate": false,
    "count": 0,
    "updated": 0
  },
  {
    "id": "b653c932-c9ba-4c3f-bb44-6ca133b2dc9f",
    "data": [
      {
        "text": "whirlpool",
        "alias": "Brand",
        "meta": "@Brand",
        "userDefined": false
      },
      {
        "text": "  ",
        "userDefined": false
      },
      {
        "text": "in the range of 3000 - 4000",
        "meta": "@sys.ignore",
        "userDefined": true
      }
    ],
    "isTemplate": false,
    "count": 0,
    "updated": 0
  },
  {
    "id": "156b9ceb-8a00-47f1-8c42-b2f563cfc9d7",
    "data": [
      {
        "text": "bisque",
        "alias": "ColorFinishFamily",
        "meta": "@ColorFinishFamily",
        "userDefined": false
      },
      {
        "text": " ",
        "userDefined": false
      },
      {
        "text": "with steam",
        "alias": "GeneralFeatures",
        "meta": "@GeneralFeatures",
        "userDefined": false
      }
    ],
    "isTemplate": false,
    "count": 0,
    "updated": 0
  },
  {
    "id": "1eb61648-e1a7-48ba-b68b-8505e80bf2d2",
    "data": [
      {
        "text": "Built In",
        "alias": "Type",
        "meta": "@Type",
        "userDefined": false
      },
      {
        "text": " ",
        "userDefined": false
      },
      {
        "text": "Dishwasher",
        "alias": "Appliance",
        "meta": "@Appliance",
        "userDefined": true
      }
    ],
    "isTemplate": false,
    "count": 0,
    "updated": 0
  },
  {
    "id": "d8cc5549-3b6c-4c4f-8ba8-99f402e7ae67",
    "data": [
      {
        "text": "without steam",
        "alias": "GeneralFeatures",
        "meta": "@GeneralFeatures",
        "userDefined": false
      }
    ],
    "isTemplate": false,
    "count": 0,
    "updated": 0
  },
  {
    "id": "8134f44b-9f95-48fe-8f87-3419d0541451",
    "data": [
      {
        "text": "top control",
        "alias": "ControlLocation",
        "meta": "@ControlLocation",
        "userDefined": false
      }
    ],
    "isTemplate": false,
    "count": 0,
    "updated": 0
  },
  {
    "id": "66c0e90f-d0af-40a6-a42e-55e32a66fddd",
    "data": [
      {
        "text": "Plastic tub",
        "alias": "TubMaterial",
        "meta": "@TubMaterial",
        "userDefined": false
      }
    ],
    "isTemplate": false,
    "count": 0,
    "updated": 0
  },
  {
    "id": "805d3db2-c657-453e-ac07-732d418b6eb7",
    "data": [
      {
        "text": "22.67 inch deep",
        "alias": "Dimension",
        "meta": "@Dimension",
        "userDefined": true
      }
    ],
    "isTemplate": false,
    "count": 0,
    "updated": 0
  },
  {
    "id": "71411fd8-fd1b-4123-866f-0138b3eaf6a1",
    "data": [
      {
        "text": "bar handle",
        "alias": "HandleType",
        "meta": "@HandleType",
        "userDefined": false
      }
    ],
    "isTemplate": false,
    "count": 0,
    "updated": 0
  },
  {
    "id": "a694c2be-17b6-4b1d-a8ee-2fa8793f94d7",
    "data": [
      {
        "text": "quick wash",
        "alias": "Cycles",
        "meta": "@Cycles",
        "userDefined": false
      },
      {
        "text": " ",
        "userDefined": false
      },
      {
        "text": "average",
        "alias": "SoundRatingRange",
        "meta": "@SoundRatingRange",
        "userDefined": false
      },
      {
        "text": " ",
        "userDefined": false
      },
      {
        "text": "33.3 inch height",
        "alias": "Dimension",
        "meta": "@Dimension",
        "userDefined": true
      },
      {
        "text": " ",
        "userDefined": false
      },
      {
        "text": "front control",
        "alias": "ControlLocation",
        "meta": "@ControlLocation",
        "userDefined": true
      },
      {
        "text": " ",
        "userDefined": false
      },
      {
        "text": "hard food disposer",
        "alias": "GeneralFeatures",
        "meta": "@GeneralFeatures",
        "userDefined": false
      },
      {
        "text": " under ",
        "userDefined": false
      },
      {
        "text": "$250 - $300",
        "meta": "@sys.ignore",
        "userDefined": true
      }
    ],
    "isTemplate": false,
    "count": 0,
    "updated": 0
  },
  {
    "id": "9197c547-6db3-4b53-afd7-d3e867d52d96",
    "data": [
      {
        "text": "Hard Food Filter",
        "alias": "GeneralFeatures",
        "meta": "@GeneralFeatures",
        "userDefined": false
      }
    ],
    "isTemplate": false,
    "count": 0,
    "updated": 0
  },
  {
    "id": "4c4fb0c2-1c43-42f8-be02-61b56e4eb146",
    "data": [
      {
        "text": "Quietest",
        "alias": "SoundRatingRange",
        "meta": "@SoundRatingRange",
        "userDefined": false
      }
    ],
    "isTemplate": false,
    "count": 0,
    "updated": 0
  },
  {
    "id": "a515f57a-4068-4979-9587-76fd27baf1ce",
    "data": [
      {
        "text": "Quick Rinse",
        "alias": "WashDryOptions",
        "meta": "@WashDryOptions",
        "userDefined": false
      }
    ],
    "isTemplate": false,
    "count": 0,
    "updated": 0
  },
  {
    "id": "52e24752-ace3-4a5d-bfdc-0c386134f1e4",
    "data": [
      {
        "text": "i need a ",
        "userDefined": false
      },
      {
        "text": "dishwasher",
        "alias": "Appliance",
        "meta": "@Appliance",
        "userDefined": false
      },
      {
        "text": " for ",
        "userDefined": false
      },
      {
        "text": "large family",
        "alias": "FamilySize",
        "meta": "@FamilySize",
        "userDefined": false
      },
      {
        "text": " in ",
        "userDefined": false
      },
      {
        "text": "black",
        "alias": "ColorFinishFamily",
        "meta": "@ColorFinishFamily",
        "userDefined": false
      },
      {
        "text": " ",
        "userDefined": false
      },
      {
        "text": "stainless steel tub",
        "alias": "TubMaterial",
        "meta": "@TubMaterial",
        "userDefined": true
      }
    ],
    "isTemplate": false,
    "count": 0,
    "updated": 0
  },
  {
    "id": "cd0d8185-99b5-4255-9536-8a71f8e7e3a2",
    "data": [
      {
        "text": "pots and pans",
        "alias": "Cycles",
        "meta": "@Cycles",
        "userDefined": false
      }
    ],
    "isTemplate": false,
    "count": 1,
    "updated": 0
  },
  {
    "id": "718f5acc-cce1-4612-8b72-fc1639e05959",
    "data": [
      {
        "text": "36.375 inch tall",
        "alias": "Dimension",
        "meta": "@Dimension",
        "userDefined": true
      }
    ],
    "isTemplate": false,
    "count": 0,
    "updated": 0
  },
  {
    "id": "6737d128-92d8-4770-88ef-6c94f7933702",
    "data": [
      {
        "text": "i am preferred to buy a Professional ",
        "userDefined": false
      },
      {
        "text": "Portable",
        "alias": "Type",
        "meta": "@Type",
        "userDefined": true
      },
      {
        "text": " ",
        "userDefined": false
      },
      {
        "text": "Dishwasher",
        "alias": "Appliance",
        "meta": "@Appliance",
        "userDefined": true
      },
      {
        "text": " in ",
        "userDefined": false
      },
      {
        "text": "White",
        "alias": "ColorFinishFamily",
        "meta": "@ColorFinishFamily",
        "userDefined": true
      }
    ],
    "isTemplate": false,
    "count": 0,
    "updated": 0
  },
  {
    "id": "387f68c9-e7aa-4b75-9a14-2940fa99574f",
    "data": [
      {
        "text": "24 inch deep",
        "alias": "Dimension",
        "meta": "@Dimension",
        "userDefined": false
      },
      {
        "text": " and i want ",
        "userDefined": false
      },
      {
        "text": "25 inch high",
        "alias": "Dimension",
        "meta": "@Dimension",
        "userDefined": false
      }
    ],
    "isTemplate": false,
    "count": 0,
    "updated": 0
  },
  {
    "id": "498de2c6-49e1-4688-962d-7e106c29973c",
    "data": [
      {
        "text": "35.0625 inch height",
        "alias": "Dimension",
        "meta": "@Dimension",
        "userDefined": true
      }
    ],
    "isTemplate": false,
    "count": 0,
    "updated": 0
  },
  {
    "id": "48b68d73-e81b-4a3c-b51c-429c7c1ef82f",
    "data": [
      {
        "text": "23.0625 inch depth",
        "alias": "Dimension",
        "meta": "@Dimension",
        "userDefined": false
      }
    ],
    "isTemplate": false,
    "count": 0,
    "updated": 0
  },
  {
    "id": "82aeded1-ec1a-4104-a76b-76aa83f9ab62",
    "data": [
      {
        "text": "34 inch tall",
        "alias": "Dimension",
        "meta": "@Dimension",
        "userDefined": true
      }
    ],
    "isTemplate": false,
    "count": 0,
    "updated": 0
  },
  {
    "id": "5537d72f-7b8a-408c-ab65-dd5d0796efe8",
    "data": [
      {
        "text": "35 inch deep",
        "alias": "Dimension",
        "meta": "@Dimension",
        "userDefined": true
      }
    ],
    "isTemplate": false,
    "count": 1,
    "updated": 0
  },
  {
    "id": "06ea071e-9037-43cd-a3a5-2bdcdd56ad97",
    "data": [
      {
        "text": "31.12 inch deep",
        "alias": "Dimension",
        "meta": "@Dimension",
        "userDefined": true
      }
    ],
    "isTemplate": false,
    "count": 0,
    "updated": 0
  }
]