[
  {
    "id": "7b4c0480-e64e-4942-b4e2-f03d4c01f4de",
    "data": [
      {
        "text": "How often",
        "alias": "FilterList",
        "meta": "@FilterList",
        "userDefined": false
      },
      {
        "text": " do you bake?",
        "userDefined": false
      }
    ],
    "isTemplate": false,
    "count": 0,
    "updated": 0
  },
  {
    "id": "da86f16a-1360-42b1-9d19-0f1b15771896",
    "data": [
      {
        "text": "bluetooth",
        "alias": "GeneralFeatures",
        "meta": "@GeneralFeatures",
        "userDefined": false
      }
    ],
    "isTemplate": false,
    "count": 0,
    "updated": 0
  },
  {
    "id": "5f89f368-5954-4a38-b85d-ce46d401ef95",
    "data": [
      {
        "text": "Are you looking for ",
        "userDefined": false
      },
      {
        "text": "Medium",
        "alias": "Size",
        "meta": "@Size",
        "userDefined": false
      },
      {
        "text": "? ",
        "userDefined": false
      },
      {
        "text": "Yes",
        "alias": "GeneralFeatures",
        "meta": "@GeneralFeatures",
        "userDefined": false
      },
      {
        "text": ", ",
        "userDefined": false
      },
      {
        "text": "white",
        "alias": "ColorFinishFamily",
        "meta": "@ColorFinishFamily",
        "userDefined": false
      },
      {
        "text": " ",
        "userDefined": false
      },
      {
        "text": "color",
        "meta": "@sys.ignore",
        "userDefined": false
      }
    ],
    "isTemplate": false,
    "count": 0,
    "updated": 0
  },
  {
    "id": "e55b40af-ad18-48b1-8fcd-826f4c6785be",
    "data": [
      {
        "text": "Bi-weekly",
        "alias": "Frequency",
        "meta": "@Frequency",
        "userDefined": false
      }
    ],
    "isTemplate": false,
    "count": 0,
    "updated": 0
  },
  {
    "id": "9562f6f8-19d4-4bb4-89c8-98d6e79e57ff",
    "data": [
      {
        "text": "i bake ",
        "userDefined": false
      },
      {
        "text": "daily",
        "alias": "Frequency",
        "meta": "@Frequency",
        "userDefined": false
      }
    ],
    "isTemplate": false,
    "count": 0,
    "updated": 0
  },
  {
    "id": "4732232e-80fd-44ad-a896-c259b1ffb7f5",
    "data": [
      {
        "text": "i am looking for ",
        "userDefined": false
      },
      {
        "text": "countertop",
        "alias": "Type",
        "meta": "@Type",
        "userDefined": false
      },
      {
        "text": ".",
        "userDefined": false
      }
    ],
    "isTemplate": false,
    "count": 0,
    "updated": 0
  },
  {
    "id": "47c40b5c-912e-4738-a1c8-0974a849be14",
    "data": [
      {
        "text": "what ",
        "userDefined": false
      },
      {
        "text": "wattage",
        "alias": "FilterList",
        "meta": "@FilterList",
        "userDefined": false
      },
      {
        "text": " are you looking for ?",
        "userDefined": false
      }
    ],
    "isTemplate": false,
    "count": 0,
    "updated": 0
  },
  {
    "id": "71288fb2-d228-4f5c-97bb-9aecd54e460e",
    "data": [
      {
        "text": "freestanding",
        "alias": "InstallationType",
        "meta": "@InstallationType",
        "userDefined": false
      },
      {
        "text": " ",
        "userDefined": false
      },
      {
        "text": "small",
        "alias": "Size",
        "meta": "@Size",
        "userDefined": false
      },
      {
        "text": " ",
        "userDefined": false
      },
      {
        "text": "entertain groups",
        "alias": "ExtraStorage",
        "meta": "@ExtraStorage",
        "userDefined": false
      }
    ],
    "isTemplate": false,
    "count": 0,
    "updated": 0
  },
  {
    "id": "c2bc6521-d087-44ef-99d7-efbebc61abfd",
    "data": [
      {
        "text": "27 inches wide",
        "alias": "Dimension",
        "meta": "@Dimension",
        "userDefined": false
      }
    ],
    "isTemplate": false,
    "count": 0,
    "updated": 0
  },
  {
    "id": "ae81ae95-3a40-417d-86c8-a77e0bf24380",
    "data": [
      {
        "text": "Under $300",
        "meta": "@sys.ignore",
        "userDefined": true
      }
    ],
    "isTemplate": false,
    "count": 0,
    "updated": 0
  },
  {
    "id": "6e725278-dc41-4bed-a3d2-138a053f7cc1",
    "data": [
      {
        "text": "i\u0027m looking for ",
        "userDefined": false
      },
      {
        "text": "microwave",
        "alias": "Appliance",
        "meta": "@Appliance",
        "userDefined": false
      }
    ],
    "isTemplate": false,
    "count": 0,
    "updated": 0
  },
  {
    "id": "4f2300c1-f90e-4925-a2dd-699ba273fcd6",
    "data": [
      {
        "text": "i am looking for ",
        "userDefined": false
      },
      {
        "text": "microwave",
        "alias": "Appliance",
        "meta": "@Appliance",
        "userDefined": false
      }
    ],
    "isTemplate": false,
    "count": 0,
    "updated": 0
  },
  {
    "id": "65ff1519-24ae-42dc-8176-8c7ced3d1a70",
    "data": [
      {
        "text": "best rated",
        "alias": "ReviewRating",
        "meta": "@ReviewRating",
        "userDefined": false
      },
      {
        "text": " ",
        "userDefined": false
      },
      {
        "text": "microwave",
        "alias": "Appliance",
        "meta": "@Appliance",
        "userDefined": false
      }
    ],
    "isTemplate": false,
    "count": 0,
    "updated": 0
  },
  {
    "id": "e205de71-c5fc-4327-a432-08d3b66132b5",
    "data": [
      {
        "text": "which ",
        "userDefined": false
      },
      {
        "text": "capacity",
        "alias": "FilterList",
        "meta": "@FilterList",
        "userDefined": true
      },
      {
        "text": " are you interested?",
        "userDefined": false
      }
    ],
    "isTemplate": false,
    "count": 0,
    "updated": 0
  },
  {
    "id": "27639aed-4a90-4533-b2a5-8570efc598e7",
    "data": [
      {
        "text": "Are you looking for any specific ",
        "userDefined": false
      },
      {
        "text": "brand",
        "alias": "FilterList",
        "meta": "@FilterList",
        "userDefined": true
      },
      {
        "text": "?",
        "userDefined": false
      }
    ],
    "isTemplate": false,
    "count": 0,
    "updated": 0
  },
  {
    "id": "a0e5733d-e28f-48c6-b6c1-054b4917163e",
    "data": [
      {
        "text": "are you looking for specific ",
        "userDefined": false
      },
      {
        "text": "brand",
        "alias": "FilterList",
        "meta": "@FilterList",
        "userDefined": false
      },
      {
        "text": "? ",
        "userDefined": false
      },
      {
        "text": "White",
        "alias": "ColorFinishFamily",
        "meta": "@ColorFinishFamily",
        "userDefined": false
      }
    ],
    "isTemplate": false,
    "count": 0,
    "updated": 0
  },
  {
    "id": "e1f7bf28-b778-4cab-971c-7db12218cdfe",
    "data": [
      {
        "text": "are you looking for ",
        "userDefined": false
      },
      {
        "text": "samsung",
        "alias": "Brand",
        "meta": "@Brand",
        "userDefined": true
      },
      {
        "text": " ",
        "userDefined": false
      },
      {
        "text": "brand",
        "alias": "FilterList",
        "meta": "@FilterList",
        "userDefined": true
      },
      {
        "text": "? ",
        "userDefined": false
      },
      {
        "text": "white",
        "alias": "ColorFinishFamily",
        "meta": "@ColorFinishFamily",
        "userDefined": true
      }
    ],
    "isTemplate": false,
    "count": 0,
    "updated": 0
  },
  {
    "id": "80ae236f-5971-4b06-a732-30a73a9b3cce",
    "data": [
      {
        "text": "are you looking for ",
        "userDefined": false
      },
      {
        "text": "samsung",
        "alias": "Brand",
        "meta": "@Brand",
        "userDefined": false
      },
      {
        "text": " ",
        "userDefined": false
      },
      {
        "text": "brand",
        "alias": "FilterList",
        "meta": "@FilterList",
        "userDefined": false
      },
      {
        "text": "? ",
        "userDefined": false
      },
      {
        "text": "yes",
        "alias": "GeneralFeatures",
        "meta": "@GeneralFeatures",
        "userDefined": false
      }
    ],
    "isTemplate": false,
    "count": 0,
    "updated": 0
  },
  {
    "id": "5ed221f6-296f-43e3-92ec-00d6aa870cf9",
    "data": [
      {
        "text": "Are you looking for any ",
        "userDefined": false
      },
      {
        "text": "brand",
        "alias": "FilterList",
        "meta": "@FilterList",
        "userDefined": false
      },
      {
        "text": " ? ",
        "userDefined": false
      },
      {
        "text": "Samsung",
        "alias": "Brand",
        "meta": "@Brand",
        "userDefined": false
      }
    ],
    "isTemplate": false,
    "count": 0,
    "updated": 0
  },
  {
    "id": "439401b3-c574-4b7a-8f8f-b80e3d2647be",
    "data": [
      {
        "text": "Brand",
        "alias": "FilterList",
        "meta": "@FilterList",
        "userDefined": false
      }
    ],
    "isTemplate": false,
    "count": 0,
    "updated": 0
  },
  {
    "id": "184a9c31-6926-4bbc-ae80-134c512768a7",
    "data": [
      {
        "text": "are you looking for ",
        "userDefined": false
      },
      {
        "text": "convection",
        "alias": "CookingProcess",
        "meta": "@CookingProcess",
        "userDefined": false
      },
      {
        "text": "?",
        "userDefined": false
      }
    ],
    "isTemplate": false,
    "count": 0,
    "updated": 0
  },
  {
    "id": "ab29ad08-aa72-4517-ba4e-e127a9151c83",
    "data": [
      {
        "text": "copper",
        "alias": "ColorFinishFamily",
        "meta": "@ColorFinishFamily",
        "userDefined": false
      }
    ],
    "isTemplate": false,
    "count": 0,
    "updated": 0
  },
  {
    "id": "4591c8c2-b9f9-4106-8633-4f05024ab9b6",
    "data": [
      {
        "text": "bronze",
        "alias": "ColorFinishFamily",
        "meta": "@ColorFinishFamily",
        "userDefined": false
      }
    ],
    "isTemplate": false,
    "count": 0,
    "updated": 0
  },
  {
    "id": "5df177a1-97eb-4455-92a9-a722dc292d45",
    "data": [
      {
        "text": "one",
        "alias": "Number",
        "meta": "@sys.number",
        "userDefined": true
      }
    ],
    "isTemplate": false,
    "count": 0,
    "updated": 0
  },
  {
    "id": "aa32553e-57ff-4dfd-9587-e231032de644",
    "data": [
      {
        "text": "Are you looking for ",
        "userDefined": false
      },
      {
        "text": "Silver",
        "alias": "ColorFinishFamily",
        "meta": "@ColorFinishFamily",
        "userDefined": false
      }
    ],
    "isTemplate": false,
    "count": 0,
    "updated": 0
  },
  {
    "id": "b5dfb323-ac35-4896-a5cb-506a5afce8a5",
    "data": [
      {
        "text": "yes",
        "alias": "GeneralFeatures",
        "meta": "@GeneralFeatures",
        "userDefined": false
      },
      {
        "text": " ",
        "userDefined": false
      },
      {
        "text": "samsung",
        "alias": "Brand",
        "meta": "@Brand",
        "userDefined": false
      }
    ],
    "isTemplate": false,
    "count": 0,
    "updated": 0
  },
  {
    "id": "3e0dd5ad-860c-45a9-a753-10ec0fece87c",
    "data": [
      {
        "text": "yes",
        "alias": "GeneralFeatures",
        "meta": "@GeneralFeatures",
        "userDefined": false
      }
    ],
    "isTemplate": false,
    "count": 0,
    "updated": 0
  },
  {
    "id": "70bdbb70-a8c4-4fa7-92e5-049695424208",
    "data": [
      {
        "text": "40 inch width",
        "alias": "Dimension",
        "meta": "@Dimension",
        "userDefined": false
      }
    ],
    "isTemplate": false,
    "count": 0,
    "updated": 0
  },
  {
    "id": "11093f73-f078-4b05-960c-e03b9e907107",
    "data": [
      {
        "text": "825 watts",
        "alias": "Wattage",
        "meta": "@Wattage",
        "userDefined": false
      }
    ],
    "isTemplate": false,
    "count": 0,
    "updated": 0
  },
  {
    "id": "a8e15cb4-2562-4ac7-87da-143056cd43a3",
    "data": [
      {
        "text": "can you show me a ",
        "userDefined": false
      },
      {
        "text": "microwave",
        "alias": "Appliance",
        "meta": "@Appliance",
        "userDefined": false
      },
      {
        "text": "?",
        "userDefined": false
      }
    ],
    "isTemplate": false,
    "count": 0,
    "updated": 0
  },
  {
    "id": "dcc90254-d840-448e-b078-3b581dee649e",
    "data": [
      {
        "text": "Do you have ",
        "userDefined": false
      },
      {
        "text": "microwave",
        "alias": "Appliance",
        "meta": "@Appliance",
        "userDefined": false
      },
      {
        "text": " with ",
        "userDefined": false
      },
      {
        "text": "fingerprint resistant",
        "alias": "GeneralFeatures",
        "meta": "@GeneralFeatures",
        "userDefined": false
      },
      {
        "text": "?",
        "userDefined": false
      },
      {
        "text": "yes",
        "alias": "GeneralFeatures",
        "meta": "@GeneralFeatures",
        "userDefined": true
      }
    ],
    "isTemplate": false,
    "count": 0,
    "updated": 0
  },
  {
    "id": "a00b7e23-d1a0-4c58-8fa0-b16869c4307d",
    "data": [
      {
        "text": "i am prefer to buy ",
        "userDefined": false
      },
      {
        "text": "convertible",
        "alias": "VentType",
        "meta": "@VentType",
        "userDefined": false
      },
      {
        "text": ", ",
        "userDefined": false
      },
      {
        "text": "medium",
        "alias": "Size",
        "meta": "@Size",
        "userDefined": false
      },
      {
        "text": " ,",
        "userDefined": false
      },
      {
        "text": "300 cfm",
        "alias": "ExhaustMaximum",
        "meta": "@ExhaustMaximum",
        "userDefined": false
      },
      {
        "text": " and ",
        "userDefined": false
      },
      {
        "text": "right to left swing",
        "alias": "DoorSwingStyle",
        "meta": "@DoorSwingStyle",
        "userDefined": false
      },
      {
        "text": " ",
        "userDefined": false
      },
      {
        "text": "microwave",
        "alias": "Appliance",
        "meta": "@Appliance",
        "userDefined": false
      },
      {
        "text": ".",
        "userDefined": false
      }
    ],
    "isTemplate": false,
    "count": 0,
    "updated": 0
  },
  {
    "id": "9977aaf1-1f45-49e4-a186-a3ddcbac0d2e",
    "data": [
      {
        "text": "i am looking for ",
        "userDefined": false
      },
      {
        "text": "smart home enabled",
        "alias": "GeneralFeatures",
        "meta": "@GeneralFeatures",
        "userDefined": false
      },
      {
        "text": " ",
        "userDefined": false
      },
      {
        "text": "microwave",
        "alias": "Appliance",
        "meta": "@Appliance",
        "userDefined": false
      },
      {
        "text": ".",
        "userDefined": false
      }
    ],
    "isTemplate": false,
    "count": 0,
    "updated": 0
  },
  {
    "id": "e9319175-ad20-4f42-be73-08c6339234a6",
    "data": [
      {
        "text": "i need a ",
        "userDefined": false
      },
      {
        "text": "microwave",
        "alias": "Appliance",
        "meta": "@Appliance",
        "userDefined": false
      },
      {
        "text": " with ",
        "userDefined": false
      },
      {
        "text": "Inverter Cooking System",
        "alias": "GeneralFeatures",
        "meta": "@GeneralFeatures",
        "userDefined": false
      },
      {
        "text": ",",
        "userDefined": false
      },
      {
        "text": "Defrost",
        "alias": "Settings",
        "meta": "@Settings",
        "userDefined": false
      },
      {
        "text": " and ",
        "userDefined": false
      },
      {
        "text": "keep warm",
        "alias": "Settings",
        "meta": "@Settings",
        "userDefined": false
      },
      {
        "text": ".",
        "userDefined": false
      }
    ],
    "isTemplate": false,
    "count": 0,
    "updated": 0
  },
  {
    "id": "9d96bbe3-8d9c-4654-9b5e-78f829b1b707",
    "data": [
      {
        "text": "How much ",
        "userDefined": false
      },
      {
        "text": "maximum exhaust",
        "meta": "@sys.ignore",
        "userDefined": false
      },
      {
        "text": " are you looking for",
        "userDefined": false
      }
    ],
    "isTemplate": false,
    "count": 1,
    "updated": 0
  },
  {
    "id": "1f24d954-0245-4fbe-8d6f-11323d0ecc98",
    "data": [
      {
        "text": "What kind of ",
        "userDefined": false
      },
      {
        "text": "door style",
        "meta": "@sys.ignore",
        "userDefined": false
      },
      {
        "text": " you are looking in",
        "userDefined": false
      }
    ],
    "isTemplate": false,
    "count": 0,
    "updated": 0
  },
  {
    "id": "72dbfa4f-5c85-460b-b61c-a4c47dfd4691",
    "data": [
      {
        "text": "i am looking for low ",
        "userDefined": false
      },
      {
        "text": "width",
        "meta": "@sys.ignore",
        "userDefined": false
      },
      {
        "text": " ",
        "userDefined": false
      },
      {
        "text": "microwave",
        "alias": "Appliance",
        "meta": "@Appliance",
        "userDefined": false
      }
    ],
    "isTemplate": false,
    "count": 0,
    "updated": 0
  },
  {
    "id": "734e85d4-33af-43ee-bbf6-33aeb6bd16fb",
    "data": [
      {
        "text": "most ",
        "userDefined": false
      },
      {
        "text": "reviewed",
        "meta": "@sys.ignore",
        "userDefined": true
      },
      {
        "text": " ",
        "userDefined": false
      },
      {
        "text": "microwave",
        "alias": "Appliance",
        "meta": "@Appliance",
        "userDefined": false
      }
    ],
    "isTemplate": false,
    "count": 0,
    "updated": 0
  },
  {
    "id": "ec9a5b0b-0e2f-43cc-af10-94a5e7cfcb17",
    "data": [
      {
        "text": "best ",
        "userDefined": false
      },
      {
        "text": "rating",
        "meta": "@sys.ignore",
        "userDefined": false
      },
      {
        "text": " ",
        "userDefined": false
      },
      {
        "text": "microwave",
        "alias": "Appliance",
        "meta": "@Appliance",
        "userDefined": false
      }
    ],
    "isTemplate": false,
    "count": 0,
    "updated": 0
  },
  {
    "id": "d0159ca0-40c6-4678-b02a-bf6f22c3060c",
    "data": [
      {
        "text": "i need a high ",
        "userDefined": false
      },
      {
        "text": "cost",
        "meta": "@sys.ignore",
        "userDefined": false
      },
      {
        "text": " ",
        "userDefined": false
      },
      {
        "text": "microwave",
        "alias": "Appliance",
        "meta": "@Appliance",
        "userDefined": false
      }
    ],
    "isTemplate": false,
    "count": 0,
    "updated": 0
  },
  {
    "id": "1f0521d9-194a-46cb-a0ca-07c56a896edf",
    "data": [
      {
        "text": "i am looking for ",
        "userDefined": false
      },
      {
        "text": "special features",
        "meta": "@sys.ignore",
        "userDefined": false
      },
      {
        "text": " in ",
        "userDefined": false
      },
      {
        "text": "microwave",
        "alias": "Appliance",
        "meta": "@Appliance",
        "userDefined": false
      }
    ],
    "isTemplate": false,
    "count": 0,
    "updated": 0
  },
  {
    "id": "9f5c9419-92d5-4198-9f19-b28563436cee",
    "data": [
      {
        "text": "how often",
        "meta": "@sys.ignore",
        "userDefined": false
      },
      {
        "text": " will you cook",
        "userDefined": false
      }
    ],
    "isTemplate": false,
    "count": 0,
    "updated": 0
  },
  {
    "id": "a88d3871-32d9-43a7-995f-4ea490122472",
    "data": [
      {
        "text": "which ",
        "userDefined": false
      },
      {
        "text": "brands",
        "meta": "@sys.ignore",
        "userDefined": false
      },
      {
        "text": " are available",
        "userDefined": false
      }
    ],
    "isTemplate": false,
    "count": 0,
    "updated": 0
  },
  {
    "id": "07aa4664-32dd-4b4a-b8c9-3bdecb60862b",
    "data": [
      {
        "text": "are you looking for ",
        "userDefined": false
      },
      {
        "text": "silver",
        "alias": "ColorFinishFamily",
        "meta": "@ColorFinishFamily",
        "userDefined": false
      },
      {
        "text": " colour? ",
        "userDefined": false
      },
      {
        "text": "no",
        "alias": "GeneralFeatures",
        "meta": "@GeneralFeatures",
        "userDefined": false
      },
      {
        "text": " looking for ",
        "userDefined": false
      },
      {
        "text": "samsung",
        "alias": "Brand",
        "meta": "@Brand",
        "userDefined": false
      },
      {
        "text": " brand",
        "userDefined": false
      }
    ],
    "isTemplate": false,
    "count": 0,
    "updated": 0
  },
  {
    "id": "bf437a28-4086-4599-9b76-8ca46ff24c70",
    "data": [
      {
        "text": "do you have a ",
        "userDefined": false
      },
      {
        "text": "maytag",
        "alias": "Brand",
        "meta": "@Brand",
        "userDefined": false
      },
      {
        "text": " ",
        "userDefined": false
      },
      {
        "text": "microwave",
        "alias": "Appliance",
        "meta": "@Appliance",
        "userDefined": false
      },
      {
        "text": "? ",
        "userDefined": false
      },
      {
        "text": "yes",
        "alias": "GeneralFeatures",
        "meta": "@GeneralFeatures",
        "userDefined": true
      }
    ],
    "isTemplate": false,
    "count": 1,
    "updated": 0
  },
  {
    "id": "8205d3f0-d07b-4333-99f4-c261732018d0",
    "data": [
      {
        "text": "i would prefer a ",
        "userDefined": false
      },
      {
        "text": "black",
        "alias": "ColorFinishFamily",
        "meta": "@ColorFinishFamily",
        "userDefined": false
      },
      {
        "text": " ",
        "userDefined": false
      },
      {
        "text": "fingerprint resistant",
        "alias": "GeneralFeatures",
        "meta": "@GeneralFeatures",
        "userDefined": false
      },
      {
        "text": " ",
        "userDefined": false
      },
      {
        "text": "turntable",
        "alias": "GeneralFeatures",
        "meta": "@GeneralFeatures",
        "userDefined": false
      },
      {
        "text": " for mainly a ",
        "userDefined": false
      },
      {
        "text": "beverage",
        "alias": "Settings",
        "meta": "@Settings",
        "userDefined": false
      },
      {
        "text": " setting ",
        "userDefined": false
      },
      {
        "text": "microwave",
        "alias": "Appliance",
        "meta": "@Appliance",
        "userDefined": false
      }
    ],
    "isTemplate": false,
    "count": 0,
    "updated": 0
  },
  {
    "id": "7e545d11-28ba-4485-ab13-cff5b5ba6fe2",
    "data": [
      {
        "text": "would you want an ",
        "userDefined": false
      },
      {
        "text": "eco feature",
        "alias": "GeneralFeatures",
        "meta": "@GeneralFeatures",
        "userDefined": false
      },
      {
        "text": " in your ",
        "userDefined": false
      },
      {
        "text": "microwave",
        "alias": "Appliance",
        "meta": "@Appliance",
        "userDefined": false
      },
      {
        "text": "?",
        "userDefined": false
      }
    ],
    "isTemplate": false,
    "count": 0,
    "updated": 0
  },
  {
    "id": "edda780c-3fe0-485a-ac68-3a9dacfc3d19",
    "data": [
      {
        "text": "would you like to explore its ",
        "userDefined": false
      },
      {
        "text": "front venting",
        "alias": "GeneralFeatures",
        "meta": "@GeneralFeatures",
        "userDefined": false
      },
      {
        "text": " feature?",
        "userDefined": false
      }
    ],
    "isTemplate": false,
    "count": 0,
    "updated": 0
  },
  {
    "id": "509c93b8-fbed-4574-bd41-0d7a3e6433c7",
    "data": [
      {
        "text": "shall i show you a ",
        "userDefined": false
      },
      {
        "text": "pull out",
        "alias": "DoorSwingStyle",
        "meta": "@DoorSwingStyle",
        "userDefined": true
      },
      {
        "text": " ",
        "userDefined": false
      },
      {
        "text": "microwave",
        "alias": "Appliance",
        "meta": "@Appliance",
        "userDefined": true
      },
      {
        "text": "?",
        "userDefined": false
      }
    ],
    "isTemplate": false,
    "count": 0,
    "updated": 0
  },
  {
    "id": "30bb78e7-eddb-4aac-ac0c-2040f5fa9244",
    "data": [
      {
        "text": "is it the ",
        "userDefined": false
      },
      {
        "text": "carousel",
        "alias": "GeneralFeatures",
        "meta": "@GeneralFeatures",
        "userDefined": false
      },
      {
        "text": " feature that you are looking for?",
        "userDefined": false
      }
    ],
    "isTemplate": false,
    "count": 0,
    "updated": 0
  },
  {
    "id": "64557d85-413c-421d-8796-27da8668396d",
    "data": [
      {
        "text": "are you looking for ",
        "userDefined": false
      },
      {
        "text": "external",
        "alias": "VentType",
        "meta": "@VentType",
        "userDefined": false
      },
      {
        "text": " vent with ",
        "userDefined": false
      },
      {
        "text": "200 cfm",
        "alias": "ExhaustMaximum",
        "meta": "@ExhaustMaximum",
        "userDefined": true
      },
      {
        "text": "?",
        "userDefined": false
      }
    ],
    "isTemplate": false,
    "count": 0,
    "updated": 0
  },
  {
    "id": "245d0dc4-e45c-4e33-a653-bb68187cfb4d",
    "data": [
      {
        "text": "is it nice to have ",
        "userDefined": false
      },
      {
        "text": "convertible",
        "alias": "VentType",
        "meta": "@VentType",
        "userDefined": true
      },
      {
        "text": " vent?",
        "userDefined": false
      }
    ],
    "isTemplate": false,
    "count": 0,
    "updated": 0
  },
  {
    "id": "c95d4be7-5033-40b4-b773-b0ce5cb33a45",
    "data": [
      {
        "text": "are you looking for ",
        "userDefined": false
      },
      {
        "text": "black",
        "alias": "ColorFinishFamily",
        "meta": "@ColorFinishFamily",
        "userDefined": false
      },
      {
        "text": " color?",
        "userDefined": false
      }
    ],
    "isTemplate": false,
    "count": 0,
    "updated": 0
  },
  {
    "id": "359b7cb6-dd27-495a-ab1f-1faa0e9f8b99",
    "data": [
      {
        "text": "fingerprint resistant",
        "alias": "GeneralFeatures",
        "meta": "@GeneralFeatures",
        "userDefined": false
      },
      {
        "text": " ",
        "userDefined": false
      },
      {
        "text": "timer",
        "alias": "GeneralFeatures",
        "meta": "@GeneralFeatures",
        "userDefined": false
      },
      {
        "text": " ",
        "userDefined": false
      },
      {
        "text": "bluetooth",
        "alias": "GeneralFeatures",
        "meta": "@GeneralFeatures",
        "userDefined": false
      }
    ],
    "isTemplate": false,
    "count": 0,
    "updated": 0
  },
  {
    "id": "8808cff4-efc0-40bf-8005-4fc6163ac29e",
    "data": [
      {
        "text": "auto defrost",
        "alias": "Settings",
        "meta": "@Settings",
        "userDefined": false
      },
      {
        "text": " ",
        "userDefined": false
      },
      {
        "text": "pizza",
        "alias": "Settings",
        "meta": "@Settings",
        "userDefined": false
      },
      {
        "text": " ",
        "userDefined": false
      },
      {
        "text": "popcorn",
        "alias": "Settings",
        "meta": "@Settings",
        "userDefined": false
      }
    ],
    "isTemplate": false,
    "count": 0,
    "updated": 0
  },
  {
    "id": "b1ce5681-1a8c-41be-8ce4-993731efc847",
    "data": [
      {
        "text": "Yes entertain group",
        "alias": "ExtraStorage",
        "meta": "@ExtraStorage",
        "userDefined": false
      }
    ],
    "isTemplate": false,
    "count": 0,
    "updated": 0
  },
  {
    "id": "2e4a4ddd-56f2-42c3-a80a-304abbd9057b",
    "data": [
      {
        "text": "black",
        "alias": "ColorFinishFamily",
        "meta": "@ColorFinishFamily",
        "userDefined": false
      },
      {
        "text": " ",
        "userDefined": false
      },
      {
        "text": "black decker",
        "alias": "Brand",
        "meta": "@Brand",
        "userDefined": false
      },
      {
        "text": " ",
        "userDefined": false
      },
      {
        "text": "external",
        "alias": "VentType",
        "meta": "@VentType",
        "userDefined": false
      }
    ],
    "isTemplate": false,
    "count": 0,
    "updated": 0
  },
  {
    "id": "770bf878-e048-4ef4-9c49-1f714076e611",
    "data": [
      {
        "text": "over the range",
        "alias": "Type",
        "meta": "@Type",
        "userDefined": false
      },
      {
        "text": " ",
        "userDefined": false
      },
      {
        "text": "convertible",
        "alias": "VentType",
        "meta": "@VentType",
        "userDefined": false
      },
      {
        "text": " under ",
        "userDefined": false
      },
      {
        "text": "$300 - $400",
        "meta": "@sys.ignore",
        "userDefined": false
      },
      {
        "text": " for ",
        "userDefined": false
      },
      {
        "text": "4 people",
        "alias": "Size",
        "meta": "@Size",
        "userDefined": false
      }
    ],
    "isTemplate": false,
    "count": 0,
    "updated": 0
  },
  {
    "id": "42e30d5e-bf43-471f-9ce6-1ef48d7feb4a",
    "data": [
      {
        "text": "auto defrost",
        "alias": "Settings",
        "meta": "@Settings",
        "userDefined": false
      },
      {
        "text": " ",
        "userDefined": false
      },
      {
        "text": "removable filter",
        "alias": "GeneralFeatures",
        "meta": "@GeneralFeatures",
        "userDefined": false
      },
      {
        "text": " ",
        "userDefined": false
      },
      {
        "text": "recirculating",
        "alias": "VentType",
        "meta": "@VentType",
        "userDefined": false
      },
      {
        "text": " ",
        "userDefined": false
      },
      {
        "text": "$900 - $1000",
        "meta": "@sys.ignore",
        "userDefined": false
      },
      {
        "text": " ",
        "userDefined": false
      },
      {
        "text": "small",
        "alias": "Size",
        "meta": "@Size",
        "userDefined": false
      },
      {
        "text": " ",
        "userDefined": false
      },
      {
        "text": "microwave",
        "alias": "Appliance",
        "meta": "@Appliance",
        "userDefined": false
      },
      {
        "text": " with ",
        "userDefined": false
      },
      {
        "text": "pizza",
        "alias": "Settings",
        "meta": "@Settings",
        "userDefined": false
      },
      {
        "text": " and ",
        "userDefined": false
      },
      {
        "text": "popcorn",
        "alias": "Settings",
        "meta": "@Settings",
        "userDefined": false
      },
      {
        "text": " option",
        "userDefined": false
      }
    ],
    "isTemplate": false,
    "count": 0,
    "updated": 0
  },
  {
    "id": "2a779849-6910-4e5b-90b5-8e715ae22cd2",
    "data": [
      {
        "text": "15.1 inch depth",
        "alias": "Dimension",
        "meta": "@Dimension",
        "userDefined": false
      },
      {
        "text": " with ",
        "userDefined": false
      },
      {
        "text": "29.94 inch height",
        "alias": "Dimension",
        "meta": "@Dimension",
        "userDefined": false
      },
      {
        "text": " in ",
        "userDefined": false
      },
      {
        "text": "stainless steel",
        "alias": "ColorFinishFamily",
        "meta": "@ColorFinishFamily",
        "userDefined": false
      }
    ],
    "isTemplate": false,
    "count": 0,
    "updated": 0
  },
  {
    "id": "12ce6e54-7c91-4d8b-a761-ee3bb09d4b41",
    "data": [
      {
        "text": "Convection Oven",
        "alias": "CookingProcess",
        "meta": "@CookingProcess",
        "userDefined": true
      },
      {
        "text": " ",
        "userDefined": false
      },
      {
        "text": "Cook Power",
        "alias": "Settings",
        "meta": "@Settings",
        "userDefined": true
      },
      {
        "text": " ",
        "userDefined": false
      },
      {
        "text": "cafe",
        "alias": "Brand",
        "meta": "@Brand",
        "userDefined": true
      },
      {
        "text": " ",
        "userDefined": false
      },
      {
        "text": "microwave",
        "alias": "Appliance",
        "meta": "@Appliance",
        "userDefined": true
      }
    ],
    "isTemplate": false,
    "count": 0,
    "updated": 0
  },
  {
    "id": "dae7c959-9fed-42c6-921e-09d54415ab9f",
    "data": [
      {
        "text": "bluetooth",
        "alias": "GeneralFeatures",
        "meta": "@GeneralFeatures",
        "userDefined": false
      },
      {
        "text": " ",
        "userDefined": false
      },
      {
        "text": "beverage",
        "alias": "Settings",
        "meta": "@Settings",
        "userDefined": false
      },
      {
        "text": " ",
        "userDefined": false
      },
      {
        "text": "black slate",
        "alias": "ColorFinishFamily",
        "meta": "@ColorFinishFamily",
        "userDefined": false
      }
    ],
    "isTemplate": false,
    "count": 0,
    "updated": 0
  },
  {
    "id": "dfabbd41-3dd0-4b53-ace5-d691f22d45db",
    "data": [
      {
        "text": "cut out",
        "alias": "Type",
        "meta": "@Type",
        "userDefined": false
      }
    ],
    "isTemplate": false,
    "count": 0,
    "updated": 0
  },
  {
    "id": "d62a5be6-33b9-4a84-b785-d96da177a5e7",
    "data": [
      {
        "text": "microwave",
        "alias": "Appliance",
        "meta": "@Appliance",
        "userDefined": false
      },
      {
        "text": " with ",
        "userDefined": false
      },
      {
        "text": "kids safety lock",
        "alias": "GeneralFeatures",
        "meta": "@GeneralFeatures",
        "userDefined": false
      },
      {
        "text": " and ",
        "userDefined": false
      },
      {
        "text": "steam cook",
        "alias": "Settings",
        "meta": "@Settings",
        "userDefined": false
      },
      {
        "text": " for ",
        "userDefined": false
      },
      {
        "text": "5 members",
        "alias": "Size",
        "meta": "@Size",
        "userDefined": false
      }
    ],
    "isTemplate": false,
    "count": 0,
    "updated": 0
  },
  {
    "id": "25c235c1-7a99-4f58-9db0-e3148206e273",
    "data": [
      {
        "text": "reheat",
        "alias": "Settings",
        "meta": "@Settings",
        "userDefined": false
      },
      {
        "text": " ",
        "userDefined": false
      },
      {
        "text": "built in",
        "alias": "Type",
        "meta": "@Type",
        "userDefined": false
      },
      {
        "text": " ",
        "userDefined": false
      },
      {
        "text": "popcorn",
        "alias": "Settings",
        "meta": "@Settings",
        "userDefined": false
      }
    ],
    "isTemplate": false,
    "count": 0,
    "updated": 0
  },
  {
    "id": "74fb1711-8d82-4d22-af86-c43ec5affde6",
    "data": [
      {
        "text": "grill",
        "alias": "Settings",
        "meta": "@Settings",
        "userDefined": false
      },
      {
        "text": " ",
        "userDefined": false
      },
      {
        "text": "external",
        "alias": "VentType",
        "meta": "@VentType",
        "userDefined": false
      },
      {
        "text": " ",
        "userDefined": false
      },
      {
        "text": "samsung",
        "alias": "Brand",
        "meta": "@Brand",
        "userDefined": false
      },
      {
        "text": " ",
        "userDefined": false
      },
      {
        "text": "over the range",
        "alias": "Type",
        "meta": "@Type",
        "userDefined": false
      },
      {
        "text": " ",
        "userDefined": false
      },
      {
        "text": "slate",
        "alias": "ColorFinishFamily",
        "meta": "@ColorFinishFamily",
        "userDefined": false
      },
      {
        "text": " ",
        "userDefined": false
      },
      {
        "text": "21 in.",
        "alias": "Dimension",
        "meta": "@Dimension",
        "userDefined": false
      }
    ],
    "isTemplate": false,
    "count": 0,
    "updated": 0
  },
  {
    "id": "7bcf9079-6797-41e8-9835-34585c3809b6",
    "data": [
      {
        "text": "microwave drawers",
        "alias": "Type",
        "meta": "@Type",
        "userDefined": true
      },
      {
        "text": " ",
        "userDefined": false
      },
      {
        "text": "21 inch wide",
        "alias": "Dimension",
        "meta": "@Dimension",
        "userDefined": true
      }
    ],
    "isTemplate": false,
    "count": 0,
    "updated": 0
  },
  {
    "id": "b543f967-59ca-418c-b3a7-c454a4f5f991",
    "data": [
      {
        "text": "1425 watts - 1625 watts",
        "alias": "Wattage",
        "meta": "@Wattage",
        "userDefined": false
      },
      {
        "text": " ",
        "userDefined": false
      },
      {
        "text": "Grey",
        "alias": "ColorFinishFamily",
        "meta": "@ColorFinishFamily",
        "userDefined": true
      },
      {
        "text": " ",
        "userDefined": false
      },
      {
        "text": "500 CFM",
        "alias": "ExhaustMaximum",
        "meta": "@ExhaustMaximum",
        "userDefined": true
      },
      {
        "text": " ",
        "userDefined": false
      },
      {
        "text": "microwave",
        "alias": "Appliance",
        "meta": "@Appliance",
        "userDefined": false
      }
    ],
    "isTemplate": false,
    "count": 0,
    "updated": 0
  },
  {
    "id": "c8979f29-c4b9-4079-9615-46ab5e4cc071",
    "data": [
      {
        "text": "29.94 in.",
        "alias": "Dimension",
        "meta": "@Dimension",
        "userDefined": true
      },
      {
        "text": " ",
        "userDefined": false
      },
      {
        "text": "1025 watts - 1625 watts",
        "alias": "Wattage",
        "meta": "@Wattage",
        "userDefined": false
      },
      {
        "text": " ",
        "userDefined": false
      },
      {
        "text": "special buys",
        "alias": "GeneralFeatures",
        "meta": "@GeneralFeatures",
        "userDefined": false
      },
      {
        "text": " ",
        "userDefined": false
      },
      {
        "text": "Black",
        "alias": "ColorFinishFamily",
        "meta": "@ColorFinishFamily",
        "userDefined": false
      },
      {
        "text": " ",
        "userDefined": false
      },
      {
        "text": "microwave",
        "alias": "Appliance",
        "meta": "@Appliance",
        "userDefined": false
      },
      {
        "text": " with ",
        "userDefined": false
      },
      {
        "text": "Start/ +30 Sec",
        "alias": "Settings",
        "meta": "@Settings",
        "userDefined": false
      }
    ],
    "isTemplate": false,
    "count": 0,
    "updated": 0
  },
  {
    "id": "1a56197d-da47-4970-b328-f3263cee1e50",
    "data": [
      {
        "text": "left to right swing",
        "alias": "DoorSwingStyle",
        "meta": "@DoorSwingStyle",
        "userDefined": false
      },
      {
        "text": " ",
        "userDefined": false
      },
      {
        "text": "samsung",
        "alias": "Brand",
        "meta": "@Brand",
        "userDefined": true
      },
      {
        "text": " ",
        "userDefined": false
      },
      {
        "text": "black",
        "alias": "ColorFinishFamily",
        "meta": "@ColorFinishFamily",
        "userDefined": true
      },
      {
        "text": " ",
        "userDefined": false
      },
      {
        "text": "microwave",
        "alias": "Appliance",
        "meta": "@Appliance",
        "userDefined": true
      }
    ],
    "isTemplate": false,
    "count": 0,
    "updated": 0
  },
  {
    "id": "d75ceeb2-1292-4f31-b7e7-d02da1d22123",
    "data": [
      {
        "text": "over the range",
        "alias": "Type",
        "meta": "@Type",
        "userDefined": true
      },
      {
        "text": " ",
        "userDefined": false
      },
      {
        "text": "black",
        "alias": "ColorFinishFamily",
        "meta": "@ColorFinishFamily",
        "userDefined": true
      },
      {
        "text": " ",
        "userDefined": false
      },
      {
        "text": "small",
        "alias": "Size",
        "meta": "@Size",
        "userDefined": true
      }
    ],
    "isTemplate": false,
    "count": 0,
    "updated": 0
  },
  {
    "id": "04f590ae-8b17-4e5b-8f77-aab1ad9205f9",
    "data": [
      {
        "text": "30 in.",
        "alias": "Dimension",
        "meta": "@Dimension",
        "userDefined": false
      }
    ],
    "isTemplate": false,
    "count": 0,
    "updated": 0
  },
  {
    "id": "d3090219-ed29-4597-a612-d81f3c75f8e4",
    "data": [
      {
        "text": "i am looking for ",
        "userDefined": false
      },
      {
        "text": "five star",
        "alias": "ReviewRating",
        "meta": "@ReviewRating",
        "userDefined": true
      },
      {
        "text": " ",
        "userDefined": false
      },
      {
        "text": "400 CFM",
        "alias": "ExhaustMaximum",
        "meta": "@ExhaustMaximum",
        "userDefined": true
      },
      {
        "text": " ",
        "userDefined": false
      },
      {
        "text": "convertible",
        "alias": "VentType",
        "meta": "@VentType",
        "userDefined": true
      },
      {
        "text": " ",
        "userDefined": false
      },
      {
        "text": "microwave",
        "alias": "Appliance",
        "meta": "@Appliance",
        "userDefined": true
      }
    ],
    "isTemplate": false,
    "count": 0,
    "updated": 0
  },
  {
    "id": "eacb6c87-2635-4b28-ad4e-a3586a4af8cc",
    "data": [
      {
        "text": "i am looking for ",
        "userDefined": false
      },
      {
        "text": "defrost",
        "alias": "Settings",
        "meta": "@Settings",
        "userDefined": false
      },
      {
        "text": " ",
        "userDefined": false
      },
      {
        "text": "microwave",
        "alias": "Appliance",
        "meta": "@Appliance",
        "userDefined": false
      },
      {
        "text": " in ",
        "userDefined": false
      },
      {
        "text": "small",
        "alias": "Size",
        "meta": "@Size",
        "userDefined": false
      }
    ],
    "isTemplate": false,
    "count": 0,
    "updated": 0
  },
  {
    "id": "48a6b444-8998-4a17-99f3-aac471945425",
    "data": [
      {
        "text": "do",
        "meta": "@sys.ignore",
        "userDefined": false
      },
      {
        "text": " you have ",
        "userDefined": false
      },
      {
        "text": "microwave",
        "alias": "Appliance",
        "meta": "@Appliance",
        "userDefined": true
      },
      {
        "text": " with price of ",
        "userDefined": false
      },
      {
        "text": "$50 - $100",
        "meta": "@sys.ignore",
        "userDefined": true
      },
      {
        "text": " in ",
        "userDefined": false
      },
      {
        "text": "black",
        "alias": "ColorFinishFamily",
        "meta": "@ColorFinishFamily",
        "userDefined": false
      }
    ],
    "isTemplate": false,
    "count": 0,
    "updated": 0
  },
  {
    "id": "26625784-5c71-4a68-9e90-1cc34e8c964c",
    "data": [
      {
        "text": "do",
        "meta": "@sys.ignore",
        "userDefined": false
      },
      {
        "text": " you have ",
        "userDefined": false
      },
      {
        "text": "speed cook",
        "alias": "Settings",
        "meta": "@Settings",
        "userDefined": false
      },
      {
        "text": " ",
        "userDefined": false
      },
      {
        "text": "microwave",
        "alias": "Appliance",
        "meta": "@Appliance",
        "userDefined": false
      },
      {
        "text": " in ",
        "userDefined": false
      },
      {
        "text": "stainless steel",
        "alias": "ColorFinishFamily",
        "meta": "@ColorFinishFamily",
        "userDefined": false
      }
    ],
    "isTemplate": false,
    "count": 0,
    "updated": 0
  },
  {
    "id": "6787bfa3-d471-4cfa-8209-dbbc900edf02",
    "data": [
      {
        "text": "Smart Home Enabled",
        "alias": "GeneralFeatures",
        "meta": "@GeneralFeatures",
        "userDefined": false
      }
    ],
    "isTemplate": false,
    "count": 0,
    "updated": 0
  },
  {
    "id": "bdbe402b-5acd-4589-b947-1e8d52321729",
    "data": [
      {
        "text": "five stars only",
        "alias": "ReviewRating",
        "meta": "@ReviewRating",
        "userDefined": false
      }
    ],
    "isTemplate": false,
    "count": 0,
    "updated": 0
  },
  {
    "id": "ab365f78-abe2-44c2-a7a3-d3aaa18d3d0e",
    "data": [
      {
        "text": "i would like to see the ",
        "userDefined": false
      },
      {
        "text": "samsung",
        "alias": "Brand",
        "meta": "@Brand",
        "userDefined": false
      },
      {
        "text": " ",
        "userDefined": false
      },
      {
        "text": "microwave",
        "alias": "Appliance",
        "meta": "@Appliance",
        "userDefined": false
      },
      {
        "text": " in ",
        "userDefined": false
      },
      {
        "text": "large",
        "alias": "Size",
        "meta": "@Size",
        "userDefined": false
      }
    ],
    "isTemplate": false,
    "count": 0,
    "updated": 0
  },
  {
    "id": "4ebda650-7cd2-4274-bb34-1dea124eb4f0",
    "data": [
      {
        "text": "i am looking for ",
        "userDefined": false
      },
      {
        "text": "microwave",
        "alias": "Appliance",
        "meta": "@Appliance",
        "userDefined": false
      },
      {
        "text": " ",
        "userDefined": false
      },
      {
        "text": "countertop",
        "alias": "Type",
        "meta": "@Type",
        "userDefined": false
      }
    ],
    "isTemplate": false,
    "count": 0,
    "updated": 0
  },
  {
    "id": "b58cd1fa-dc43-40fb-99ad-3fa959e2b781",
    "data": [
      {
        "text": "Defrost",
        "alias": "Settings",
        "meta": "@Settings",
        "userDefined": false
      },
      {
        "text": " ",
        "userDefined": false
      },
      {
        "text": "Delay Bake/Delay Start",
        "alias": "Settings",
        "meta": "@Settings",
        "userDefined": false
      },
      {
        "text": " ",
        "userDefined": false
      },
      {
        "text": "Sensor Cook",
        "alias": "Settings",
        "meta": "@Settings",
        "userDefined": false
      },
      {
        "text": " ",
        "userDefined": false
      },
      {
        "text": "popcorn",
        "alias": "Settings",
        "meta": "@Settings",
        "userDefined": true
      },
      {
        "text": " ",
        "userDefined": false
      },
      {
        "text": "speed cook",
        "alias": "Settings",
        "meta": "@Settings",
        "userDefined": true
      },
      {
        "text": " ",
        "userDefined": false
      },
      {
        "text": "microwave",
        "alias": "Appliance",
        "meta": "@Appliance",
        "userDefined": true
      }
    ],
    "isTemplate": false,
    "count": 0,
    "updated": 0
  },
  {
    "id": "5a807790-739b-4f50-a4c4-8dd56b1baad1",
    "data": [
      {
        "text": "Fingerprint Resistant",
        "alias": "GeneralFeatures",
        "meta": "@GeneralFeatures",
        "userDefined": false
      },
      {
        "text": " ",
        "userDefined": false
      },
      {
        "text": "One Touch Cooking",
        "alias": "GeneralFeatures",
        "meta": "@GeneralFeatures",
        "userDefined": false
      },
      {
        "text": " ",
        "userDefined": false
      },
      {
        "text": "Turntable",
        "alias": "GeneralFeatures",
        "meta": "@GeneralFeatures",
        "userDefined": false
      },
      {
        "text": " ",
        "userDefined": false
      },
      {
        "text": "convection oven",
        "alias": "CookingProcess",
        "meta": "@CookingProcess",
        "userDefined": true
      }
    ],
    "isTemplate": false,
    "count": 0,
    "updated": 0
  },
  {
    "id": "bf86fc22-ecdc-4568-be81-3620848ca751",
    "data": [
      {
        "text": "Frigidaire Gallery",
        "alias": "Brand",
        "meta": "@Brand",
        "userDefined": false
      }
    ],
    "isTemplate": false,
    "count": 0,
    "updated": 0
  },
  {
    "id": "e13b80c9-8ab1-4483-8e83-87eae94a59c5",
    "data": [
      {
        "text": "GE",
        "alias": "Brand",
        "meta": "@Brand",
        "userDefined": false
      },
      {
        "text": " ",
        "userDefined": false
      },
      {
        "text": "microwave",
        "alias": "Appliance",
        "meta": "@Appliance",
        "userDefined": true
      },
      {
        "text": " ",
        "userDefined": false
      },
      {
        "text": "1625 watts - 1920 watts",
        "alias": "Wattage",
        "meta": "@Wattage",
        "userDefined": false
      }
    ],
    "isTemplate": false,
    "count": 0,
    "updated": 0
  },
  {
    "id": "9d07a6d3-2bef-468b-a016-de1b60de4ffb",
    "data": [
      {
        "text": "Over the Range",
        "alias": "Type",
        "meta": "@Type",
        "userDefined": false
      },
      {
        "text": " ",
        "userDefined": false
      },
      {
        "text": "Low Profile",
        "alias": "GeneralFeatures",
        "meta": "@GeneralFeatures",
        "userDefined": false
      },
      {
        "text": " ",
        "userDefined": false
      },
      {
        "text": "Microwave",
        "alias": "Appliance",
        "meta": "@Appliance",
        "userDefined": false
      },
      {
        "text": "  ",
        "userDefined": false
      },
      {
        "text": "Stainless Steel",
        "alias": "ColorFinishFamily",
        "meta": "@ColorFinishFamily",
        "userDefined": false
      }
    ],
    "isTemplate": false,
    "count": 0,
    "updated": 0
  },
  {
    "id": "8628ca77-4554-49bc-b498-4c5a86a291d4",
    "data": [
      {
        "text": "convertible",
        "alias": "VentType",
        "meta": "@VentType",
        "userDefined": false
      }
    ],
    "isTemplate": false,
    "count": 0,
    "updated": 0
  },
  {
    "id": "95f5ee86-45ac-4d30-90c4-b62435836cf9",
    "data": [
      {
        "text": "medium",
        "alias": "Size",
        "meta": "@Size",
        "userDefined": false
      }
    ],
    "isTemplate": false,
    "count": 0,
    "updated": 0
  },
  {
    "id": "6f28aa55-c97a-4ada-944f-125ccd8ecc8d",
    "data": [
      {
        "text": "small",
        "alias": "Size",
        "meta": "@Size",
        "userDefined": false
      }
    ],
    "isTemplate": false,
    "count": 0,
    "updated": 0
  },
  {
    "id": "663822d5-cf96-4c88-8bfd-47375bf16686",
    "data": [
      {
        "text": "200 cfm",
        "alias": "ExhaustMaximum",
        "meta": "@ExhaustMaximum",
        "userDefined": false
      }
    ],
    "isTemplate": false,
    "count": 0,
    "updated": 0
  },
  {
    "id": "9ccd5682-0f12-4bdf-9423-c3884bf8f3e3",
    "data": [
      {
        "text": "Recirculating",
        "alias": "VentType",
        "meta": "@VentType",
        "userDefined": false
      }
    ],
    "isTemplate": false,
    "count": 0,
    "updated": 0
  },
  {
    "id": "0a244fcf-2475-409e-8018-b030f80ab314",
    "data": [
      {
        "text": "Countertop Microwaves",
        "alias": "Type",
        "meta": "@Type",
        "userDefined": false
      }
    ],
    "isTemplate": false,
    "count": 0,
    "updated": 0
  },
  {
    "id": "5d69ef99-57ae-47e2-8072-165ca3255939",
    "data": [
      {
        "text": "pull-out",
        "alias": "DoorSwingStyle",
        "meta": "@DoorSwingStyle",
        "userDefined": false
      }
    ],
    "isTemplate": false,
    "count": 0,
    "updated": 0
  },
  {
    "id": "39705cce-d996-476a-8ca3-6e944854dfcf",
    "data": [
      {
        "text": "special buys",
        "alias": "GeneralFeatures",
        "meta": "@GeneralFeatures",
        "userDefined": false
      }
    ],
    "isTemplate": false,
    "count": 0,
    "updated": 0
  },
  {
    "id": "f815059f-b484-4ef1-8e5f-0b6fe0f98fb7",
    "data": [
      {
        "text": "smart home enabled",
        "alias": "GeneralFeatures",
        "meta": "@GeneralFeatures",
        "userDefined": false
      }
    ],
    "isTemplate": false,
    "count": 0,
    "updated": 0
  },
  {
    "id": "01e230e5-4c58-4a29-8aad-1753d7c64661",
    "data": [
      {
        "text": "in the range of $2000 - $3000",
        "meta": "@sys.ignore",
        "userDefined": true
      }
    ],
    "isTemplate": false,
    "count": 0,
    "updated": 0
  },
  {
    "id": "0700fbf7-7b5e-48ac-9db3-45508b0bcef7",
    "data": [
      {
        "text": "External",
        "alias": "VentType",
        "meta": "@VentType",
        "userDefined": false
      }
    ],
    "isTemplate": false,
    "count": 0,
    "updated": 0
  },
  {
    "id": "d9a3e412-2e6d-4c59-b4c4-01f1879974b8",
    "data": [
      {
        "text": "external",
        "alias": "VentType",
        "meta": "@VentType",
        "userDefined": false
      },
      {
        "text": " ",
        "userDefined": false
      },
      {
        "text": "500 CFM",
        "alias": "ExhaustMaximum",
        "meta": "@ExhaustMaximum",
        "userDefined": true
      },
      {
        "text": " ",
        "userDefined": false
      },
      {
        "text": "one touch cooking",
        "alias": "GeneralFeatures",
        "meta": "@GeneralFeatures",
        "userDefined": false
      },
      {
        "text": " ",
        "userDefined": false
      },
      {
        "text": "21.1 inch deep",
        "alias": "Dimension",
        "meta": "@Dimension",
        "userDefined": false
      },
      {
        "text": " ",
        "userDefined": false
      },
      {
        "text": "microwave",
        "alias": "Appliance",
        "meta": "@Appliance",
        "userDefined": false
      }
    ],
    "isTemplate": false,
    "count": 0,
    "updated": 0
  },
  {
    "id": "01756813-eb0c-4fd1-8892-06cbe0688670",
    "data": [
      {
        "text": "black",
        "alias": "ColorFinishFamily",
        "meta": "@ColorFinishFamily",
        "userDefined": false
      }
    ],
    "isTemplate": false,
    "count": 0,
    "updated": 0
  },
  {
    "id": "87e12407-8375-412e-a9dc-b36897e19378",
    "data": [
      {
        "text": "platinum glass",
        "alias": "ColorFinishFamily",
        "meta": "@ColorFinishFamily",
        "userDefined": false
      }
    ],
    "isTemplate": false,
    "count": 0,
    "updated": 0
  },
  {
    "id": "c2e6f5e5-a3ed-4dfd-a791-d701f2e2545a",
    "data": [
      {
        "text": "cuisinart",
        "alias": "Brand",
        "meta": "@Brand",
        "userDefined": false
      }
    ],
    "isTemplate": false,
    "count": 0,
    "updated": 0
  },
  {
    "id": "e7d19205-2c5e-43fa-ab46-f9aeb07ef4e8",
    "data": [
      {
        "text": "30 cu. ft.",
        "alias": "Capacity",
        "meta": "@Capacity",
        "userDefined": false
      }
    ],
    "isTemplate": false,
    "count": 0,
    "updated": 0
  },
  {
    "id": "b7d7b073-e464-4450-95e7-1fb401b45d88",
    "data": [
      {
        "text": "microwave",
        "alias": "Appliance",
        "meta": "@Appliance",
        "userDefined": false
      }
    ],
    "isTemplate": false,
    "count": 0,
    "updated": 0
  },
  {
    "id": "62a3feac-d263-47d7-9400-bb1d52bf5c5a",
    "data": [
      {
        "text": "i am looking for ",
        "userDefined": false
      },
      {
        "text": "microwave",
        "alias": "Appliance",
        "meta": "@Appliance",
        "userDefined": false
      },
      {
        "text": " in ",
        "userDefined": false
      },
      {
        "text": "29.94 in.",
        "alias": "Dimension",
        "meta": "@Dimension",
        "userDefined": true
      }
    ],
    "isTemplate": false,
    "count": 0,
    "updated": 0
  },
  {
    "id": "e49fb6d3-242b-4665-ad1d-27400cd63351",
    "data": [
      {
        "text": "21.12 inch deep",
        "alias": "Dimension",
        "meta": "@Dimension",
        "userDefined": true
      }
    ],
    "isTemplate": false,
    "count": 0,
    "updated": 0
  },
  {
    "id": "703bd3bb-a44b-4e06-92f2-648d74121a28",
    "data": [
      {
        "text": "21 inch wide",
        "alias": "Dimension",
        "meta": "@Dimension",
        "userDefined": true
      }
    ],
    "isTemplate": false,
    "count": 0,
    "updated": 0
  }
]