[
  {
    "id": "cbf5d78b-e994-49a2-91d4-8e1e59226650",
    "data": [
      {
        "text": "gliding racks",
        "alias": "GeneralFeatures",
        "meta": "@GeneralFeatures",
        "userDefined": false
      }
    ],
    "isTemplate": false,
    "count": 0,
    "updated": 0
  },
  {
    "id": "de553722-fe7a-41e4-ad72-eb9e81beee82",
    "data": [
      {
        "text": "propane",
        "alias": "GeneralFeatures",
        "meta": "@GeneralFeatures",
        "userDefined": false
      }
    ],
    "isTemplate": false,
    "count": 0,
    "updated": 0
  },
  {
    "id": "b484f88c-aaf0-4787-aaed-553adc208401",
    "data": [
      {
        "text": "Are you looking for any Cooktop ",
        "userDefined": false
      },
      {
        "text": "features",
        "alias": "FilterList",
        "meta": "@FilterList",
        "userDefined": false
      },
      {
        "text": "?",
        "userDefined": false
      }
    ],
    "isTemplate": false,
    "count": 0,
    "updated": 0
  },
  {
    "id": "bc40146a-8e89-4923-83dc-188d5dbd41c2",
    "data": [
      {
        "text": "Are you looking for any Specific ",
        "userDefined": false
      },
      {
        "text": "Oven",
        "alias": "BroilerLocation",
        "meta": "@BroilerLocation",
        "userDefined": false
      },
      {
        "text": " ",
        "userDefined": false
      },
      {
        "text": "features",
        "alias": "FilterList",
        "meta": "@FilterList",
        "userDefined": false
      },
      {
        "text": "?",
        "userDefined": false
      }
    ],
    "isTemplate": false,
    "count": 0,
    "updated": 0
  },
  {
    "id": "7d4c2e25-e8ce-4ac8-84d0-b0ccd28baac6",
    "data": [
      {
        "text": "simmer element",
        "alias": "CooktopFeatures",
        "meta": "@CooktopFeatures",
        "userDefined": false
      }
    ],
    "isTemplate": false,
    "count": 0,
    "updated": 0
  },
  {
    "id": "9e13c962-0092-41f1-b741-3acdd6b8ee19",
    "data": [
      {
        "text": "hot surface indicator light",
        "alias": "CooktopFeatures",
        "meta": "@CooktopFeatures",
        "userDefined": false
      }
    ],
    "isTemplate": false,
    "count": 0,
    "updated": 0
  },
  {
    "id": "56aa63b2-f3b4-4d35-bc9d-ce1cae637d69",
    "data": [
      {
        "text": "heating element on",
        "alias": "CooktopFeatures",
        "meta": "@CooktopFeatures",
        "userDefined": false
      }
    ],
    "isTemplate": false,
    "count": 0,
    "updated": 0
  },
  {
    "id": "39c4cbf4-6d99-4050-a025-96964fcb96e1",
    "data": [
      {
        "text": "Recessed",
        "alias": "CooktopSurfaceType",
        "meta": "@CooktopSurfaceType",
        "userDefined": false
      }
    ],
    "isTemplate": false,
    "count": 0,
    "updated": 0
  },
  {
    "id": "48c2461f-8dc9-4164-990b-757a57879d6c",
    "data": [
      {
        "text": "Radiant",
        "alias": "CooktopSurfaceType",
        "meta": "@CooktopSurfaceType",
        "userDefined": false
      }
    ],
    "isTemplate": false,
    "count": 0,
    "updated": 0
  },
  {
    "id": "ebd8db95-cf6c-4b28-9f36-92f1c8199409",
    "data": [
      {
        "text": "Induction",
        "alias": "CooktopSurfaceType",
        "meta": "@CooktopSurfaceType",
        "userDefined": false
      }
    ],
    "isTemplate": false,
    "count": 0,
    "updated": 0
  },
  {
    "id": "eb0fb220-f986-49c3-8a80-8652ba8d867f",
    "data": [
      {
        "text": "Gas On Glass",
        "alias": "CooktopSurfaceType",
        "meta": "@CooktopSurfaceType",
        "userDefined": false
      }
    ],
    "isTemplate": false,
    "count": 0,
    "updated": 0
  },
  {
    "id": "1cdeecc1-5359-411b-a6fd-b30303f74a7d",
    "data": [
      {
        "text": "Coil",
        "alias": "CooktopSurfaceType",
        "meta": "@CooktopSurfaceType",
        "userDefined": false
      }
    ],
    "isTemplate": false,
    "count": 0,
    "updated": 0
  },
  {
    "id": "8c4bb425-3809-4d7d-a963-f35d973bf951",
    "data": [
      {
        "text": "Medium",
        "alias": "Size",
        "meta": "@Size",
        "userDefined": false
      }
    ],
    "isTemplate": false,
    "count": 0,
    "updated": 0
  },
  {
    "id": "7e585ca3-c2ec-49b4-8cca-46c343485ee6",
    "data": [
      {
        "text": "no broiler",
        "alias": "BroilerLocation",
        "meta": "@BroilerLocation",
        "userDefined": false
      }
    ],
    "isTemplate": false,
    "count": 0,
    "updated": 0
  },
  {
    "id": "2e3026d0-9674-42e8-b688-467aa8a85974",
    "data": [
      {
        "text": "ge",
        "alias": "Brand",
        "meta": "@Brand",
        "userDefined": false
      },
      {
        "text": " ",
        "userDefined": false
      },
      {
        "text": "ranges",
        "alias": "Appliance",
        "meta": "@Appliance",
        "userDefined": false
      }
    ],
    "isTemplate": false,
    "count": 0,
    "updated": 0
  },
  {
    "id": "8b36d33e-b03c-4425-8e5c-bc1d529da88c",
    "data": [
      {
        "text": "samsung",
        "alias": "Brand",
        "meta": "@Brand",
        "userDefined": false
      },
      {
        "text": " ",
        "userDefined": false
      },
      {
        "text": "ranges",
        "alias": "Appliance",
        "meta": "@Appliance",
        "userDefined": false
      }
    ],
    "isTemplate": false,
    "count": 0,
    "updated": 0
  },
  {
    "id": "612deb37-561d-4261-83fd-4663bd3628a1",
    "data": [
      {
        "text": "are you looking for any specific ",
        "userDefined": false
      },
      {
        "text": "fuel type",
        "alias": "FilterList",
        "meta": "@FilterList",
        "userDefined": false
      },
      {
        "text": "?",
        "userDefined": false
      }
    ],
    "isTemplate": false,
    "count": 0,
    "updated": 0
  },
  {
    "id": "e2e374fe-76eb-4981-a49c-a4aab5f16548",
    "data": [
      {
        "text": "Which ",
        "userDefined": false
      },
      {
        "text": "rating",
        "alias": "FilterList",
        "meta": "@FilterList",
        "userDefined": false
      },
      {
        "text": " do you prefer most? ",
        "userDefined": false
      },
      {
        "text": "5  Stars only",
        "alias": "ReviewRating",
        "meta": "@ReviewRating",
        "userDefined": false
      }
    ],
    "isTemplate": false,
    "count": 0,
    "updated": 0
  },
  {
    "id": "b6782249-5e19-419b-aeb2-1f96ab921a73",
    "data": [
      {
        "text": "Front",
        "alias": "ControlLocation",
        "meta": "@ControlLocation",
        "userDefined": false
      }
    ],
    "isTemplate": false,
    "count": 0,
    "updated": 0
  },
  {
    "id": "8c59541a-21b7-4e32-a907-ca1210019d23",
    "data": [
      {
        "text": "Silver",
        "alias": "ColorFinishFamily",
        "meta": "@ColorFinishFamily",
        "userDefined": false
      }
    ],
    "isTemplate": false,
    "count": 0,
    "updated": 0
  },
  {
    "id": "d8ed8143-59ec-478d-a7c3-819631677051",
    "data": [
      {
        "text": "Copper",
        "alias": "ColorFinishFamily",
        "meta": "@ColorFinishFamily",
        "userDefined": false
      }
    ],
    "isTemplate": false,
    "count": 0,
    "updated": 0
  },
  {
    "id": "e5ae9e35-8644-470f-829b-6300967daee3",
    "data": [
      {
        "text": "Bronze Stainless",
        "alias": "ColorFinishFamily",
        "meta": "@ColorFinishFamily",
        "userDefined": false
      }
    ],
    "isTemplate": false,
    "count": 0,
    "updated": 0
  },
  {
    "id": "888b90ed-afdf-4a52-9282-b9dfdee2b1c8",
    "data": [
      {
        "text": "Dishwasher Safe Grates",
        "alias": "CooktopFeatures",
        "meta": "@CooktopFeatures",
        "userDefined": false
      }
    ],
    "isTemplate": false,
    "count": 0,
    "updated": 0
  },
  {
    "id": "0521eabb-8600-4768-be4b-620f31174acc",
    "data": [
      {
        "text": "downdraft",
        "alias": "CooktopFeatures",
        "meta": "@CooktopFeatures",
        "userDefined": false
      }
    ],
    "isTemplate": false,
    "count": 0,
    "updated": 0
  },
  {
    "id": "098941e5-cb70-4f39-86df-a69d1021193a",
    "data": [
      {
        "text": "Bridge Element",
        "alias": "CooktopFeatures",
        "meta": "@CooktopFeatures",
        "userDefined": false
      }
    ],
    "isTemplate": false,
    "count": 0,
    "updated": 0
  },
  {
    "id": "57233d06-2a90-4964-a590-dee72f3466c2",
    "data": [
      {
        "text": "Unique",
        "alias": "Brand",
        "meta": "@Brand",
        "userDefined": false
      }
    ],
    "isTemplate": false,
    "count": 0,
    "updated": 0
  },
  {
    "id": "c66b93a9-7bff-4fe4-ac52-ef6749ce9e65",
    "data": [
      {
        "text": "oven ranges",
        "alias": "Appliance",
        "meta": "@Appliance",
        "userDefined": false
      }
    ],
    "isTemplate": false,
    "count": 0,
    "updated": 0
  },
  {
    "id": "580cc07a-0f50-45b0-a1f3-521057cfc9ce",
    "data": [
      {
        "text": "show me ",
        "userDefined": false
      },
      {
        "text": "range",
        "alias": "Appliance",
        "meta": "@Appliance",
        "userDefined": false
      },
      {
        "text": " with ",
        "userDefined": false
      },
      {
        "text": "6",
        "alias": "Number",
        "meta": "@sys.number",
        "userDefined": false
      },
      {
        "text": " burners of ",
        "userDefined": false
      },
      {
        "text": "30 in.",
        "alias": "Dimension",
        "meta": "@Dimension",
        "userDefined": true
      },
      {
        "text": " having ",
        "userDefined": false
      },
      {
        "text": "Built-in Counter Lip",
        "alias": "CooktopFeatures",
        "meta": "@CooktopFeatures",
        "userDefined": false
      },
      {
        "text": " and ",
        "userDefined": false
      },
      {
        "text": "warming drawer",
        "alias": "DrawerType",
        "meta": "@DrawerType",
        "userDefined": false
      }
    ],
    "isTemplate": false,
    "count": 1,
    "updated": 0
  },
  {
    "id": "f30ca478-1862-4e9a-8151-c83a5dcd6502",
    "data": [
      {
        "text": "How many people will use the ",
        "userDefined": false
      },
      {
        "text": "appliance",
        "alias": "FilterList",
        "meta": "@FilterList",
        "userDefined": false
      },
      {
        "text": "?",
        "userDefined": false
      }
    ],
    "isTemplate": false,
    "count": 1,
    "updated": 0
  },
  {
    "id": "6cadfe67-b103-4b5c-881f-c9d761f08a63",
    "data": [
      {
        "text": "5.3 cu. ft.",
        "alias": "Capacity",
        "meta": "@Capacity",
        "userDefined": true
      }
    ],
    "isTemplate": false,
    "count": 2,
    "updated": 0
  },
  {
    "id": "5af127e6-6b5f-44bc-839e-8b23ad056d7f",
    "data": [
      {
        "text": "do you want explore on ",
        "userDefined": false
      },
      {
        "text": "Air Fry",
        "alias": "GeneralFeatures",
        "meta": "@GeneralFeatures",
        "userDefined": false
      },
      {
        "text": " ",
        "userDefined": false
      },
      {
        "text": "feature",
        "alias": "FilterList",
        "meta": "@FilterList",
        "userDefined": false
      },
      {
        "text": " ?",
        "userDefined": false
      }
    ],
    "isTemplate": false,
    "count": 0,
    "updated": 0
  },
  {
    "id": "7b6ffe10-bc30-4f84-b27e-8a6f20bce247",
    "data": [
      {
        "text": "Are you looking for any ",
        "userDefined": false
      },
      {
        "text": "brand",
        "alias": "FilterList",
        "meta": "@FilterList",
        "userDefined": false
      },
      {
        "text": " ? ",
        "userDefined": false
      },
      {
        "text": "Kucht",
        "alias": "Brand",
        "meta": "@Brand",
        "userDefined": false
      }
    ],
    "isTemplate": false,
    "count": 0,
    "updated": 0
  },
  {
    "id": "7664a8f3-da4c-48ac-beb9-e02e463c20ac",
    "data": [
      {
        "text": "i would prefer to buy a ",
        "userDefined": false
      },
      {
        "text": "Slide-In",
        "alias": "InstallationType",
        "meta": "@InstallationType",
        "userDefined": false
      },
      {
        "text": " ",
        "userDefined": false
      },
      {
        "text": "Continuous Grates",
        "alias": "CooktopFeatures",
        "meta": "@CooktopFeatures",
        "userDefined": false
      },
      {
        "text": " ",
        "userDefined": false
      },
      {
        "text": "True Convection",
        "alias": "CookingProcess",
        "meta": "@CookingProcess",
        "userDefined": false
      },
      {
        "text": " ",
        "userDefined": false
      },
      {
        "text": "Whirlpool",
        "alias": "Brand",
        "meta": "@Brand",
        "userDefined": false
      },
      {
        "text": " ",
        "userDefined": false
      },
      {
        "text": "Double Oven",
        "alias": "OvenType",
        "meta": "@OvenType",
        "userDefined": false
      },
      {
        "text": " ",
        "userDefined": false
      },
      {
        "text": "Gas",
        "alias": "Type",
        "meta": "@Type",
        "userDefined": false
      },
      {
        "text": " ",
        "userDefined": false
      },
      {
        "text": "Range",
        "alias": "Appliance",
        "meta": "@Appliance",
        "userDefined": false
      }
    ],
    "isTemplate": false,
    "count": 0,
    "updated": 0
  },
  {
    "id": "8c310297-0fa8-4cde-80b6-efe3e632e635",
    "data": [
      {
        "text": "Steam Clean",
        "alias": "GeneralFeatures",
        "meta": "@GeneralFeatures",
        "userDefined": false
      },
      {
        "text": " ",
        "userDefined": false
      },
      {
        "text": "GE",
        "alias": "Brand",
        "meta": "@Brand",
        "userDefined": false
      },
      {
        "text": " ",
        "userDefined": false
      },
      {
        "text": "Green",
        "alias": "ColorFinishFamily",
        "meta": "@ColorFinishFamily",
        "userDefined": false
      }
    ],
    "isTemplate": false,
    "count": 0,
    "updated": 0
  },
  {
    "id": "64759ff9-0667-4817-8423-656bc72a38ff",
    "data": [
      {
        "text": "Smart Home Enabled",
        "alias": "GeneralFeatures",
        "meta": "@GeneralFeatures",
        "userDefined": false
      },
      {
        "text": " ",
        "userDefined": false
      },
      {
        "text": "KitchenAid",
        "alias": "Brand",
        "meta": "@Brand",
        "userDefined": false
      },
      {
        "text": " ",
        "userDefined": false
      },
      {
        "text": "drop in",
        "alias": "InstallationType",
        "meta": "@InstallationType",
        "userDefined": false
      },
      {
        "text": " ",
        "userDefined": false
      },
      {
        "text": "ranges",
        "alias": "Appliance",
        "meta": "@Appliance",
        "userDefined": false
      }
    ],
    "isTemplate": false,
    "count": 0,
    "updated": 0
  },
  {
    "id": "a6eb8756-da16-43c1-97f9-24b9f612bb86",
    "data": [
      {
        "text": "looking for ",
        "userDefined": false
      },
      {
        "text": "4 star",
        "alias": "ReviewRating",
        "meta": "@ReviewRating",
        "userDefined": false
      },
      {
        "text": " ",
        "userDefined": false
      },
      {
        "text": "rating",
        "alias": "FilterList",
        "meta": "@FilterList",
        "userDefined": false
      },
      {
        "text": " ",
        "userDefined": false
      },
      {
        "text": "Dishwasher Safe Grates",
        "alias": "CooktopFeatures",
        "meta": "@CooktopFeatures",
        "userDefined": false
      }
    ],
    "isTemplate": false,
    "count": 1,
    "updated": 0
  },
  {
    "id": "0095cd05-bd90-448d-8de9-c2a84f2c0bcb",
    "data": [
      {
        "text": "Are you interested in ",
        "userDefined": false
      },
      {
        "text": "convection",
        "alias": "CookingProcess",
        "meta": "@CookingProcess",
        "userDefined": false
      },
      {
        "text": " cooking?",
        "userDefined": false
      }
    ],
    "isTemplate": false,
    "count": 0,
    "updated": 0
  },
  {
    "id": "ee335d38-0506-4795-8edb-7c6584084151",
    "data": [
      {
        "text": "single electric oven",
        "alias": "Type",
        "meta": "@Type",
        "userDefined": false
      }
    ],
    "isTemplate": false,
    "count": 0,
    "updated": 0
  },
  {
    "id": "12a97d3b-aa5d-496d-92f0-681fec567ee0",
    "data": [
      {
        "text": "single electric oven",
        "alias": "Type",
        "meta": "@Type",
        "userDefined": false
      },
      {
        "text": " ",
        "userDefined": false
      },
      {
        "text": "ranges",
        "alias": "Appliance",
        "meta": "@Appliance",
        "userDefined": false
      }
    ],
    "isTemplate": false,
    "count": 0,
    "updated": 0
  },
  {
    "id": "2f1ff1d9-24da-466d-8cf7-090301f252ca",
    "data": [
      {
        "text": "single oven",
        "alias": "OvenType",
        "meta": "@OvenType",
        "userDefined": false
      },
      {
        "text": " ",
        "userDefined": false
      },
      {
        "text": "electric",
        "alias": "Type",
        "meta": "@Type",
        "userDefined": false
      },
      {
        "text": " ",
        "userDefined": false
      },
      {
        "text": "ranges",
        "alias": "Appliance",
        "meta": "@Appliance",
        "userDefined": false
      }
    ],
    "isTemplate": false,
    "count": 0,
    "updated": 0
  },
  {
    "id": "342d696b-6396-4082-a071-f2abdccb1cd3",
    "data": [
      {
        "text": "induction",
        "alias": "CooktopSurfaceType",
        "meta": "@CooktopSurfaceType",
        "userDefined": false
      },
      {
        "text": " ",
        "userDefined": false
      },
      {
        "text": "range",
        "alias": "Appliance",
        "meta": "@Appliance",
        "userDefined": false
      }
    ],
    "isTemplate": false,
    "count": 0,
    "updated": 0
  },
  {
    "id": "32fd77e9-a93f-40c4-963d-03c88c427265",
    "data": [
      {
        "text": "manual clean",
        "alias": "GeneralFeatures",
        "meta": "@GeneralFeatures",
        "userDefined": false
      }
    ],
    "isTemplate": false,
    "count": 0,
    "updated": 0
  },
  {
    "id": "5417b0b3-3ccc-4640-ae56-d0964c86dd18",
    "data": [
      {
        "text": "looking for an ",
        "userDefined": false
      },
      {
        "text": "energy efficient",
        "alias": "GeneralFeatures",
        "meta": "@GeneralFeatures",
        "userDefined": false
      },
      {
        "text": " ",
        "userDefined": false
      },
      {
        "text": "range",
        "alias": "Appliance",
        "meta": "@Appliance",
        "userDefined": false
      }
    ],
    "isTemplate": false,
    "count": 0,
    "updated": 0
  },
  {
    "id": "a3a5d88a-4785-48d3-9814-b5fc529ccc4c",
    "data": [
      {
        "text": "What\u0027s the ",
        "userDefined": false
      },
      {
        "text": "capacity",
        "alias": "FilterList",
        "meta": "@FilterList",
        "userDefined": false
      },
      {
        "text": " that you are looking for?",
        "userDefined": false
      }
    ],
    "isTemplate": false,
    "count": 0,
    "updated": 0
  },
  {
    "id": "4334216b-e6b5-44b5-8036-3ef86e61acff",
    "data": [
      {
        "text": "lower oven",
        "alias": "DoubleOvenType",
        "meta": "@DoubleOvenType",
        "userDefined": false
      },
      {
        "text": " with ",
        "userDefined": false
      },
      {
        "text": "capacity",
        "alias": "FilterList",
        "meta": "@FilterList",
        "userDefined": false
      },
      {
        "text": " ",
        "userDefined": false
      },
      {
        "text": "4.2 cu. ft.",
        "alias": "Capacity",
        "meta": "@Capacity",
        "userDefined": true
      }
    ],
    "isTemplate": false,
    "count": 0,
    "updated": 0
  },
  {
    "id": "0537e107-7230-41b0-8038-5ab2080e69c8",
    "data": [
      {
        "text": "upper oven",
        "alias": "DoubleOvenType",
        "meta": "@DoubleOvenType",
        "userDefined": false
      },
      {
        "text": " having ",
        "userDefined": false
      },
      {
        "text": "Dual Zone Cooking",
        "alias": "GeneralFeatures",
        "meta": "@GeneralFeatures",
        "userDefined": false
      },
      {
        "text": " ",
        "userDefined": false
      },
      {
        "text": "feature",
        "alias": "FilterList",
        "meta": "@FilterList",
        "userDefined": false
      }
    ],
    "isTemplate": false,
    "count": 0,
    "updated": 0
  },
  {
    "id": "37a02599-7681-4008-ac9b-53bad6c9b141",
    "data": [
      {
        "text": "35 inch",
        "alias": "Dimension",
        "meta": "@Dimension",
        "userDefined": true
      }
    ],
    "isTemplate": false,
    "count": 0,
    "updated": 0
  },
  {
    "id": "af3cacef-2c91-4fd1-8842-b0c390a07729",
    "data": [
      {
        "text": "35",
        "alias": "Number",
        "meta": "@sys.number",
        "userDefined": false
      }
    ],
    "isTemplate": false,
    "count": 0,
    "updated": 0
  },
  {
    "id": "f313a691-6561-410c-8f3a-46e75c24849b",
    "data": [
      {
        "text": "1 star and up",
        "alias": "ReviewRating",
        "meta": "@ReviewRating",
        "userDefined": false
      }
    ],
    "isTemplate": false,
    "count": 1,
    "updated": 0
  },
  {
    "id": "bffd4eb4-1650-4fe0-9d06-7d528632c61d",
    "data": [
      {
        "text": "Do you cook ",
        "userDefined": false
      },
      {
        "text": "large",
        "alias": "Size",
        "meta": "@Size",
        "userDefined": true
      },
      {
        "text": " meals ",
        "userDefined": false
      },
      {
        "text": "often",
        "meta": "@sys.ignore",
        "userDefined": false
      },
      {
        "text": "?",
        "userDefined": false
      }
    ],
    "isTemplate": false,
    "count": 0,
    "updated": 0
  },
  {
    "id": "f63ef24e-28a8-4045-ae73-2af928c1b6ac",
    "data": [
      {
        "text": "Do you prefer ",
        "userDefined": false
      },
      {
        "text": "back",
        "alias": "ControlLocation",
        "meta": "@ControlLocation",
        "userDefined": true
      },
      {
        "text": " or ",
        "userDefined": false
      },
      {
        "text": "front controls",
        "alias": "ControlLocation",
        "meta": "@ControlLocation",
        "userDefined": false
      },
      {
        "text": "?",
        "userDefined": false
      }
    ],
    "isTemplate": false,
    "count": 0,
    "updated": 0
  },
  {
    "id": "cf248829-14ac-4365-9340-7345e383c75d",
    "data": [
      {
        "text": "How ",
        "userDefined": false
      },
      {
        "text": "large",
        "alias": "Size",
        "meta": "@Size",
        "userDefined": true
      },
      {
        "text": " is your ",
        "userDefined": false
      },
      {
        "text": "cutout",
        "alias": "InstallationType",
        "meta": "@InstallationType",
        "userDefined": false
      },
      {
        "text": " ",
        "userDefined": false
      },
      {
        "text": "space",
        "alias": "FilterList",
        "meta": "@FilterList",
        "userDefined": false
      },
      {
        "text": "? ",
        "userDefined": false
      },
      {
        "text": "20 inch",
        "alias": "Dimension",
        "meta": "@Dimension",
        "userDefined": true
      }
    ],
    "isTemplate": false,
    "count": 1,
    "updated": 0
  }
]