[
  {
    "id": "2b297ae0-f9ea-4191-bc5a-1b1f3e2abeb5",
    "data": [
      {
        "text": "How often",
        "alias": "FilterList",
        "meta": "@FilterList",
        "userDefined": false
      },
      {
        "text": " do you shop for food?",
        "userDefined": false
      }
    ],
    "isTemplate": false,
    "count": 0,
    "updated": 0
  },
  {
    "id": "f23ae296-d629-4561-8acc-41016c36bd49",
    "data": [
      {
        "text": "How ",
        "userDefined": false
      },
      {
        "text": "big",
        "meta": "@sys.ignore",
        "userDefined": false
      },
      {
        "text": " are your doorways and hallways ",
        "userDefined": false
      },
      {
        "text": "spaces",
        "alias": "FilterList",
        "meta": "@FilterList",
        "userDefined": false
      },
      {
        "text": " that the deliver agents will have to travel down?",
        "userDefined": false
      }
    ],
    "isTemplate": false,
    "count": 0,
    "updated": 0
  },
  {
    "id": "86ce6bc7-3be6-49dd-850f-96d1f00782ff",
    "data": [
      {
        "text": "don\u0027t",
        "alias": "GeneralFeatures",
        "meta": "@GeneralFeatures",
        "userDefined": true
      },
      {
        "text": " want ",
        "userDefined": false
      },
      {
        "text": "samsung",
        "alias": "Brand",
        "meta": "@Brand",
        "userDefined": false
      }
    ],
    "isTemplate": false,
    "count": 0,
    "updated": 0
  },
  {
    "id": "4fc4e133-d2b0-43a5-8db8-17c6ea18c38c",
    "data": [
      {
        "text": "any, but ",
        "userDefined": false
      },
      {
        "text": "don\u0027t",
        "alias": "GeneralFeatures",
        "meta": "@GeneralFeatures",
        "userDefined": true
      },
      {
        "text": " want ",
        "userDefined": false
      },
      {
        "text": "samsung",
        "alias": "Brand",
        "meta": "@Brand",
        "userDefined": false
      }
    ],
    "isTemplate": false,
    "count": 0,
    "updated": 0
  },
  {
    "id": "ac106b4c-2d3d-4416-be4a-88904eb9212b",
    "data": [
      {
        "text": "Are you looking for ",
        "userDefined": false
      },
      {
        "text": "Delay start",
        "alias": "GeneralFeatures",
        "meta": "@GeneralFeatures",
        "userDefined": false
      },
      {
        "text": "? ",
        "userDefined": false
      },
      {
        "text": "Yes",
        "alias": "GeneralFeatures",
        "meta": "@GeneralFeatures",
        "userDefined": false
      },
      {
        "text": ", ",
        "userDefined": false
      },
      {
        "text": "smart home",
        "alias": "GeneralFeatures",
        "meta": "@GeneralFeatures",
        "userDefined": false
      }
    ],
    "isTemplate": false,
    "count": 0,
    "updated": 0
  },
  {
    "id": "b717f677-0044-4054-a76f-d3ffe1fd5ed4",
    "data": [
      {
        "text": "no",
        "alias": "GeneralFeatures",
        "meta": "@GeneralFeatures",
        "userDefined": false
      },
      {
        "text": " ",
        "userDefined": false
      },
      {
        "text": "french door",
        "alias": "Style",
        "meta": "@Style",
        "userDefined": false
      }
    ],
    "isTemplate": false,
    "count": 0,
    "updated": 0
  },
  {
    "id": "5d76367a-24a4-4493-b35c-861d65dae6cf",
    "data": [
      {
        "text": "yes",
        "alias": "GeneralFeatures",
        "meta": "@GeneralFeatures",
        "userDefined": false
      },
      {
        "text": " ",
        "userDefined": false
      },
      {
        "text": "25 cubic feet",
        "alias": "Capacity",
        "meta": "@Capacity",
        "userDefined": false
      }
    ],
    "isTemplate": false,
    "count": 0,
    "updated": 0
  },
  {
    "id": "41a168e3-896a-4374-8626-a1c27f363358",
    "data": [
      {
        "text": "yes",
        "alias": "GeneralFeatures",
        "meta": "@GeneralFeatures",
        "userDefined": false
      },
      {
        "text": " ",
        "userDefined": false
      },
      {
        "text": "black",
        "alias": "ColorFinishFamily",
        "meta": "@ColorFinishFamily",
        "userDefined": false
      }
    ],
    "isTemplate": false,
    "count": 0,
    "updated": 0
  },
  {
    "id": "56c92a30-dd41-4c71-8493-e7602e355788",
    "data": [
      {
        "text": "are you looking for any ",
        "userDefined": false
      },
      {
        "text": "ice maker features",
        "alias": "FilterList",
        "meta": "@FilterList",
        "userDefined": false
      },
      {
        "text": " ?",
        "userDefined": false
      }
    ],
    "isTemplate": false,
    "count": 0,
    "updated": 0
  },
  {
    "id": "3cc462b8-cd0d-4813-8a21-eee1d2c558d1",
    "data": [
      {
        "text": "Are you looking for any ",
        "userDefined": false
      },
      {
        "text": "dispenser features",
        "alias": "FilterList",
        "meta": "@FilterList",
        "userDefined": false
      },
      {
        "text": "?",
        "userDefined": false
      }
    ],
    "isTemplate": false,
    "count": 0,
    "updated": 0
  },
  {
    "id": "fc065882-a5d8-46e0-85f4-3fa840fdc38e",
    "data": [
      {
        "text": "Are you looking for any specific ",
        "userDefined": false
      },
      {
        "text": "feature",
        "alias": "FilterList",
        "meta": "@FilterList",
        "userDefined": false
      },
      {
        "text": "?",
        "userDefined": false
      }
    ],
    "isTemplate": false,
    "count": 0,
    "updated": 0
  },
  {
    "id": "84c199cb-4eb1-4591-bdda-eb158bff72f8",
    "data": [
      {
        "text": "Bi-weekly",
        "alias": "Frequency",
        "meta": "@Frequency",
        "userDefined": false
      }
    ],
    "isTemplate": false,
    "count": 0,
    "updated": 0
  },
  {
    "id": "57577e01-a750-40c3-9c81-dab2d7d234f2",
    "data": [
      {
        "text": "i am looking for ",
        "userDefined": false
      },
      {
        "text": "freestanding",
        "alias": "InstallationType",
        "meta": "@InstallationType",
        "userDefined": false
      }
    ],
    "isTemplate": false,
    "count": 0,
    "updated": 0
  },
  {
    "id": "7e3c96ce-f9c4-4a3c-af1b-0192cab84214",
    "data": [
      {
        "text": "black",
        "alias": "ColorFinishFamily",
        "meta": "@ColorFinishFamily",
        "userDefined": false
      },
      {
        "text": " ",
        "userDefined": false
      },
      {
        "text": "samsung",
        "alias": "Brand",
        "meta": "@Brand",
        "userDefined": false
      },
      {
        "text": " ",
        "userDefined": false
      },
      {
        "text": "refrigerator",
        "alias": "Appliance",
        "meta": "@Appliance",
        "userDefined": false
      }
    ],
    "isTemplate": false,
    "count": 0,
    "updated": 0
  },
  {
    "id": "df7685c1-15ae-4ee5-be88-ca44592023a2",
    "data": [
      {
        "text": "How many people are in your ",
        "userDefined": false
      },
      {
        "text": "family",
        "alias": "FilterList",
        "meta": "@FilterList",
        "userDefined": false
      },
      {
        "text": "?",
        "userDefined": false
      }
    ],
    "isTemplate": false,
    "count": 0,
    "updated": 0
  },
  {
    "id": "2397d20c-f8b5-4d2b-8ffe-72027e4d319d",
    "data": [
      {
        "text": "I would love to see some ",
        "userDefined": false
      },
      {
        "text": "refrigerators",
        "alias": "Appliance",
        "meta": "@Appliance",
        "userDefined": false
      }
    ],
    "isTemplate": false,
    "count": 0,
    "updated": 0
  },
  {
    "id": "72938c88-ef70-43f8-b6cb-e29f3ba191d3",
    "data": [
      {
        "text": "i am looking for ",
        "userDefined": false
      },
      {
        "text": "refrigerator",
        "alias": "Appliance",
        "meta": "@Appliance",
        "userDefined": false
      }
    ],
    "isTemplate": false,
    "count": 0,
    "updated": 0
  },
  {
    "id": "c5171718-554a-4fcb-a816-5f6d8c6e6fad",
    "data": [
      {
        "text": "i\u0027m looking for ",
        "userDefined": false
      },
      {
        "text": "refrigerator",
        "alias": "Appliance",
        "meta": "@Appliance",
        "userDefined": false
      }
    ],
    "isTemplate": false,
    "count": 0,
    "updated": 0
  },
  {
    "id": "fc010c12-9916-4093-b944-12831d40b252",
    "data": [
      {
        "text": "Do you prefer your ",
        "userDefined": false
      },
      {
        "text": "refrigerator",
        "alias": "Appliance",
        "meta": "@Appliance",
        "userDefined": false
      },
      {
        "text": " ",
        "userDefined": false
      },
      {
        "text": "flush",
        "alias": "FilterList",
        "meta": "@FilterList",
        "userDefined": false
      },
      {
        "text": " with your cabinets?",
        "userDefined": false
      }
    ],
    "isTemplate": false,
    "count": 0,
    "updated": 0
  },
  {
    "id": "b7bf1cb0-6fc4-416d-bcda-a5ba41227a0a",
    "data": [
      {
        "text": "fridge",
        "alias": "Appliance",
        "meta": "@Appliance",
        "userDefined": true
      }
    ],
    "isTemplate": false,
    "count": 0,
    "updated": 0
  },
  {
    "id": "a85da4bb-2d7e-40d5-a8ec-99772f06b873",
    "data": [
      {
        "text": "i am looking for ",
        "userDefined": false
      },
      {
        "text": "fridge",
        "alias": "Appliance",
        "meta": "@Appliance",
        "userDefined": false
      },
      {
        "text": " in ",
        "userDefined": false
      },
      {
        "text": "rebates",
        "alias": "GeneralFeatures",
        "meta": "@GeneralFeatures",
        "userDefined": false
      }
    ],
    "isTemplate": false,
    "count": 0,
    "updated": 0
  },
  {
    "id": "341c1826-434b-4ade-841a-98c319904e0d",
    "data": [
      {
        "text": "looking for ",
        "userDefined": false
      },
      {
        "text": "fridge",
        "alias": "Appliance",
        "meta": "@Appliance",
        "userDefined": false
      },
      {
        "text": " which can fit in my ",
        "userDefined": false
      },
      {
        "text": "room",
        "alias": "FilterList",
        "meta": "@FilterList",
        "userDefined": false
      }
    ],
    "isTemplate": false,
    "count": 0,
    "updated": 0
  },
  {
    "id": "1d2e3a2d-f9c5-45a4-b6c5-ddefe769ed0f",
    "data": [
      {
        "text": "i am looking for ",
        "userDefined": false
      },
      {
        "text": "best rated",
        "alias": "ReviewRating",
        "meta": "@ReviewRating",
        "userDefined": false
      },
      {
        "text": " ",
        "userDefined": false
      },
      {
        "text": "fridge",
        "alias": "Appliance",
        "meta": "@Appliance",
        "userDefined": false
      }
    ],
    "isTemplate": false,
    "count": 0,
    "updated": 0
  },
  {
    "id": "b6dbe212-2618-4a1c-a1dc-24ffdc0ebb6f",
    "data": [
      {
        "text": "what\u0027s the ",
        "userDefined": false
      },
      {
        "text": "total capacity",
        "alias": "FilterList",
        "meta": "@FilterList",
        "userDefined": false
      },
      {
        "text": " that you are looking for?",
        "userDefined": false
      }
    ],
    "isTemplate": false,
    "count": 0,
    "updated": 0
  },
  {
    "id": "5eb6fb25-6b96-4cfc-acd4-4849bf62834c",
    "data": [
      {
        "text": "do you want explore on ",
        "userDefined": false
      },
      {
        "text": "key features",
        "alias": "FilterList",
        "meta": "@FilterList",
        "userDefined": false
      },
      {
        "text": "?",
        "userDefined": false
      }
    ],
    "isTemplate": false,
    "count": 0,
    "updated": 0
  },
  {
    "id": "ac0b2fcb-dcb9-48ac-8974-39314e479fdf",
    "data": [
      {
        "text": "2",
        "alias": "Number",
        "meta": "@sys.number",
        "userDefined": false
      }
    ],
    "isTemplate": false,
    "count": 0,
    "updated": 0
  },
  {
    "id": "2d37c74f-a685-4658-ae2f-046847699019",
    "data": [
      {
        "text": "which ",
        "userDefined": false
      },
      {
        "text": "colour",
        "alias": "FilterList",
        "meta": "@FilterList",
        "userDefined": false
      },
      {
        "text": " you prefer ?",
        "userDefined": false
      }
    ],
    "isTemplate": false,
    "count": 0,
    "updated": 0
  },
  {
    "id": "e2b56cfe-8fc4-45ef-b7f2-6e20932a1658",
    "data": [
      {
        "text": "are looking for any specific ",
        "userDefined": false
      },
      {
        "text": "brand",
        "alias": "FilterList",
        "meta": "@FilterList",
        "userDefined": false
      },
      {
        "text": "? ",
        "userDefined": false
      },
      {
        "text": "yes",
        "alias": "GeneralFeatures",
        "meta": "@GeneralFeatures",
        "userDefined": false
      },
      {
        "text": " ",
        "userDefined": false
      },
      {
        "text": "samsung",
        "alias": "Brand",
        "meta": "@Brand",
        "userDefined": false
      }
    ],
    "isTemplate": false,
    "count": 0,
    "updated": 0
  },
  {
    "id": "ea41df64-4219-4505-a529-af7aacfca069",
    "data": [
      {
        "text": "one",
        "alias": "Number",
        "meta": "@sys.number",
        "userDefined": false
      }
    ],
    "isTemplate": false,
    "count": 0,
    "updated": 0
  },
  {
    "id": "84470af0-b7e8-4c28-bbfa-e912d90bafda",
    "data": [
      {
        "text": "which ",
        "userDefined": false
      },
      {
        "text": "brands",
        "alias": "FilterList",
        "meta": "@FilterList",
        "userDefined": false
      },
      {
        "text": " are available?",
        "userDefined": false
      }
    ],
    "isTemplate": false,
    "count": 0,
    "updated": 0
  },
  {
    "id": "1c510d8d-b656-4dac-8c5a-ccba562e2e26",
    "data": [
      {
        "text": "copper",
        "alias": "ColorFinishFamily",
        "meta": "@ColorFinishFamily",
        "userDefined": false
      }
    ],
    "isTemplate": false,
    "count": 0,
    "updated": 0
  },
  {
    "id": "004fc405-8118-47da-b8a6-49ec22afa4b7",
    "data": [
      {
        "text": "Are you looking for ",
        "userDefined": false
      },
      {
        "text": "Silver",
        "alias": "ColorFinishFamily",
        "meta": "@ColorFinishFamily",
        "userDefined": false
      }
    ],
    "isTemplate": false,
    "count": 0,
    "updated": 0
  },
  {
    "id": "6ef4a76b-658d-443b-aa69-9d2d9d465b80",
    "data": [
      {
        "text": "are you looking for ",
        "userDefined": false
      },
      {
        "text": "bronze",
        "alias": "ColorFinishFamily",
        "meta": "@ColorFinishFamily",
        "userDefined": false
      },
      {
        "text": " ",
        "userDefined": false
      },
      {
        "text": "color",
        "meta": "@sys.ignore",
        "userDefined": false
      },
      {
        "text": "?",
        "userDefined": false
      }
    ],
    "isTemplate": false,
    "count": 0,
    "updated": 0
  },
  {
    "id": "4cfbd390-2bc9-47c9-8707-5dcf3c552ced",
    "data": [
      {
        "text": "small space",
        "alias": "Style",
        "meta": "@Style",
        "userDefined": false
      },
      {
        "text": " ",
        "userDefined": false
      },
      {
        "text": "refrigerator",
        "alias": "Appliance",
        "meta": "@Appliance",
        "userDefined": true
      }
    ],
    "isTemplate": false,
    "count": 0,
    "updated": 0
  },
  {
    "id": "8cb673cd-7831-4f0c-8909-906feaec6f80",
    "data": [
      {
        "text": "can you show me a ",
        "userDefined": false
      },
      {
        "text": "fridge",
        "alias": "Appliance",
        "meta": "@Appliance",
        "userDefined": false
      },
      {
        "text": "?",
        "userDefined": false
      }
    ],
    "isTemplate": false,
    "count": 0,
    "updated": 0
  },
  {
    "id": "e705ecdc-d0ea-4df6-9405-242e1bcecc9c",
    "data": [
      {
        "text": "can you show me a ",
        "userDefined": false
      },
      {
        "text": "refrigerator",
        "alias": "Appliance",
        "meta": "@Appliance",
        "userDefined": false
      },
      {
        "text": "?",
        "userDefined": false
      }
    ],
    "isTemplate": false,
    "count": 0,
    "updated": 0
  },
  {
    "id": "51535aa0-be84-4656-b65b-249a4260c9d1",
    "data": [
      {
        "text": "do you have ",
        "userDefined": false
      },
      {
        "text": "mini fridge",
        "alias": "Style",
        "meta": "@Style",
        "userDefined": false
      },
      {
        "text": "?",
        "userDefined": false
      }
    ],
    "isTemplate": false,
    "count": 0,
    "updated": 0
  },
  {
    "id": "593ae5a7-97d3-4b6e-a588-a850b8d77d0c",
    "data": [
      {
        "text": "i am looking for ",
        "userDefined": false
      },
      {
        "text": "compact",
        "alias": "Model",
        "meta": "@Model",
        "userDefined": false
      },
      {
        "text": " ",
        "userDefined": false
      },
      {
        "text": "fridge",
        "alias": "Appliance",
        "meta": "@Appliance",
        "userDefined": false
      },
      {
        "text": ".",
        "userDefined": false
      }
    ],
    "isTemplate": false,
    "count": 0,
    "updated": 0
  },
  {
    "id": "52e3e0cd-145b-4351-bf8c-e6ea02713183",
    "data": [
      {
        "text": "do you have ",
        "userDefined": false
      },
      {
        "text": "5 star",
        "alias": "ReviewRating",
        "meta": "@ReviewRating",
        "userDefined": false
      },
      {
        "text": " ",
        "userDefined": false
      },
      {
        "text": "rating",
        "meta": "@sys.ignore",
        "userDefined": false
      },
      {
        "text": " ",
        "userDefined": false
      },
      {
        "text": "fridge",
        "alias": "Appliance",
        "meta": "@Appliance",
        "userDefined": false
      },
      {
        "text": "?",
        "userDefined": false
      }
    ],
    "isTemplate": false,
    "count": 0,
    "updated": 0
  },
  {
    "id": "914ea008-1f6d-4935-aa3d-583719fb4600",
    "data": [
      {
        "text": "Danby",
        "alias": "Brand",
        "meta": "@Brand",
        "userDefined": false
      },
      {
        "text": " ",
        "userDefined": false
      },
      {
        "text": "24 in.",
        "alias": "Dimension",
        "meta": "@Dimension",
        "userDefined": false
      },
      {
        "text": " W ",
        "userDefined": false
      },
      {
        "text": "9.2 cu. ft.",
        "alias": "Capacity",
        "meta": "@Capacity",
        "userDefined": false
      },
      {
        "text": " ",
        "userDefined": false
      },
      {
        "text": "Bottom Freezer Refrigerator",
        "alias": "Style",
        "meta": "@Style",
        "userDefined": false
      },
      {
        "text": " in ",
        "userDefined": false
      },
      {
        "text": "White",
        "alias": "ColorFinishFamily",
        "meta": "@ColorFinishFamily",
        "userDefined": false
      },
      {
        "text": ", ",
        "userDefined": false
      },
      {
        "text": "Counter Depth",
        "alias": "InstallationDepth",
        "meta": "@InstallationDepth",
        "userDefined": false
      }
    ],
    "isTemplate": false,
    "count": 0,
    "updated": 0
  },
  {
    "id": "8be3827f-4fa2-423b-a3b6-bfea90a25163",
    "data": [
      {
        "text": "are you looking for ",
        "userDefined": false
      },
      {
        "text": "fridge",
        "alias": "Appliance",
        "meta": "@Appliance",
        "userDefined": false
      },
      {
        "text": "?",
        "userDefined": false
      },
      {
        "text": "yes",
        "alias": "GeneralFeatures",
        "meta": "@GeneralFeatures",
        "userDefined": false
      }
    ],
    "isTemplate": false,
    "count": 0,
    "updated": 0
  },
  {
    "id": "8401e3c9-90ed-477b-9b33-b6e162f41522",
    "data": [
      {
        "text": "GE",
        "alias": "Brand",
        "meta": "@Brand",
        "userDefined": false
      },
      {
        "text": " ",
        "userDefined": false
      },
      {
        "text": "24.8 cu. ft.",
        "alias": "Capacity",
        "meta": "@Capacity",
        "userDefined": false
      },
      {
        "text": " ",
        "userDefined": false
      },
      {
        "text": "Bottom Freezer Refrigerator",
        "alias": "Style",
        "meta": "@Style",
        "userDefined": false
      },
      {
        "text": " in ",
        "userDefined": false
      },
      {
        "text": "Stainless Steel",
        "alias": "ColorFinishFamily",
        "meta": "@ColorFinishFamily",
        "userDefined": false
      },
      {
        "text": ", ",
        "userDefined": false
      },
      {
        "text": "ENERGY STAR",
        "alias": "GeneralFeatures",
        "meta": "@GeneralFeatures",
        "userDefined": false
      }
    ],
    "isTemplate": false,
    "count": 0,
    "updated": 0
  },
  {
    "id": "09bd2d90-52db-4230-8320-55d3bcd4b9c0",
    "data": [
      {
        "text": "do you have ",
        "userDefined": false
      },
      {
        "text": "Bottom Freezer Refrigerators",
        "alias": "Style",
        "meta": "@Style",
        "userDefined": false
      },
      {
        "text": "?",
        "userDefined": false
      }
    ],
    "isTemplate": false,
    "count": 0,
    "updated": 0
  },
  {
    "id": "1e5d1e52-34cb-4362-8dd7-0e07f30b2693",
    "data": [
      {
        "text": "i would like to buy a ",
        "userDefined": false
      },
      {
        "text": "fridge",
        "alias": "Appliance",
        "meta": "@Appliance",
        "userDefined": false
      },
      {
        "text": ".",
        "userDefined": false
      }
    ],
    "isTemplate": false,
    "count": 0,
    "updated": 0
  },
  {
    "id": "b23d675b-80d2-4aea-b43b-0ad9bba10ab1",
    "data": [
      {
        "text": "do",
        "meta": "@sys.ignore",
        "userDefined": false
      },
      {
        "text": " you ",
        "userDefined": false
      },
      {
        "text": "entertain groups",
        "alias": "ExtraStorage",
        "meta": "@ExtraStorage",
        "userDefined": false
      },
      {
        "text": " ? ",
        "userDefined": false
      },
      {
        "text": "No",
        "alias": "GeneralFeatures",
        "meta": "@GeneralFeatures",
        "userDefined": false
      }
    ],
    "isTemplate": false,
    "count": 0,
    "updated": 0
  },
  {
    "id": "c1381d13-0065-4949-80b2-dfde405d22bd",
    "data": [
      {
        "text": "Summit Appliance",
        "alias": "Brand",
        "meta": "@Brand",
        "userDefined": false
      },
      {
        "text": " ",
        "userDefined": false
      },
      {
        "text": "Flat-back Design",
        "alias": "GeneralFeatures",
        "meta": "@GeneralFeatures",
        "userDefined": false
      }
    ],
    "isTemplate": false,
    "count": 0,
    "updated": 0
  },
  {
    "id": "c40e0284-d9a2-42dc-9ffc-0d622bfb6263",
    "data": [
      {
        "text": "summit appliance",
        "alias": "Brand",
        "meta": "@Brand",
        "userDefined": false
      },
      {
        "text": " ",
        "userDefined": false
      },
      {
        "text": "side by side",
        "alias": "Style",
        "meta": "@Style",
        "userDefined": false
      },
      {
        "text": " ",
        "userDefined": false
      },
      {
        "text": "without ice maker",
        "alias": "IceMakerType",
        "meta": "@IceMakerType",
        "userDefined": false
      }
    ],
    "isTemplate": false,
    "count": 0,
    "updated": 0
  },
  {
    "id": "8b2507a1-4563-4d40-b8d6-9e5b6732b333",
    "data": [
      {
        "text": "Argon Filled Paned Glass",
        "alias": "GeneralFeatures",
        "meta": "@GeneralFeatures",
        "userDefined": false
      }
    ],
    "isTemplate": false,
    "count": 0,
    "updated": 0
  },
  {
    "id": "b155b8bd-1126-43b1-8440-0b9e185717ed",
    "data": [
      {
        "text": "samsung",
        "alias": "Brand",
        "meta": "@Brand",
        "userDefined": false
      },
      {
        "text": " ",
        "userDefined": false
      },
      {
        "text": "fridge",
        "meta": "@sys.ignore",
        "userDefined": false
      }
    ],
    "isTemplate": false,
    "count": 0,
    "updated": 0
  },
  {
    "id": "f73c1a43-07b4-4425-aa38-48378551f5b8",
    "data": [
      {
        "text": "i am looking for ",
        "userDefined": false
      },
      {
        "text": "fridge",
        "alias": "Appliance",
        "meta": "@Appliance",
        "userDefined": true
      }
    ],
    "isTemplate": false,
    "count": 0,
    "updated": 0
  },
  {
    "id": "0348967d-248a-44a5-9ca6-113df1144cda",
    "data": [
      {
        "text": "25 inch wide 23 inch deep 31 inch tall",
        "alias": "Dimension",
        "meta": "@Dimension",
        "userDefined": true
      }
    ],
    "isTemplate": false,
    "count": 1,
    "updated": 0
  },
  {
    "id": "3045cb3b-177b-4c99-9251-58d862ae5dfc",
    "data": [
      {
        "text": "$2000 - $3000",
        "meta": "@sys.ignore",
        "userDefined": true
      }
    ],
    "isTemplate": false,
    "count": 0,
    "updated": 0
  },
  {
    "id": "773b6a81-e4c0-49d6-94d2-574509afdb01",
    "data": [
      {
        "text": "between $4000 and $5000",
        "meta": "@sys.ignore",
        "userDefined": true
      }
    ],
    "isTemplate": false,
    "count": 0,
    "updated": 0
  },
  {
    "id": "7bf041e5-95ab-42ca-809b-cfadbc2308d1",
    "data": [
      {
        "text": "34 inch tall",
        "alias": "Dimension",
        "meta": "@Dimension",
        "userDefined": true
      },
      {
        "text": " ",
        "userDefined": false
      },
      {
        "text": "refrigerator",
        "alias": "Appliance",
        "meta": "@Appliance",
        "userDefined": true
      },
      {
        "text": " with ",
        "userDefined": false
      },
      {
        "text": "26 inch width",
        "alias": "Dimension",
        "meta": "@Dimension",
        "userDefined": true
      },
      {
        "text": " and colour ",
        "userDefined": false
      },
      {
        "text": "black",
        "alias": "ColorFinishFamily",
        "meta": "@ColorFinishFamily",
        "userDefined": false
      }
    ],
    "isTemplate": false,
    "count": 0,
    "updated": 0
  },
  {
    "id": "71cf1d5b-ffff-4a7c-9d76-ca6a7b53093e",
    "data": [
      {
        "text": "25 inch wide",
        "alias": "Dimension",
        "meta": "@Dimension",
        "userDefined": true
      },
      {
        "text": " ",
        "userDefined": false
      },
      {
        "text": "black",
        "alias": "ColorFinishFamily",
        "meta": "@ColorFinishFamily",
        "userDefined": false
      },
      {
        "text": " ",
        "userDefined": false
      },
      {
        "text": "34 inch high",
        "alias": "Dimension",
        "meta": "@Dimension",
        "userDefined": true
      },
      {
        "text": " ",
        "userDefined": false
      },
      {
        "text": "french door refrigerator",
        "alias": "Style",
        "meta": "@Style",
        "userDefined": true
      }
    ],
    "isTemplate": false,
    "count": 0,
    "updated": 0
  },
  {
    "id": "b234f006-ea10-4855-8b93-4818342d78a4",
    "data": [
      {
        "text": "chest freezers",
        "meta": "@sys.ignore",
        "userDefined": true
      }
    ],
    "isTemplate": false,
    "count": 0,
    "updated": 0
  },
  {
    "id": "7fa636cb-33f8-4e49-8a38-041d07cb834d",
    "data": [
      {
        "text": "3 shelves",
        "alias": "DoorShelfCount",
        "meta": "@DoorShelfCount",
        "userDefined": false
      }
    ],
    "isTemplate": false,
    "count": 0,
    "updated": 0
  },
  {
    "id": "73778f64-0d64-4fa0-8b67-a3ed7b0eb20e",
    "data": [
      {
        "text": "chef base",
        "meta": "@sys.ignore",
        "userDefined": false
      }
    ],
    "isTemplate": false,
    "count": 0,
    "updated": 0
  },
  {
    "id": "8ae7c622-9494-43f0-8972-abbb95ea96fc",
    "data": [
      {
        "text": "black",
        "alias": "ColorFinishFamily",
        "meta": "@ColorFinishFamily",
        "userDefined": false
      },
      {
        "text": " ",
        "userDefined": false
      },
      {
        "text": "french door",
        "alias": "Style",
        "meta": "@Style",
        "userDefined": true
      },
      {
        "text": " ",
        "userDefined": false
      },
      {
        "text": "25 inch deep",
        "alias": "Dimension",
        "meta": "@Dimension",
        "userDefined": true
      },
      {
        "text": " ",
        "userDefined": false
      },
      {
        "text": "3 door",
        "alias": "DoorShelfCount",
        "meta": "@DoorShelfCount",
        "userDefined": true
      }
    ],
    "isTemplate": false,
    "count": 0,
    "updated": 0
  },
  {
    "id": "0ccfc024-eaf5-46b1-97c5-9b4574b71537",
    "data": [
      {
        "text": "external water dispenser",
        "alias": "GeneralFeatures",
        "meta": "@GeneralFeatures",
        "userDefined": false
      },
      {
        "text": " brand ",
        "userDefined": false
      },
      {
        "text": "cafe",
        "alias": "Brand",
        "meta": "@Brand",
        "userDefined": false
      },
      {
        "text": " ",
        "userDefined": false
      },
      {
        "text": "24 inch deep",
        "alias": "Dimension",
        "meta": "@Dimension",
        "userDefined": true
      },
      {
        "text": " ",
        "userDefined": false
      },
      {
        "text": "black",
        "alias": "ColorFinishFamily",
        "meta": "@ColorFinishFamily",
        "userDefined": false
      },
      {
        "text": " and ",
        "userDefined": false
      },
      {
        "text": "1 door",
        "alias": "DoorShelfCount",
        "meta": "@DoorShelfCount",
        "userDefined": true
      }
    ],
    "isTemplate": false,
    "count": 0,
    "updated": 0
  },
  {
    "id": "4bffb0d1-dd7b-468d-9e43-a087aa2c5a2c",
    "data": [
      {
        "text": "22 cubic feet",
        "alias": "Capacity",
        "meta": "@Capacity",
        "userDefined": false
      },
      {
        "text": " ",
        "userDefined": false
      },
      {
        "text": "electrolux",
        "alias": "Brand",
        "meta": "@Brand",
        "userDefined": false
      },
      {
        "text": " ",
        "userDefined": false
      },
      {
        "text": "french door",
        "alias": "Style",
        "meta": "@Style",
        "userDefined": true
      },
      {
        "text": " ",
        "userDefined": false
      },
      {
        "text": "sunset bronze",
        "alias": "ColorFinishFamily",
        "meta": "@ColorFinishFamily",
        "userDefined": false
      },
      {
        "text": " with ",
        "userDefined": false
      },
      {
        "text": "interior light",
        "alias": "GeneralFeatures",
        "meta": "@GeneralFeatures",
        "userDefined": false
      },
      {
        "text": " and ",
        "userDefined": false
      },
      {
        "text": "wheels",
        "alias": "GeneralFeatures",
        "meta": "@GeneralFeatures",
        "userDefined": false
      }
    ],
    "isTemplate": false,
    "count": 0,
    "updated": 0
  },
  {
    "id": "7eb0dade-5e7f-474e-a7da-2e700b1a10fe",
    "data": [
      {
        "text": "matte white",
        "alias": "ColorFinishFamily",
        "meta": "@ColorFinishFamily",
        "userDefined": false
      },
      {
        "text": " ",
        "userDefined": false
      },
      {
        "text": "bottom freezer",
        "alias": "Style",
        "meta": "@Style",
        "userDefined": true
      },
      {
        "text": " ",
        "userDefined": false
      },
      {
        "text": "compact model",
        "alias": "Model",
        "meta": "@Model",
        "userDefined": false
      },
      {
        "text": " ",
        "userDefined": false
      },
      {
        "text": "whirlpool",
        "alias": "Brand",
        "meta": "@Brand",
        "userDefined": false
      },
      {
        "text": " ",
        "userDefined": false
      },
      {
        "text": "refrigerator",
        "alias": "Appliance",
        "meta": "@Appliance",
        "userDefined": true
      },
      {
        "text": " with ",
        "userDefined": false
      },
      {
        "text": "24 inch width 56 inch height 34 inch depth",
        "alias": "Dimension",
        "meta": "@Dimension",
        "userDefined": true
      },
      {
        "text": " having ",
        "userDefined": false
      },
      {
        "text": "internal water dispenser",
        "alias": "GeneralFeatures",
        "meta": "@GeneralFeatures",
        "userDefined": false
      }
    ],
    "isTemplate": false,
    "count": 0,
    "updated": 0
  },
  {
    "id": "eef86cb4-a7c8-43c3-9e3b-6edf164e71cb",
    "data": [
      {
        "text": "five stars only",
        "alias": "ReviewRating",
        "meta": "@ReviewRating",
        "userDefined": false
      }
    ],
    "isTemplate": false,
    "count": 0,
    "updated": 0
  },
  {
    "id": "c547290e-95fe-4642-be24-9458655ffdbb",
    "data": [
      {
        "text": "french door",
        "alias": "Style",
        "meta": "@Style",
        "userDefined": true
      },
      {
        "text": " ",
        "userDefined": false
      },
      {
        "text": "black",
        "alias": "ColorFinishFamily",
        "meta": "@ColorFinishFamily",
        "userDefined": false
      },
      {
        "text": " ",
        "userDefined": false
      },
      {
        "text": "GE",
        "alias": "Brand",
        "meta": "@Brand",
        "userDefined": false
      },
      {
        "text": " ",
        "userDefined": false
      },
      {
        "text": "counter depth",
        "alias": "InstallationDepth",
        "meta": "@InstallationDepth",
        "userDefined": false
      },
      {
        "text": " ",
        "userDefined": false
      },
      {
        "text": "standard model",
        "alias": "Model",
        "meta": "@Model",
        "userDefined": false
      }
    ],
    "isTemplate": false,
    "count": 0,
    "updated": 0
  },
  {
    "id": "9501a03f-d051-4b44-936c-82e22b7983e2",
    "data": [
      {
        "text": "Compact-in Fridge",
        "alias": "GeneralFeatures",
        "meta": "@GeneralFeatures",
        "userDefined": false
      }
    ],
    "isTemplate": false,
    "count": 0,
    "updated": 0
  },
  {
    "id": "2b062533-f20e-454e-85c3-568d6c7568a8",
    "data": [
      {
        "text": "water dispenser",
        "alias": "GeneralFeatures",
        "meta": "@GeneralFeatures",
        "userDefined": false
      }
    ],
    "isTemplate": false,
    "count": 0,
    "updated": 0
  },
  {
    "id": "e2022ffe-dc4d-4e37-99ad-9864dd449f22",
    "data": [
      {
        "text": "Humidity Control",
        "alias": "GeneralFeatures",
        "meta": "@GeneralFeatures",
        "userDefined": false
      },
      {
        "text": " ",
        "userDefined": false
      },
      {
        "text": "LED Controls Dial",
        "alias": "GeneralFeatures",
        "meta": "@GeneralFeatures",
        "userDefined": true
      },
      {
        "text": " ",
        "userDefined": false
      },
      {
        "text": "Temperature Control",
        "alias": "GeneralFeatures",
        "meta": "@GeneralFeatures",
        "userDefined": true
      },
      {
        "text": " ",
        "userDefined": false
      },
      {
        "text": "SmartHome",
        "alias": "GeneralFeatures",
        "meta": "@GeneralFeatures",
        "userDefined": true
      },
      {
        "text": " ",
        "userDefined": false
      },
      {
        "text": "Removable Basket",
        "alias": "GeneralFeatures",
        "meta": "@GeneralFeatures",
        "userDefined": true
      },
      {
        "text": " ",
        "userDefined": false
      },
      {
        "text": "door alarm",
        "alias": "GeneralFeatures",
        "meta": "@GeneralFeatures",
        "userDefined": true
      },
      {
        "text": " ",
        "userDefined": false
      },
      {
        "text": "refrigerator",
        "alias": "Appliance",
        "meta": "@Appliance",
        "userDefined": true
      }
    ],
    "isTemplate": false,
    "count": 0,
    "updated": 0
  },
  {
    "id": "81aa6992-704c-40a4-a595-a96e3d8b14ed",
    "data": [
      {
        "text": "dual ice maker",
        "alias": "IceMakerType",
        "meta": "@IceMakerType",
        "userDefined": false
      }
    ],
    "isTemplate": false,
    "count": 0,
    "updated": 0
  },
  {
    "id": "ee3596e9-89c8-41dc-bdf0-ac2386546e71",
    "data": [
      {
        "text": "2 doors",
        "alias": "DoorShelfCount",
        "meta": "@DoorShelfCount",
        "userDefined": true
      }
    ],
    "isTemplate": false,
    "count": 0,
    "updated": 0
  },
  {
    "id": "98c14cd0-b5aa-454b-8a20-40651f2194e0",
    "data": [
      {
        "text": "23 inch wide",
        "alias": "Dimension",
        "meta": "@Dimension",
        "userDefined": true
      },
      {
        "text": " ",
        "userDefined": false
      },
      {
        "text": "refrigerator",
        "alias": "Appliance",
        "meta": "@Appliance",
        "userDefined": true
      },
      {
        "text": " ",
        "userDefined": false
      },
      {
        "text": "samsung",
        "alias": "Brand",
        "meta": "@Brand",
        "userDefined": false
      }
    ],
    "isTemplate": false,
    "count": 0,
    "updated": 0
  },
  {
    "id": "3537673a-270b-4e6b-b080-ffdd95b73b9c",
    "data": [
      {
        "text": "side by side",
        "alias": "Style",
        "meta": "@Style",
        "userDefined": true
      }
    ],
    "isTemplate": false,
    "count": 0,
    "updated": 0
  },
  {
    "id": "9e56f657-da21-4fc9-838e-d3d502771a36",
    "data": [
      {
        "text": "24 inch tall",
        "alias": "Dimension",
        "meta": "@Dimension",
        "userDefined": true
      },
      {
        "text": " ",
        "userDefined": false
      },
      {
        "text": "samsung",
        "alias": "Brand",
        "meta": "@Brand",
        "userDefined": true
      },
      {
        "text": " ",
        "userDefined": false
      },
      {
        "text": "refrigerator",
        "alias": "Appliance",
        "meta": "@Appliance",
        "userDefined": true
      }
    ],
    "isTemplate": false,
    "count": 0,
    "updated": 0
  },
  {
    "id": "29fd6866-d2d5-4fd4-8c1e-c220960f483a",
    "data": [
      {
        "text": "smarthome",
        "alias": "GeneralFeatures",
        "meta": "@GeneralFeatures",
        "userDefined": true
      },
      {
        "text": " ",
        "userDefined": false
      },
      {
        "text": "refrigerator",
        "alias": "Appliance",
        "meta": "@Appliance",
        "userDefined": true
      }
    ],
    "isTemplate": false,
    "count": 0,
    "updated": 0
  },
  {
    "id": "8a8412d9-a5ca-4b90-9175-d28f213e6543",
    "data": [
      {
        "text": "french door",
        "alias": "Style",
        "meta": "@Style",
        "userDefined": true
      },
      {
        "text": " ",
        "userDefined": false
      },
      {
        "text": "large family",
        "alias": "FamilySize",
        "meta": "@FamilySize",
        "userDefined": false
      }
    ],
    "isTemplate": false,
    "count": 0,
    "updated": 0
  },
  {
    "id": "c9d8c5b0-2343-4264-aa1b-2396dd222d74",
    "data": [
      {
        "text": "side by side",
        "alias": "Style",
        "meta": "@Style",
        "userDefined": true
      },
      {
        "text": " ",
        "userDefined": false
      },
      {
        "text": "single",
        "alias": "FamilySize",
        "meta": "@FamilySize",
        "userDefined": false
      }
    ],
    "isTemplate": false,
    "count": 0,
    "updated": 0
  },
  {
    "id": "afb9d3f4-e1e3-401e-aa51-706a40e5736c",
    "data": [
      {
        "text": "monthly",
        "alias": "Frequency",
        "meta": "@Frequency",
        "userDefined": true
      },
      {
        "text": " ",
        "userDefined": false
      },
      {
        "text": "couple",
        "alias": "FamilySize",
        "meta": "@FamilySize",
        "userDefined": true
      }
    ],
    "isTemplate": false,
    "count": 0,
    "updated": 0
  },
  {
    "id": "5fb671dc-b5f6-4fd0-8ed6-255ece9dcbd5",
    "data": [
      {
        "text": "a ",
        "userDefined": false
      },
      {
        "text": "refrigerator",
        "alias": "Appliance",
        "meta": "@Appliance",
        "userDefined": true
      },
      {
        "text": " with ",
        "userDefined": false
      },
      {
        "text": "30 inch width",
        "alias": "Dimension",
        "meta": "@Dimension",
        "userDefined": true
      }
    ],
    "isTemplate": false,
    "count": 0,
    "updated": 0
  },
  {
    "id": "5302fe42-a564-47de-bec9-b21833d5aa1c",
    "data": [
      {
        "text": "37 inch wide",
        "alias": "Dimension",
        "meta": "@Dimension",
        "userDefined": true
      },
      {
        "text": " ",
        "userDefined": false
      },
      {
        "text": "refrigerator",
        "alias": "Appliance",
        "meta": "@Appliance",
        "userDefined": true
      }
    ],
    "isTemplate": false,
    "count": 0,
    "updated": 0
  },
  {
    "id": "59be9772-4d2d-4017-b040-58b797079ea6",
    "data": [
      {
        "text": "energy star",
        "alias": "GeneralFeatures",
        "meta": "@GeneralFeatures",
        "userDefined": true
      }
    ],
    "isTemplate": false,
    "count": 1,
    "updated": 0
  },
  {
    "id": "0c7bef03-555a-4e65-93ca-f00e983d74cd",
    "data": [
      {
        "text": "Entertain for drinks or food",
        "alias": "ExtraStorage",
        "meta": "@ExtraStorage",
        "userDefined": false
      }
    ],
    "isTemplate": false,
    "count": 0,
    "updated": 0
  },
  {
    "id": "d660bf42-40b4-498e-8e27-64d13165e5a3",
    "data": [
      {
        "text": "WaterShutoffValve behind fridge",
        "alias": "InstallationInstructions",
        "meta": "@InstallationInstructions",
        "userDefined": false
      }
    ],
    "isTemplate": false,
    "count": 0,
    "updated": 0
  },
  {
    "id": "2a3d4b0e-6350-481e-aa1f-e34de68d4026",
    "data": [
      {
        "text": "touchscreen",
        "alias": "GeneralFeatures",
        "meta": "@GeneralFeatures",
        "userDefined": true
      }
    ],
    "isTemplate": false,
    "count": 0,
    "updated": 0
  },
  {
    "id": "525fb5ce-418b-4a17-8fd6-9aa71eb78dea",
    "data": [
      {
        "text": "counter",
        "alias": "InstallationDepth",
        "meta": "@InstallationDepth",
        "userDefined": true
      }
    ],
    "isTemplate": false,
    "count": 0,
    "updated": 0
  },
  {
    "id": "ee6fc735-21df-4a00-bd2e-03a9b8ec4a17",
    "data": [
      {
        "text": "special drawers",
        "alias": "GeneralFeatures",
        "meta": "@GeneralFeatures",
        "userDefined": true
      }
    ],
    "isTemplate": false,
    "count": 1,
    "updated": 0
  },
  {
    "id": "968ecce1-fbea-4908-b4fc-9eb4a5c30889",
    "data": [
      {
        "text": "we are a ",
        "userDefined": false
      },
      {
        "text": "couple",
        "alias": "FamilySize",
        "meta": "@FamilySize",
        "userDefined": true
      }
    ],
    "isTemplate": false,
    "count": 1,
    "updated": 0
  },
  {
    "id": "52408877-1abe-4ab5-8a71-4008bf20933f",
    "data": [
      {
        "text": "top freezer",
        "alias": "Style",
        "meta": "@Style",
        "userDefined": true
      },
      {
        "text": " ",
        "userDefined": false
      },
      {
        "text": "bronze",
        "alias": "ColorFinishFamily",
        "meta": "@ColorFinishFamily",
        "userDefined": true
      },
      {
        "text": " ",
        "userDefined": false
      },
      {
        "text": "Samsung",
        "alias": "Brand",
        "meta": "@Brand",
        "userDefined": true
      }
    ],
    "isTemplate": false,
    "count": 0,
    "updated": 0
  },
  {
    "id": "ca6d38e5-5054-499f-bc50-e0a9c9b27d06",
    "data": [
      {
        "text": "french door",
        "alias": "Style",
        "meta": "@Style",
        "userDefined": true
      },
      {
        "text": " ",
        "userDefined": false
      },
      {
        "text": "4 door",
        "alias": "DoorShelfCount",
        "meta": "@DoorShelfCount",
        "userDefined": true
      }
    ],
    "isTemplate": false,
    "count": 1,
    "updated": 0
  },
  {
    "id": "ba92a397-546f-4b3c-8eeb-310a183e80f2",
    "data": [
      {
        "text": "eco feature",
        "alias": "GeneralFeatures",
        "meta": "@GeneralFeatures",
        "userDefined": true
      }
    ],
    "isTemplate": false,
    "count": 0,
    "updated": 0
  },
  {
    "id": "362f0162-872b-4f40-8262-7a34d9a3b84c",
    "data": [
      {
        "text": "counter depth",
        "alias": "InstallationDepth",
        "meta": "@InstallationDepth",
        "userDefined": true
      },
      {
        "text": " ",
        "userDefined": false
      },
      {
        "text": "fridge",
        "meta": "@sys.ignore",
        "userDefined": true
      }
    ],
    "isTemplate": false,
    "count": 0,
    "updated": 0
  },
  {
    "id": "7fd27fb7-d133-4cdc-9d60-4b81abb93a6c",
    "data": [
      {
        "text": "compact",
        "alias": "Model",
        "meta": "@Model",
        "userDefined": true
      },
      {
        "text": " ",
        "userDefined": false
      },
      {
        "text": "fridge",
        "meta": "@sys.ignore",
        "userDefined": true
      }
    ],
    "isTemplate": false,
    "count": 0,
    "updated": 0
  },
  {
    "id": "f7392f04-c267-4b7c-b316-535bf27cf820",
    "data": [
      {
        "text": "Door Alarm",
        "alias": "GeneralFeatures",
        "meta": "@GeneralFeatures",
        "userDefined": false
      }
    ],
    "isTemplate": false,
    "count": 0,
    "updated": 0
  },
  {
    "id": "46aa1dba-7aa9-40de-b9bb-dfc8abc3df50",
    "data": [
      {
        "text": "water shutoff valve",
        "alias": "InstallationInstructions",
        "meta": "@InstallationInstructions",
        "userDefined": false
      }
    ],
    "isTemplate": false,
    "count": 0,
    "updated": 0
  },
  {
    "id": "156c1d1d-5fe6-49af-ba6d-9aabf1296758",
    "data": [
      {
        "text": "prefer bulk storage",
        "alias": "ExtraStorage",
        "meta": "@ExtraStorage",
        "userDefined": true
      }
    ],
    "isTemplate": false,
    "count": 0,
    "updated": 0
  },
  {
    "id": "cde6ce84-b89e-40ae-800c-490f84292a88",
    "data": [
      {
        "text": "compact model",
        "alias": "Model",
        "meta": "@Model",
        "userDefined": false
      }
    ],
    "isTemplate": false,
    "count": 1,
    "updated": 0
  },
  {
    "id": "0ffd6219-a625-4a0e-b882-b129e92b8e01",
    "data": [
      {
        "text": "cut out",
        "alias": "InstallationType",
        "meta": "@InstallationType",
        "userDefined": false
      }
    ],
    "isTemplate": false,
    "count": 0,
    "updated": 0
  },
  {
    "id": "4eeea285-a25a-41b7-9929-330b6f56c2f4",
    "data": [
      {
        "text": "freestanding",
        "alias": "InstallationType",
        "meta": "@InstallationType",
        "userDefined": false
      }
    ],
    "isTemplate": false,
    "count": 0,
    "updated": 0
  },
  {
    "id": "a37f52b2-6a23-4d9a-8eb5-2206aadccb66",
    "data": [
      {
        "text": "Side by Side Refrigerator",
        "alias": "Style",
        "meta": "@Style",
        "userDefined": true
      }
    ],
    "isTemplate": false,
    "count": 0,
    "updated": 0
  },
  {
    "id": "068b3291-26e3-4e84-b616-1d4491bcb1ed",
    "data": [
      {
        "text": "24 cubic feet",
        "alias": "Capacity",
        "meta": "@Capacity",
        "userDefined": true
      }
    ],
    "isTemplate": false,
    "count": 0,
    "updated": 0
  },
  {
    "id": "ffe4257b-0172-40d6-8430-6573315f8cc1",
    "data": [
      {
        "text": "object",
        "alias": "InstallationInstructions",
        "meta": "@InstallationInstructions",
        "userDefined": false
      }
    ],
    "isTemplate": false,
    "count": 0,
    "updated": 0
  },
  {
    "id": "328c0afd-8872-41e4-8c88-c95d04303524",
    "data": [
      {
        "text": "island",
        "alias": "InstallationInstructions",
        "meta": "@InstallationInstructions",
        "userDefined": false
      }
    ],
    "isTemplate": false,
    "count": 1,
    "updated": 0
  },
  {
    "id": "695c2b86-8a8e-4743-9d97-f6f97cf9ef6b",
    "data": [
      {
        "text": "24 inch depth",
        "alias": "Dimension",
        "meta": "@Dimension",
        "userDefined": true
      }
    ],
    "isTemplate": false,
    "count": 0,
    "updated": 0
  },
  {
    "id": "d7417f97-a752-4c98-a7c5-06056f2b912d",
    "data": [
      {
        "text": "24 inch deep",
        "alias": "Dimension",
        "meta": "@Dimension",
        "userDefined": true
      }
    ],
    "isTemplate": false,
    "count": 0,
    "updated": 0
  },
  {
    "id": "fc5a52fc-ef9a-48e9-a6be-88a5c48a7807",
    "data": [
      {
        "text": "60 inch height",
        "alias": "Dimension",
        "meta": "@Dimension",
        "userDefined": true
      }
    ],
    "isTemplate": false,
    "count": 0,
    "updated": 0
  },
  {
    "id": "d5ec9503-5b27-485c-91cb-50b1deddf882",
    "data": [
      {
        "text": "30 inch tall",
        "alias": "Dimension",
        "meta": "@Dimension",
        "userDefined": true
      }
    ],
    "isTemplate": false,
    "count": 0,
    "updated": 0
  },
  {
    "id": "47dabd0d-d373-400c-ad8d-6c953ae36722",
    "data": [
      {
        "text": "24 inch wide",
        "alias": "Dimension",
        "meta": "@Dimension",
        "userDefined": true
      }
    ],
    "isTemplate": false,
    "count": 0,
    "updated": 0
  },
  {
    "id": "cf0477b9-773a-4daa-8c16-ffe0520e32d4",
    "data": [
      {
        "text": "prefer bulk store",
        "alias": "ExtraStorage",
        "meta": "@ExtraStorage",
        "userDefined": false
      }
    ],
    "isTemplate": false,
    "count": 0,
    "updated": 0
  },
  {
    "id": "3f85e854-9bf5-47a0-96ea-d43e16f2a2c0",
    "data": [
      {
        "text": "Do not entertain group",
        "alias": "ExtraStorage",
        "meta": "@ExtraStorage",
        "userDefined": false
      }
    ],
    "isTemplate": false,
    "count": 0,
    "updated": 0
  },
  {
    "id": "16fbfbc7-6649-45ab-ac98-e74cac081426",
    "data": [
      {
        "text": "Yes for drinks or food",
        "alias": "ExtraStorage",
        "meta": "@ExtraStorage",
        "userDefined": false
      }
    ],
    "isTemplate": false,
    "count": 0,
    "updated": 0
  },
  {
    "id": "9611d4b2-6a1b-4584-9f23-efd10d3ee31f",
    "data": [
      {
        "text": "Wi-Fi",
        "alias": "GeneralFeatures",
        "meta": "@GeneralFeatures",
        "userDefined": true
      }
    ],
    "isTemplate": false,
    "count": 0,
    "updated": 0
  },
  {
    "id": "0644ec67-40c3-4b1e-b205-313c6ba62169",
    "data": [
      {
        "text": "smart home",
        "alias": "GeneralFeatures",
        "meta": "@GeneralFeatures",
        "userDefined": true
      }
    ],
    "isTemplate": false,
    "count": 0,
    "updated": 0
  },
  {
    "id": "cabe3e7c-2fa8-4ca9-ab64-a4157fa98c9d",
    "data": [
      {
        "text": "side by side",
        "alias": "Style",
        "meta": "@Style",
        "userDefined": true
      },
      {
        "text": " ",
        "userDefined": false
      },
      {
        "text": "black",
        "alias": "ColorFinishFamily",
        "meta": "@ColorFinishFamily",
        "userDefined": false
      },
      {
        "text": " ",
        "userDefined": false
      },
      {
        "text": "refrigerator",
        "alias": "Appliance",
        "meta": "@Appliance",
        "userDefined": true
      }
    ],
    "isTemplate": false,
    "count": 1,
    "updated": 0
  },
  {
    "id": "882e90c8-401b-4ca3-9c17-ae61125052ba",
    "data": [
      {
        "text": "i am looking for a ",
        "userDefined": false
      },
      {
        "text": "refrigerator",
        "alias": "Appliance",
        "meta": "@Appliance",
        "userDefined": true
      },
      {
        "text": " with ",
        "userDefined": false
      },
      {
        "text": "24 inch width",
        "alias": "Dimension",
        "meta": "@Dimension",
        "userDefined": true
      }
    ],
    "isTemplate": false,
    "count": 0,
    "updated": 0
  },
  {
    "id": "9623c489-8406-4141-962e-23b9a2fba8e2",
    "data": [
      {
        "text": "Average Size",
        "alias": "FamilySize",
        "meta": "@FamilySize",
        "userDefined": false
      }
    ],
    "isTemplate": false,
    "count": 0,
    "updated": 0
  },
  {
    "id": "fd777c25-54b4-4f77-9acb-6e083199d2e0",
    "data": [
      {
        "text": "Bottom Freezer Refrigerator",
        "alias": "Style",
        "meta": "@Style",
        "userDefined": true
      }
    ],
    "isTemplate": false,
    "count": 0,
    "updated": 0
  },
  {
    "id": "585e3779-02db-40f6-bb7f-825368525cb8",
    "data": [
      {
        "text": "Triple Evaporating Cooling System",
        "alias": "GeneralFeatures",
        "meta": "@GeneralFeatures",
        "userDefined": false
      }
    ],
    "isTemplate": false,
    "count": 0,
    "updated": 0
  },
  {
    "id": "555a4bd6-3b27-493c-a480-3415867be32a",
    "data": [
      {
        "text": "Locking Door",
        "alias": "GeneralFeatures",
        "meta": "@GeneralFeatures",
        "userDefined": false
      }
    ],
    "isTemplate": false,
    "count": 1,
    "updated": 0
  },
  {
    "id": "a99e8455-3767-40f9-b5b1-029c150b1f14",
    "data": [
      {
        "text": "Child Lock",
        "alias": "GeneralFeatures",
        "meta": "@GeneralFeatures",
        "userDefined": false
      }
    ],
    "isTemplate": false,
    "count": 0,
    "updated": 0
  },
  {
    "id": "e0c6300c-7fda-4f39-80ef-60e3309901f9",
    "data": [
      {
        "text": "4 people",
        "alias": "FamilySize",
        "meta": "@FamilySize",
        "userDefined": false
      },
      {
        "text": " family",
        "userDefined": false
      }
    ],
    "isTemplate": false,
    "count": 0,
    "updated": 0
  },
  {
    "id": "6b67cbb4-3461-4d5b-a2aa-01da11099820",
    "data": [
      {
        "text": "6 members",
        "alias": "FamilySize",
        "meta": "@FamilySize",
        "userDefined": false
      },
      {
        "text": " family",
        "userDefined": false
      }
    ],
    "isTemplate": false,
    "count": 0,
    "updated": 0
  },
  {
    "id": "f85e3b1b-012c-45bb-af96-15a3c9b23742",
    "data": [
      {
        "text": "large",
        "alias": "FamilySize",
        "meta": "@FamilySize",
        "userDefined": false
      },
      {
        "text": " family",
        "userDefined": false
      }
    ],
    "isTemplate": false,
    "count": 0,
    "updated": 0
  },
  {
    "id": "32bd27f5-3064-4818-9dd0-ae036078f015",
    "data": [
      {
        "text": "weekly",
        "alias": "Frequency",
        "meta": "@Frequency",
        "userDefined": true
      }
    ],
    "isTemplate": false,
    "count": 2,
    "updated": 0
  },
  {
    "id": "fc3520ad-35d6-48e8-a3fb-e888943d815d",
    "data": [
      {
        "text": "SmartHome",
        "alias": "GeneralFeatures",
        "meta": "@GeneralFeatures",
        "userDefined": true
      }
    ],
    "isTemplate": false,
    "count": 0,
    "updated": 0
  },
  {
    "id": "3567aad2-9661-4f38-b3b6-2050b43d3773",
    "data": [
      {
        "text": "standard model",
        "alias": "Model",
        "meta": "@Model",
        "userDefined": false
      }
    ],
    "isTemplate": false,
    "count": 1,
    "updated": 0
  },
  {
    "id": "d61d2996-383f-4818-b58d-fe80b1650402",
    "data": [
      {
        "text": "shop ",
        "userDefined": false
      },
      {
        "text": "daily",
        "alias": "Frequency",
        "meta": "@Frequency",
        "userDefined": true
      }
    ],
    "isTemplate": false,
    "count": 0,
    "updated": 0
  },
  {
    "id": "81520d77-7561-4752-929d-4fea4a492a5a",
    "data": [
      {
        "text": "have pets",
        "alias": "GeneralFeatures",
        "meta": "@GeneralFeatures",
        "userDefined": true
      }
    ],
    "isTemplate": false,
    "count": 1,
    "updated": 0
  },
  {
    "id": "5a6d559d-d1ba-474d-8035-a84258410191",
    "data": [
      {
        "text": "small",
        "alias": "FamilySize",
        "meta": "@FamilySize",
        "userDefined": false
      },
      {
        "text": " family",
        "userDefined": false
      }
    ],
    "isTemplate": false,
    "count": 1,
    "updated": 0
  },
  {
    "id": "d52a45a8-3db5-46d5-8117-af438df82850",
    "data": [
      {
        "text": "red",
        "alias": "ColorFinishFamily",
        "meta": "@ColorFinishFamily",
        "userDefined": true
      }
    ],
    "isTemplate": false,
    "count": 0,
    "updated": 0
  },
  {
    "id": "a51c08bd-b931-4660-84d4-eace0e28ac05",
    "data": [
      {
        "text": "white",
        "alias": "ColorFinishFamily",
        "meta": "@ColorFinishFamily",
        "userDefined": false
      }
    ],
    "isTemplate": false,
    "count": 0,
    "updated": 0
  },
  {
    "id": "9c9c5c88-4638-482b-a3fd-d5f83d81139a",
    "data": [
      {
        "text": "GE",
        "alias": "Brand",
        "meta": "@Brand",
        "userDefined": false
      }
    ],
    "isTemplate": false,
    "count": 0,
    "updated": 0
  },
  {
    "id": "7d5ce047-7e2c-414b-839e-2e74d76753b2",
    "data": [
      {
        "text": "Freezerless Refrigerator",
        "alias": "Style",
        "meta": "@Style",
        "userDefined": true
      }
    ],
    "isTemplate": false,
    "count": 0,
    "updated": 0
  },
  {
    "id": "40faea57-d94f-467e-8e44-5cf851bc1d56",
    "data": [
      {
        "text": "French Door Refrigerator",
        "alias": "Style",
        "meta": "@Style",
        "userDefined": true
      }
    ],
    "isTemplate": false,
    "count": 0,
    "updated": 0
  },
  {
    "id": "81a12800-7b40-42c5-8351-6c03db56d8be",
    "data": [
      {
        "text": "Top Freezer Refrigerator",
        "alias": "Style",
        "meta": "@Style",
        "userDefined": true
      }
    ],
    "isTemplate": false,
    "count": 1,
    "updated": 0
  },
  {
    "id": "fc116639-4016-4011-8234-c472ec6aba21",
    "data": [
      {
        "text": "counter depth",
        "alias": "InstallationDepth",
        "meta": "@InstallationDepth",
        "userDefined": false
      }
    ],
    "isTemplate": false,
    "count": 0,
    "updated": 0
  },
  {
    "id": "960c8da8-63bd-4b7f-b624-8c57f2dd32f0",
    "data": [
      {
        "text": "side by side",
        "alias": "Style",
        "meta": "@Style",
        "userDefined": true
      },
      {
        "text": " ",
        "userDefined": false
      },
      {
        "text": "lg studio",
        "alias": "Brand",
        "meta": "@Brand",
        "userDefined": true
      },
      {
        "text": " ",
        "userDefined": false
      },
      {
        "text": "white",
        "alias": "ColorFinishFamily",
        "meta": "@ColorFinishFamily",
        "userDefined": false
      }
    ],
    "isTemplate": false,
    "count": 0,
    "updated": 0
  },
  {
    "id": "b803851f-3ccd-4da8-9db0-803034f156af",
    "data": [
      {
        "text": "white",
        "alias": "ColorFinishFamily",
        "meta": "@ColorFinishFamily",
        "userDefined": false
      },
      {
        "text": " ",
        "userDefined": false
      },
      {
        "text": "fridge",
        "meta": "@sys.ignore",
        "userDefined": true
      }
    ],
    "isTemplate": false,
    "count": 0,
    "updated": 0
  },
  {
    "id": "cd3c1305-e545-43a0-9318-fc33ef7cd625",
    "data": [
      {
        "text": "four shelves",
        "alias": "DoorShelfCount",
        "meta": "@DoorShelfCount",
        "userDefined": false
      }
    ],
    "isTemplate": false,
    "count": 0,
    "updated": 0
  },
  {
    "id": "358551ef-045a-4664-89e1-ae9b16dc0db4",
    "data": [
      {
        "text": "french door",
        "alias": "Style",
        "meta": "@Style",
        "userDefined": true
      },
      {
        "text": " ",
        "userDefined": false
      },
      {
        "text": "samsung",
        "alias": "Brand",
        "meta": "@Brand",
        "userDefined": true
      }
    ],
    "isTemplate": false,
    "count": 0,
    "updated": 0
  }
]