[
  {
    "id": "e5c5e73b-400b-4e6f-8425-e276abbc5ddc",
    "data": [
      {
        "text": "what is the minimum ",
        "userDefined": false
      },
      {
        "text": "width",
        "alias": "FilterList",
        "meta": "@FilterList",
        "userDefined": false
      },
      {
        "text": " that you are looking for ?",
        "userDefined": false
      }
    ],
    "isTemplate": false,
    "count": 0,
    "updated": 0
  },
  {
    "id": "501a93d8-e33c-43e7-9507-0089d10dce0e",
    "data": [
      {
        "text": "electric",
        "alias": "Type",
        "meta": "@Type",
        "userDefined": false
      },
      {
        "text": " ",
        "userDefined": false
      },
      {
        "text": "black",
        "alias": "ColorFinishFamily",
        "meta": "@ColorFinishFamily",
        "userDefined": false
      },
      {
        "text": " ",
        "userDefined": false
      },
      {
        "text": "wall oven",
        "alias": "Appliance",
        "meta": "@Appliance",
        "userDefined": false
      }
    ],
    "isTemplate": false,
    "count": 0,
    "updated": 0
  },
  {
    "id": "544835c9-2866-4409-bc59-95343194a54c",
    "data": [
      {
        "text": "Bi-weekly",
        "alias": "Frequency",
        "meta": "@Frequency",
        "userDefined": false
      }
    ],
    "isTemplate": false,
    "count": 0,
    "updated": 0
  },
  {
    "id": "02384108-4923-4676-9681-dfd58fbf268c",
    "data": [
      {
        "text": "i have a ",
        "userDefined": false
      },
      {
        "text": "medium family",
        "alias": "Size",
        "meta": "@Size",
        "userDefined": false
      }
    ],
    "isTemplate": false,
    "count": 0,
    "updated": 0
  },
  {
    "id": "e32c948f-3a99-4ddc-92d8-b90107b52c9e",
    "data": [
      {
        "text": " i have a ",
        "userDefined": false
      },
      {
        "text": "large",
        "alias": "Size",
        "meta": "@Size",
        "userDefined": false
      },
      {
        "text": " family with ",
        "userDefined": false
      },
      {
        "text": "entertain groups",
        "alias": "ExtraStorage",
        "meta": "@ExtraStorage",
        "userDefined": false
      }
    ],
    "isTemplate": false,
    "count": 0,
    "updated": 0
  },
  {
    "id": "a8d9895a-b231-49a4-b4df-7d701434751e",
    "data": [
      {
        "text": "single electric wall oven",
        "alias": "Type",
        "meta": "@Type",
        "userDefined": false
      }
    ],
    "isTemplate": false,
    "count": 0,
    "updated": 0
  },
  {
    "id": "7ecb83bf-dadd-44e1-9cd1-47c354f2cac6",
    "data": [
      {
        "text": "standard",
        "alias": "CookingProcess",
        "meta": "@CookingProcess",
        "userDefined": false
      },
      {
        "text": " ",
        "userDefined": false
      },
      {
        "text": "wall oven",
        "alias": "Appliance",
        "meta": "@Appliance",
        "userDefined": false
      }
    ],
    "isTemplate": false,
    "count": 0,
    "updated": 0
  },
  {
    "id": "f97e9052-895a-41d8-8e60-8182d2bf3290",
    "data": [
      {
        "text": "Do you ",
        "userDefined": false
      },
      {
        "text": "have multiple cooks",
        "alias": "ExtraStorage",
        "meta": "@ExtraStorage",
        "userDefined": true
      },
      {
        "text": " in your kitchen?",
        "userDefined": false
      }
    ],
    "isTemplate": false,
    "count": 0,
    "updated": 0
  },
  {
    "id": "54407c19-e436-456f-9b8f-8b5ad14b5988",
    "data": [
      {
        "text": "How many people are in your ",
        "userDefined": false
      },
      {
        "text": "family",
        "alias": "FilterList",
        "meta": "@FilterList",
        "userDefined": false
      },
      {
        "text": "?",
        "userDefined": false
      }
    ],
    "isTemplate": false,
    "count": 0,
    "updated": 0
  },
  {
    "id": "37bce755-60f5-41e2-97c3-d644fd74c40e",
    "data": [
      {
        "text": "i\u0027m looking for ",
        "userDefined": false
      },
      {
        "text": "wall oven",
        "alias": "Appliance",
        "meta": "@Appliance",
        "userDefined": false
      }
    ],
    "isTemplate": false,
    "count": 0,
    "updated": 0
  },
  {
    "id": "750b9b47-fa38-421e-87e4-4c232acdf056",
    "data": [
      {
        "text": "i am looking for ",
        "userDefined": false
      },
      {
        "text": "wall oven",
        "alias": "Appliance",
        "meta": "@Appliance",
        "userDefined": false
      }
    ],
    "isTemplate": false,
    "count": 0,
    "updated": 0
  },
  {
    "id": "ce806984-4780-4154-88c4-cbe18a321452",
    "data": [
      {
        "text": "do you have ",
        "userDefined": false
      },
      {
        "text": "multiple",
        "meta": "@sys.ignore",
        "userDefined": false
      },
      {
        "text": " ",
        "userDefined": false
      },
      {
        "text": "cooks",
        "alias": "FilterList",
        "meta": "@FilterList",
        "userDefined": true
      },
      {
        "text": " at home ? ",
        "userDefined": false
      },
      {
        "text": "yes",
        "alias": "GeneralFeatures",
        "meta": "@GeneralFeatures",
        "userDefined": false
      }
    ],
    "isTemplate": false,
    "count": 0,
    "updated": 0
  },
  {
    "id": "ab42a43e-3726-44a8-91f4-e285daf1d4b2",
    "data": [
      {
        "text": "what ",
        "userDefined": false
      },
      {
        "text": "size",
        "alias": "FilterList",
        "meta": "@FilterList",
        "userDefined": false
      },
      {
        "text": " do i need for my ",
        "userDefined": false
      },
      {
        "text": "family",
        "alias": "FilterList",
        "meta": "@FilterList",
        "userDefined": false
      },
      {
        "text": " ?",
        "userDefined": false
      }
    ],
    "isTemplate": false,
    "count": 0,
    "updated": 0
  },
  {
    "id": "7eb20512-24b6-448e-8be7-fc63d104df68",
    "data": [
      {
        "text": "standard",
        "alias": "CookingProcess",
        "meta": "@CookingProcess",
        "userDefined": false
      }
    ],
    "isTemplate": false,
    "count": 0,
    "updated": 0
  },
  {
    "id": "5e34a98b-93c0-42b5-a1b7-9c6c481e4f9c",
    "data": [
      {
        "text": "copper",
        "alias": "ColorFinishFamily",
        "meta": "@ColorFinishFamily",
        "userDefined": false
      }
    ],
    "isTemplate": false,
    "count": 0,
    "updated": 0
  },
  {
    "id": "a3dd64ff-f195-40d6-9cb5-bfbfd04478d4",
    "data": [
      {
        "text": "bronze",
        "alias": "ColorFinishFamily",
        "meta": "@ColorFinishFamily",
        "userDefined": false
      }
    ],
    "isTemplate": false,
    "count": 0,
    "updated": 0
  },
  {
    "id": "2376dc6c-0db0-48c4-a3dd-69e3b166795b",
    "data": [
      {
        "text": "3",
        "alias": "Number",
        "meta": "@sys.number",
        "userDefined": true
      }
    ],
    "isTemplate": false,
    "count": 0,
    "updated": 0
  },
  {
    "id": "237ec3e9-10b0-41b0-abec-231b39a32b05",
    "data": [
      {
        "text": "4 stars",
        "alias": "ReviewRating",
        "meta": "@ReviewRating",
        "userDefined": true
      }
    ],
    "isTemplate": false,
    "count": 0,
    "updated": 0
  },
  {
    "id": "bf67f8d9-3c13-43fb-a035-aa33a8179287",
    "data": [
      {
        "text": "four stars",
        "alias": "ReviewRating",
        "meta": "@ReviewRating",
        "userDefined": false
      }
    ],
    "isTemplate": false,
    "count": 1,
    "updated": 0
  },
  {
    "id": "f4bf6fa8-2399-456b-9871-46777cd681de",
    "data": [
      {
        "text": "four",
        "alias": "Number",
        "meta": "@sys.number",
        "userDefined": true
      }
    ],
    "isTemplate": false,
    "count": 0,
    "updated": 0
  },
  {
    "id": "8a82441f-3ef0-4735-a12c-2a3b4de011b1",
    "data": [
      {
        "text": "123",
        "alias": "Number",
        "meta": "@sys.number",
        "userDefined": true
      }
    ],
    "isTemplate": false,
    "count": 0,
    "updated": 0
  },
  {
    "id": "51e36b30-780b-487c-8044-6d02df966f0e",
    "data": [
      {
        "text": "one",
        "alias": "Number",
        "meta": "@sys.number",
        "userDefined": true
      }
    ],
    "isTemplate": false,
    "count": 0,
    "updated": 0
  },
  {
    "id": "0030973d-3005-476a-8b12-88f5e641992d",
    "data": [
      {
        "text": "Are you looking for ",
        "userDefined": false
      },
      {
        "text": "Silver",
        "alias": "ColorFinishFamily",
        "meta": "@ColorFinishFamily",
        "userDefined": false
      }
    ],
    "isTemplate": false,
    "count": 0,
    "updated": 0
  },
  {
    "id": "b62e95eb-ef78-4b4e-8bd7-8e3a75b740da",
    "data": [
      {
        "text": "24 inch",
        "alias": "Dimension",
        "meta": "@Dimension",
        "userDefined": true
      }
    ],
    "isTemplate": false,
    "count": 0,
    "updated": 0
  },
  {
    "id": "032a1949-784d-4b7e-b2b9-bac3bebdf84f",
    "data": [
      {
        "text": "Yes have children or pets",
        "alias": "GeneralFeatures",
        "meta": "@GeneralFeatures",
        "userDefined": false
      }
    ],
    "isTemplate": false,
    "count": 0,
    "updated": 0
  },
  {
    "id": "59d17254-6221-42a8-910b-a2f706b5565c",
    "data": [
      {
        "text": "i am looking for ",
        "userDefined": false
      },
      {
        "text": "double",
        "meta": "@sys.ignore",
        "userDefined": false
      },
      {
        "text": " ",
        "userDefined": false
      },
      {
        "text": "electric",
        "alias": "Type",
        "meta": "@Type",
        "userDefined": false
      },
      {
        "text": ".",
        "userDefined": false
      }
    ],
    "isTemplate": false,
    "count": 0,
    "updated": 0
  },
  {
    "id": "331877e5-749c-4c33-bcfd-de5b87d66424",
    "data": [
      {
        "text": "double",
        "alias": "FilterList",
        "meta": "@FilterList",
        "userDefined": false
      },
      {
        "text": " ",
        "userDefined": false
      },
      {
        "text": "electric",
        "alias": "Type",
        "meta": "@Type",
        "userDefined": false
      },
      {
        "text": " ",
        "userDefined": false
      },
      {
        "text": "black",
        "alias": "ColorFinishFamily",
        "meta": "@ColorFinishFamily",
        "userDefined": false
      }
    ],
    "isTemplate": false,
    "count": 0,
    "updated": 0
  },
  {
    "id": "9c04b040-79d8-4956-956a-b16580a05dde",
    "data": [
      {
        "text": "ge",
        "alias": "Brand",
        "meta": "@Brand",
        "userDefined": false
      },
      {
        "text": " ",
        "userDefined": false
      },
      {
        "text": "electric",
        "alias": "Type",
        "meta": "@Type",
        "userDefined": false
      }
    ],
    "isTemplate": false,
    "count": 0,
    "updated": 0
  },
  {
    "id": "d0d22e5a-79cd-449e-a0a2-3c16a9ba379d",
    "data": [
      {
        "text": "black",
        "alias": "ColorFinishFamily",
        "meta": "@ColorFinishFamily",
        "userDefined": false
      },
      {
        "text": " ",
        "userDefined": false
      },
      {
        "text": "electric",
        "alias": "Type",
        "meta": "@Type",
        "userDefined": false
      },
      {
        "text": " ",
        "userDefined": false
      },
      {
        "text": "ge",
        "alias": "Brand",
        "meta": "@Brand",
        "userDefined": false
      }
    ],
    "isTemplate": false,
    "count": 0,
    "updated": 0
  },
  {
    "id": "54e2fcee-b19a-4df3-b8bf-1015aee22f32",
    "data": [
      {
        "text": "yes",
        "alias": "GeneralFeatures",
        "meta": "@GeneralFeatures",
        "userDefined": false
      },
      {
        "text": ", ",
        "userDefined": false
      },
      {
        "text": "27 in.",
        "alias": "Dimension",
        "meta": "@Dimension",
        "userDefined": true
      }
    ],
    "isTemplate": false,
    "count": 0,
    "updated": 0
  },
  {
    "id": "b1902bfe-5870-42d3-9e8c-189eb686cb3f",
    "data": [
      {
        "text": "i am looking for ",
        "userDefined": false
      },
      {
        "text": "23.75 inch wide",
        "alias": "Dimension",
        "meta": "@Dimension",
        "userDefined": false
      },
      {
        "text": " ,",
        "userDefined": false
      },
      {
        "text": "free standing",
        "alias": "InstallationType",
        "meta": "@InstallationType",
        "userDefined": false
      },
      {
        "text": " ",
        "userDefined": false
      },
      {
        "text": "wall oven",
        "alias": "Appliance",
        "meta": "@Appliance",
        "userDefined": false
      },
      {
        "text": " .",
        "userDefined": false
      }
    ],
    "isTemplate": false,
    "count": 0,
    "updated": 0
  },
  {
    "id": "394137af-203a-4be9-8e27-acbc5106d6b8",
    "data": [
      {
        "text": "i am looking for ",
        "userDefined": false
      },
      {
        "text": "stainless steel",
        "alias": "ColorFinishFamily",
        "meta": "@ColorFinishFamily",
        "userDefined": false
      },
      {
        "text": " ",
        "userDefined": false
      },
      {
        "text": "walloven",
        "alias": "Appliance",
        "meta": "@Appliance",
        "userDefined": false
      },
      {
        "text": " .",
        "userDefined": false
      }
    ],
    "isTemplate": false,
    "count": 0,
    "updated": 0
  },
  {
    "id": "bb0fe98a-2641-43da-aaa9-5c31095444ed",
    "data": [
      {
        "text": "would you like to explore ",
        "userDefined": false
      },
      {
        "text": "fingerprint resistant",
        "alias": "GeneralFeatures",
        "meta": "@GeneralFeatures",
        "userDefined": false
      },
      {
        "text": " , ",
        "userDefined": false
      },
      {
        "text": "safety lock",
        "alias": "GeneralFeatures",
        "meta": "@GeneralFeatures",
        "userDefined": false
      },
      {
        "text": " in ",
        "userDefined": false
      },
      {
        "text": "walloven",
        "alias": "Appliance",
        "meta": "@Appliance",
        "userDefined": false
      },
      {
        "text": " ?",
        "userDefined": false
      }
    ],
    "isTemplate": false,
    "count": 0,
    "updated": 0
  },
  {
    "id": "c1c2618d-78c2-4614-a25b-1135c464c76c",
    "data": [
      {
        "text": "would it be nice to have a ",
        "userDefined": false
      },
      {
        "text": "delay start",
        "alias": "Settings",
        "meta": "@Settings",
        "userDefined": false
      },
      {
        "text": " option?",
        "userDefined": false
      }
    ],
    "isTemplate": false,
    "count": 0,
    "updated": 0
  },
  {
    "id": "25ce9e4a-4b42-4471-aa69-e9819f81d60d",
    "data": [
      {
        "text": "is it nice to have a ",
        "userDefined": false
      },
      {
        "text": "led display",
        "alias": "GeneralFeatures",
        "meta": "@GeneralFeatures",
        "userDefined": false
      },
      {
        "text": " ",
        "userDefined": false
      },
      {
        "text": "safety lock",
        "alias": "GeneralFeatures",
        "meta": "@GeneralFeatures",
        "userDefined": false
      },
      {
        "text": " and ",
        "userDefined": false
      },
      {
        "text": "proofing mode",
        "alias": "Settings",
        "meta": "@Settings",
        "userDefined": false
      },
      {
        "text": "?",
        "userDefined": false
      }
    ],
    "isTemplate": false,
    "count": 0,
    "updated": 0
  },
  {
    "id": "843672f7-6dcb-4d9f-a668-4527e236e510",
    "data": [
      {
        "text": "looking for ",
        "userDefined": false
      },
      {
        "text": "features",
        "alias": "FilterList",
        "meta": "@FilterList",
        "userDefined": false
      },
      {
        "text": " like ",
        "userDefined": false
      },
      {
        "text": "proofing mode",
        "alias": "Settings",
        "meta": "@Settings",
        "userDefined": false
      },
      {
        "text": " ",
        "userDefined": false
      },
      {
        "text": "sabbath mode",
        "alias": "GeneralFeatures",
        "meta": "@GeneralFeatures",
        "userDefined": false
      },
      {
        "text": " ",
        "userDefined": false
      },
      {
        "text": "keep warm",
        "alias": "Settings",
        "meta": "@Settings",
        "userDefined": false
      }
    ],
    "isTemplate": false,
    "count": 0,
    "updated": 0
  },
  {
    "id": "65f04596-10cc-4b45-85cf-c1dc08f439bc",
    "data": [
      {
        "text": "speed cook",
        "alias": "Settings",
        "meta": "@Settings",
        "userDefined": false
      },
      {
        "text": " ",
        "userDefined": false
      },
      {
        "text": "safety lock",
        "alias": "GeneralFeatures",
        "meta": "@GeneralFeatures",
        "userDefined": false
      },
      {
        "text": " ",
        "userDefined": false
      },
      {
        "text": "black",
        "alias": "ColorFinishFamily",
        "meta": "@ColorFinishFamily",
        "userDefined": false
      },
      {
        "text": " ",
        "userDefined": false
      },
      {
        "text": "lg studio",
        "alias": "Brand",
        "meta": "@Brand",
        "userDefined": false
      }
    ],
    "isTemplate": false,
    "count": 0,
    "updated": 0
  },
  {
    "id": "b6c535db-c116-4ea1-b089-c20553b778c6",
    "data": [
      {
        "text": "does it include the ",
        "userDefined": false
      },
      {
        "text": "dehydrater",
        "alias": "Settings",
        "meta": "@Settings",
        "userDefined": true
      },
      {
        "text": " mode?",
        "userDefined": false
      }
    ],
    "isTemplate": false,
    "count": 0,
    "updated": 0
  },
  {
    "id": "103c2b22-15cf-41f1-8a16-eaa734370e3b",
    "data": [
      {
        "text": "does it offer ",
        "userDefined": false
      },
      {
        "text": "true convection",
        "alias": "CookingProcess",
        "meta": "@CookingProcess",
        "userDefined": false
      },
      {
        "text": "?",
        "userDefined": false
      }
    ],
    "isTemplate": false,
    "count": 0,
    "updated": 0
  },
  {
    "id": "47e67a6f-ecdd-482f-9481-c786b2b1a305",
    "data": [
      {
        "text": "are you looking for ",
        "userDefined": false
      },
      {
        "text": "cosmo",
        "alias": "Brand",
        "meta": "@Brand",
        "userDefined": true
      },
      {
        "text": " color?",
        "userDefined": false
      }
    ],
    "isTemplate": false,
    "count": 0,
    "updated": 0
  },
  {
    "id": "d7e908a1-885b-4311-a798-8b5a0fb3b118",
    "data": [
      {
        "text": "shall i show you a ",
        "userDefined": false
      },
      {
        "text": "Self Cleaning",
        "alias": "GeneralFeatures",
        "meta": "@GeneralFeatures",
        "userDefined": false
      },
      {
        "text": " ",
        "userDefined": false
      },
      {
        "text": "wall oven",
        "alias": "Appliance",
        "meta": "@Appliance",
        "userDefined": false
      },
      {
        "text": "?",
        "userDefined": false
      }
    ],
    "isTemplate": false,
    "count": 0,
    "updated": 0
  },
  {
    "id": "0ade61b8-f54c-4e55-ad13-830d8f2183f3",
    "data": [
      {
        "text": "i would prefer a ",
        "userDefined": false
      },
      {
        "text": "slate",
        "alias": "ColorFinishFamily",
        "meta": "@ColorFinishFamily",
        "userDefined": false
      },
      {
        "text": " ",
        "userDefined": false
      },
      {
        "text": "fingerprint resistant",
        "alias": "GeneralFeatures",
        "meta": "@GeneralFeatures",
        "userDefined": false
      },
      {
        "text": " ",
        "userDefined": false
      },
      {
        "text": "safety lock",
        "alias": "GeneralFeatures",
        "meta": "@GeneralFeatures",
        "userDefined": false
      },
      {
        "text": " with a ",
        "userDefined": false
      },
      {
        "text": "defrost",
        "alias": "Settings",
        "meta": "@Settings",
        "userDefined": false
      },
      {
        "text": " ",
        "userDefined": false
      },
      {
        "text": "setting",
        "alias": "FilterList",
        "meta": "@FilterList",
        "userDefined": true
      },
      {
        "text": " ",
        "userDefined": false
      },
      {
        "text": "wall oven",
        "alias": "Appliance",
        "meta": "@Appliance",
        "userDefined": false
      }
    ],
    "isTemplate": false,
    "count": 0,
    "updated": 0
  },
  {
    "id": "18c9621e-78e8-4f88-9902-0677091dd91e",
    "data": [
      {
        "text": "would you want an ",
        "userDefined": false
      },
      {
        "text": "eco feature",
        "alias": "GeneralFeatures",
        "meta": "@GeneralFeatures",
        "userDefined": false
      },
      {
        "text": "?",
        "userDefined": false
      }
    ],
    "isTemplate": false,
    "count": 0,
    "updated": 0
  },
  {
    "id": "bc44a64a-acae-4dc8-aed5-c43b8418283d",
    "data": [
      {
        "text": "Whirlpool",
        "alias": "Brand",
        "meta": "@Brand",
        "userDefined": false
      },
      {
        "text": " ",
        "userDefined": false
      },
      {
        "text": "stainless steel",
        "alias": "ColorFinishFamily",
        "meta": "@ColorFinishFamily",
        "userDefined": false
      },
      {
        "text": " ",
        "userDefined": false
      },
      {
        "text": "true convection",
        "alias": "CookingProcess",
        "meta": "@CookingProcess",
        "userDefined": false
      },
      {
        "text": " ",
        "userDefined": false
      },
      {
        "text": "sensor cook",
        "alias": "Settings",
        "meta": "@Settings",
        "userDefined": false
      }
    ],
    "isTemplate": false,
    "count": 0,
    "updated": 0
  },
  {
    "id": "7da2405e-3a5e-40f1-bf45-197128171fc3",
    "data": [
      {
        "text": "upper wall oven",
        "alias": "DoubleOvenType",
        "meta": "@DoubleOvenType",
        "userDefined": false
      }
    ],
    "isTemplate": false,
    "count": 0,
    "updated": 0
  },
  {
    "id": "f6789060-f12a-4079-a0ab-641820392f2c",
    "data": [
      {
        "text": "$400 - $500",
        "meta": "@sys.ignore",
        "userDefined": true
      }
    ],
    "isTemplate": false,
    "count": 0,
    "updated": 0
  },
  {
    "id": "414a4dac-3295-409a-8bbc-cdfc40f4d4b9",
    "data": [
      {
        "text": "smart home",
        "alias": "GeneralFeatures",
        "meta": "@GeneralFeatures",
        "userDefined": false
      }
    ],
    "isTemplate": false,
    "count": 0,
    "updated": 0
  },
  {
    "id": "9b3dcf1e-f852-4fa5-ac67-5477f38793d2",
    "data": [
      {
        "text": "five stars only",
        "alias": "ReviewRating",
        "meta": "@ReviewRating",
        "userDefined": false
      }
    ],
    "isTemplate": false,
    "count": 0,
    "updated": 0
  },
  {
    "id": "8c390187-97ec-410f-a6ee-c0f1b0d7aaff",
    "data": [
      {
        "text": "i am looking for low ",
        "userDefined": false
      },
      {
        "text": "width",
        "alias": "FilterList",
        "meta": "@FilterList",
        "userDefined": false
      },
      {
        "text": " ",
        "userDefined": false
      },
      {
        "text": "wall oven",
        "alias": "Appliance",
        "meta": "@Appliance",
        "userDefined": false
      }
    ],
    "isTemplate": false,
    "count": 0,
    "updated": 0
  },
  {
    "id": "702de984-c919-4a02-9670-10500ad75e9f",
    "data": [
      {
        "text": "yes entertain group",
        "alias": "ExtraStorage",
        "meta": "@ExtraStorage",
        "userDefined": false
      }
    ],
    "isTemplate": false,
    "count": 0,
    "updated": 0
  },
  {
    "id": "2b45e997-ffe1-4c7b-b644-0ef266e6051f",
    "data": [
      {
        "text": "small",
        "alias": "Size",
        "meta": "@Size",
        "userDefined": false
      }
    ],
    "isTemplate": false,
    "count": 0,
    "updated": 0
  },
  {
    "id": "07e4e689-c1c5-4b70-b819-45b64581e7b5",
    "data": [
      {
        "text": "most ",
        "userDefined": false
      },
      {
        "text": "reviewed",
        "alias": "FilterList",
        "meta": "@FilterList",
        "userDefined": false
      },
      {
        "text": " ",
        "userDefined": false
      },
      {
        "text": "walloven",
        "alias": "Appliance",
        "meta": "@Appliance",
        "userDefined": false
      }
    ],
    "isTemplate": false,
    "count": 0,
    "updated": 0
  },
  {
    "id": "1c23af87-8b3e-48dd-8672-413b29c18490",
    "data": [
      {
        "text": "i need high ",
        "userDefined": false
      },
      {
        "text": "cost",
        "alias": "FilterList",
        "meta": "@FilterList",
        "userDefined": false
      },
      {
        "text": " ",
        "userDefined": false
      },
      {
        "text": "wall oven",
        "alias": "Appliance",
        "meta": "@Appliance",
        "userDefined": false
      }
    ],
    "isTemplate": false,
    "count": 0,
    "updated": 0
  },
  {
    "id": "4d02e003-1353-4b91-967d-c8e088a6e42f",
    "data": [
      {
        "text": "best ",
        "userDefined": false
      },
      {
        "text": "rating",
        "alias": "FilterList",
        "meta": "@FilterList",
        "userDefined": false
      },
      {
        "text": " ",
        "userDefined": false
      },
      {
        "text": "wall oven",
        "alias": "Appliance",
        "meta": "@Appliance",
        "userDefined": false
      }
    ],
    "isTemplate": false,
    "count": 0,
    "updated": 0
  },
  {
    "id": "22810ec2-0765-4ed6-ad5a-a12442899290",
    "data": [
      {
        "text": "what are the ",
        "userDefined": false
      },
      {
        "text": "heating methods",
        "alias": "FilterList",
        "meta": "@FilterList",
        "userDefined": false
      },
      {
        "text": " available",
        "userDefined": false
      }
    ],
    "isTemplate": false,
    "count": 0,
    "updated": 0
  },
  {
    "id": "07fdc065-125d-4b77-b5fa-2f946f9559c9",
    "data": [
      {
        "text": "i am looking for ",
        "userDefined": false
      },
      {
        "text": "special features",
        "alias": "FilterList",
        "meta": "@FilterList",
        "userDefined": false
      },
      {
        "text": " in ",
        "userDefined": false
      },
      {
        "text": "wall oven",
        "alias": "Appliance",
        "meta": "@Appliance",
        "userDefined": false
      }
    ],
    "isTemplate": false,
    "count": 0,
    "updated": 0
  },
  {
    "id": "0097972d-1921-45e4-9c82-4561eb61bc7b",
    "data": [
      {
        "text": "how often",
        "alias": "FilterList",
        "meta": "@FilterList",
        "userDefined": false
      },
      {
        "text": " will you cook",
        "userDefined": false
      }
    ],
    "isTemplate": false,
    "count": 0,
    "updated": 0
  },
  {
    "id": "da4f90ac-e690-45f6-889b-624c663827fd",
    "data": [
      {
        "text": "which ",
        "userDefined": false
      },
      {
        "text": "brands",
        "alias": "FilterList",
        "meta": "@FilterList",
        "userDefined": false
      },
      {
        "text": " are available",
        "userDefined": false
      }
    ],
    "isTemplate": false,
    "count": 0,
    "updated": 0
  },
  {
    "id": "ab4ca030-b9a1-41f6-9d2f-d6ed1c21e563",
    "data": [
      {
        "text": "do you have ",
        "userDefined": false
      },
      {
        "text": "wall oven",
        "alias": "Appliance",
        "meta": "@Appliance",
        "userDefined": false
      },
      {
        "text": " runs with ",
        "userDefined": false
      },
      {
        "text": "gas",
        "alias": "Type",
        "meta": "@Type",
        "userDefined": false
      }
    ],
    "isTemplate": false,
    "count": 0,
    "updated": 0
  },
  {
    "id": "10db3c9e-e6bd-4c5b-973d-7c680450571f",
    "data": [
      {
        "text": "23.25 inch depth",
        "alias": "Dimension",
        "meta": "@Dimension",
        "userDefined": false
      },
      {
        "text": " ",
        "userDefined": false
      },
      {
        "text": "self cleaning",
        "alias": "GeneralFeatures",
        "meta": "@GeneralFeatures",
        "userDefined": false
      },
      {
        "text": " ",
        "userDefined": false
      },
      {
        "text": "51.25 inch height",
        "alias": "Dimension",
        "meta": "@Dimension",
        "userDefined": false
      },
      {
        "text": " ",
        "userDefined": false
      },
      {
        "text": "samsung",
        "alias": "Brand",
        "meta": "@Brand",
        "userDefined": false
      },
      {
        "text": " ",
        "userDefined": false
      },
      {
        "text": "wall oven",
        "alias": "Appliance",
        "meta": "@Appliance",
        "userDefined": false
      },
      {
        "text": " ",
        "userDefined": false
      },
      {
        "text": "30 inch width",
        "alias": "Dimension",
        "meta": "@Dimension",
        "userDefined": false
      },
      {
        "text": " ",
        "userDefined": false
      },
      {
        "text": "5.0 cu. ft.",
        "alias": "Capacity",
        "meta": "@Capacity",
        "userDefined": false
      },
      {
        "text": " in ",
        "userDefined": false
      },
      {
        "text": "black",
        "alias": "ColorFinishFamily",
        "meta": "@ColorFinishFamily",
        "userDefined": false
      },
      {
        "text": " colour",
        "userDefined": false
      }
    ],
    "isTemplate": false,
    "count": 0,
    "updated": 0
  },
  {
    "id": "8de7f8d4-26f7-42fd-b572-bfaba497b535",
    "data": [
      {
        "text": "30 in.",
        "alias": "Dimension",
        "meta": "@Dimension",
        "userDefined": false
      },
      {
        "text": " ",
        "userDefined": false
      },
      {
        "text": "Double Electric Wall Oven",
        "alias": "Type",
        "meta": "@Type",
        "userDefined": false
      },
      {
        "text": " ",
        "userDefined": false
      },
      {
        "text": "Self-Cleaning",
        "alias": "GeneralFeatures",
        "meta": "@GeneralFeatures",
        "userDefined": true
      },
      {
        "text": " with ",
        "userDefined": false
      },
      {
        "text": "Convection",
        "alias": "CookingProcess",
        "meta": "@CookingProcess",
        "userDefined": false
      },
      {
        "text": " in ",
        "userDefined": false
      },
      {
        "text": "Stainless Steel",
        "alias": "ColorFinishFamily",
        "meta": "@ColorFinishFamily",
        "userDefined": false
      }
    ],
    "isTemplate": false,
    "count": 0,
    "updated": 0
  },
  {
    "id": "e8d3a47d-c80f-4e10-ac23-1550188d5cf9",
    "data": [
      {
        "text": "do you have ",
        "userDefined": false
      },
      {
        "text": "double wall oven",
        "alias": "Type",
        "meta": "@Type",
        "userDefined": false
      },
      {
        "text": " with ",
        "userDefined": false
      },
      {
        "text": "lower wall oven",
        "alias": "DoubleOvenType",
        "meta": "@DoubleOvenType",
        "userDefined": false
      },
      {
        "text": " capacity of ",
        "userDefined": false
      },
      {
        "text": "5 cu. ft.",
        "alias": "Capacity",
        "meta": "@Capacity",
        "userDefined": false
      }
    ],
    "isTemplate": false,
    "count": 0,
    "updated": 0
  },
  {
    "id": "cec0732c-3ab2-4628-8456-58abe6445020",
    "data": [
      {
        "text": "do you have ",
        "userDefined": false
      },
      {
        "text": "double wall oven",
        "alias": "Type",
        "meta": "@Type",
        "userDefined": false
      }
    ],
    "isTemplate": false,
    "count": 0,
    "updated": 0
  },
  {
    "id": "7380d3f4-519a-4d97-837e-d527891eee10",
    "data": [
      {
        "text": "i prefer ",
        "userDefined": false
      },
      {
        "text": "4.30 cu. ft.",
        "alias": "Capacity",
        "meta": "@Capacity",
        "userDefined": true
      },
      {
        "text": " ",
        "userDefined": false
      },
      {
        "text": "wall oven",
        "alias": "Appliance",
        "meta": "@Appliance",
        "userDefined": true
      }
    ],
    "isTemplate": false,
    "count": 0,
    "updated": 0
  },
  {
    "id": "77762304-bd7f-4ffa-bfe4-4066771aee8e",
    "data": [
      {
        "text": "i am looking for ",
        "userDefined": false
      },
      {
        "text": "self cleaning",
        "alias": "GeneralFeatures",
        "meta": "@GeneralFeatures",
        "userDefined": false
      },
      {
        "text": " ",
        "userDefined": false
      },
      {
        "text": "wall oven",
        "alias": "Appliance",
        "meta": "@Appliance",
        "userDefined": false
      }
    ],
    "isTemplate": false,
    "count": 0,
    "updated": 0
  },
  {
    "id": "9adb8baf-21ab-4b15-8c8a-0631e34c50a3",
    "data": [
      {
        "text": "are you looking for ",
        "userDefined": false
      },
      {
        "text": "wall oven and microwave",
        "alias": "Type",
        "meta": "@Type",
        "userDefined": false
      },
      {
        "text": " combination ?",
        "userDefined": false
      }
    ],
    "isTemplate": false,
    "count": 0,
    "updated": 0
  },
  {
    "id": "1d46c881-e20c-41ac-9146-46b4f51b5f45",
    "data": [
      {
        "text": "are you looking for ",
        "userDefined": false
      },
      {
        "text": "Black Stainless Steel",
        "alias": "ColorFinishFamily",
        "meta": "@ColorFinishFamily",
        "userDefined": false
      },
      {
        "text": " colour?",
        "userDefined": false
      }
    ],
    "isTemplate": false,
    "count": 0,
    "updated": 0
  },
  {
    "id": "f8288e93-2214-41d6-ad20-8b41e77b61e8",
    "data": [
      {
        "text": "is it the ",
        "userDefined": false
      },
      {
        "text": "Automatic Convection Conversion",
        "alias": "GeneralFeatures",
        "meta": "@GeneralFeatures",
        "userDefined": false
      },
      {
        "text": " feature that you are looking for?",
        "userDefined": false
      }
    ],
    "isTemplate": false,
    "count": 0,
    "updated": 0
  },
  {
    "id": "5fa72c12-1f96-41bc-a874-d1881a2d371d",
    "data": [
      {
        "text": "shall i show you ",
        "userDefined": false
      },
      {
        "text": "electric wall oven",
        "alias": "Type",
        "meta": "@Type",
        "userDefined": false
      },
      {
        "text": " ?",
        "userDefined": false
      }
    ],
    "isTemplate": false,
    "count": 0,
    "updated": 0
  },
  {
    "id": "8c397eb4-6c25-42ed-9f9e-fc048de33a8e",
    "data": [
      {
        "text": "would you like to explore its ",
        "userDefined": false
      },
      {
        "text": "Gliding/Roll Out Racks",
        "alias": "GeneralFeatures",
        "meta": "@GeneralFeatures",
        "userDefined": true
      },
      {
        "text": " feature",
        "userDefined": false
      }
    ],
    "isTemplate": false,
    "count": 0,
    "updated": 0
  },
  {
    "id": "3ff754dd-1c61-4ef7-b79b-4d5a00653145",
    "data": [
      {
        "text": "would you want a ",
        "userDefined": false
      },
      {
        "text": "Temperature Control",
        "alias": "GeneralFeatures",
        "meta": "@GeneralFeatures",
        "userDefined": false
      },
      {
        "text": " feature in ",
        "userDefined": false
      },
      {
        "text": "walloven",
        "alias": "Appliance",
        "meta": "@Appliance",
        "userDefined": true
      }
    ],
    "isTemplate": false,
    "count": 0,
    "updated": 0
  },
  {
    "id": "399d2266-05a3-4388-9f5e-fb30b91f5a4f",
    "data": [
      {
        "text": "do you have a ",
        "userDefined": false
      },
      {
        "text": "cafe",
        "alias": "Brand",
        "meta": "@Brand",
        "userDefined": true
      },
      {
        "text": " ",
        "userDefined": false
      },
      {
        "text": "walloven",
        "alias": "Appliance",
        "meta": "@Appliance",
        "userDefined": true
      },
      {
        "text": "? ",
        "userDefined": false
      },
      {
        "text": "yes",
        "alias": "GeneralFeatures",
        "meta": "@GeneralFeatures",
        "userDefined": true
      }
    ],
    "isTemplate": false,
    "count": 0,
    "updated": 0
  },
  {
    "id": "afcec4e1-bb7f-40ad-8dc6-e56211daac73",
    "data": [
      {
        "text": "are you looking for ",
        "userDefined": false
      },
      {
        "text": "slate",
        "alias": "ColorFinishFamily",
        "meta": "@ColorFinishFamily",
        "userDefined": false
      },
      {
        "text": " colour? ",
        "userDefined": false
      },
      {
        "text": "no",
        "alias": "GeneralFeatures",
        "meta": "@GeneralFeatures",
        "userDefined": false
      },
      {
        "text": " looking for ",
        "userDefined": false
      },
      {
        "text": "samsung",
        "alias": "Brand",
        "meta": "@Brand",
        "userDefined": false
      },
      {
        "text": " brand",
        "userDefined": false
      }
    ],
    "isTemplate": false,
    "count": 0,
    "updated": 0
  },
  {
    "id": "07469d38-e655-4ffe-843a-69230a17af1c",
    "data": [
      {
        "text": "Lower Wall Oven",
        "alias": "DoubleOvenType",
        "meta": "@DoubleOvenType",
        "userDefined": true
      },
      {
        "text": " ",
        "userDefined": false
      },
      {
        "text": "LED Display",
        "alias": "GeneralFeatures",
        "meta": "@GeneralFeatures",
        "userDefined": true
      },
      {
        "text": " ",
        "userDefined": false
      },
      {
        "text": "Upper Wall Oven",
        "alias": "DoubleOvenType",
        "meta": "@DoubleOvenType",
        "userDefined": true
      },
      {
        "text": " ",
        "userDefined": false
      },
      {
        "text": "Broiler in Oven",
        "alias": "GeneralFeatures",
        "meta": "@GeneralFeatures",
        "userDefined": true
      }
    ],
    "isTemplate": false,
    "count": 1,
    "updated": 0
  },
  {
    "id": "e9c1b416-0e5d-495c-91bd-a1ec10835205",
    "data": [
      {
        "text": "2 cu. ft.",
        "alias": "Capacity",
        "meta": "@Capacity",
        "userDefined": false
      }
    ],
    "isTemplate": false,
    "count": 0,
    "updated": 0
  },
  {
    "id": "84a91889-2c5b-4b4c-a4ca-90f213e22c85",
    "data": [
      {
        "text": "Steam Clean",
        "alias": "GeneralFeatures",
        "meta": "@GeneralFeatures",
        "userDefined": true
      }
    ],
    "isTemplate": false,
    "count": 0,
    "updated": 0
  },
  {
    "id": "02dc4d8c-53ed-4816-ba6a-42fcfc64cb15",
    "data": [
      {
        "text": "Electric wall oven",
        "alias": "Type",
        "meta": "@Type",
        "userDefined": false
      }
    ],
    "isTemplate": false,
    "count": 0,
    "updated": 0
  },
  {
    "id": "a55616b6-91a2-4736-ac35-71ed132d6f2c",
    "data": [
      {
        "text": "42.56 inch height",
        "alias": "Dimension",
        "meta": "@Dimension",
        "userDefined": false
      },
      {
        "text": " ",
        "userDefined": false
      },
      {
        "text": "samsung",
        "alias": "Brand",
        "meta": "@Brand",
        "userDefined": false
      },
      {
        "text": " ",
        "userDefined": false
      },
      {
        "text": "black",
        "alias": "ColorFinishFamily",
        "meta": "@ColorFinishFamily",
        "userDefined": false
      },
      {
        "text": " ",
        "userDefined": false
      },
      {
        "text": "wall oven",
        "alias": "Appliance",
        "meta": "@Appliance",
        "userDefined": false
      },
      {
        "text": " under ",
        "userDefined": false
      },
      {
        "text": "$1000 - $2000",
        "meta": "@sys.ignore",
        "userDefined": false
      }
    ],
    "isTemplate": false,
    "count": 0,
    "updated": 0
  },
  {
    "id": "8e5f7a16-bd2a-48b7-b354-75deea0dc6a6",
    "data": [
      {
        "text": "wall oven",
        "alias": "Appliance",
        "meta": "@Appliance",
        "userDefined": false
      }
    ],
    "isTemplate": false,
    "count": 0,
    "updated": 0
  },
  {
    "id": "a549dd47-bf7a-4616-9cc2-c134d05a3432",
    "data": [
      {
        "text": "Gliding/Roll Out Racks",
        "alias": "GeneralFeatures",
        "meta": "@GeneralFeatures",
        "userDefined": true
      }
    ],
    "isTemplate": false,
    "count": 0,
    "updated": 0
  },
  {
    "id": "12a4d589-afdf-45f8-be90-483720ec0835",
    "data": [
      {
        "text": "wall oven",
        "alias": "Appliance",
        "meta": "@Appliance",
        "userDefined": true
      },
      {
        "text": " with the price of ",
        "userDefined": false
      },
      {
        "text": "$2000 - $3000",
        "meta": "@sys.ignore",
        "userDefined": true
      }
    ],
    "isTemplate": false,
    "count": 0,
    "updated": 0
  },
  {
    "id": "34c366ad-51a2-4d2d-b8ab-9c13027b4170",
    "data": [
      {
        "text": "Delay Bake/Delay Start",
        "alias": "Settings",
        "meta": "@Settings",
        "userDefined": false
      },
      {
        "text": " ",
        "userDefined": false
      },
      {
        "text": "wall oven",
        "alias": "Appliance",
        "meta": "@Appliance",
        "userDefined": false
      },
      {
        "text": " with ",
        "userDefined": false
      },
      {
        "text": "sabbath mode",
        "alias": "GeneralFeatures",
        "meta": "@GeneralFeatures",
        "userDefined": false
      },
      {
        "text": " and ",
        "userDefined": false
      },
      {
        "text": "safety lock",
        "alias": "GeneralFeatures",
        "meta": "@GeneralFeatures",
        "userDefined": false
      }
    ],
    "isTemplate": false,
    "count": 0,
    "updated": 0
  },
  {
    "id": "447fc8aa-b90c-4929-916a-37fe8afb024c",
    "data": [
      {
        "text": "i am looking for ",
        "userDefined": false
      },
      {
        "text": "wall oven",
        "alias": "Appliance",
        "meta": "@Appliance",
        "userDefined": false
      },
      {
        "text": " with highest capacity",
        "userDefined": false
      }
    ],
    "isTemplate": false,
    "count": 0,
    "updated": 0
  },
  {
    "id": "0f9866ad-b62a-42c6-89d3-0465c8f4a22c",
    "data": [
      {
        "text": "$3000 - $4000",
        "meta": "@sys.ignore",
        "userDefined": true
      }
    ],
    "isTemplate": false,
    "count": 0,
    "updated": 0
  },
  {
    "id": "fa0a496e-7a0d-4a55-a1cc-647f7dd3a648",
    "data": [
      {
        "text": "30 in.",
        "alias": "Dimension",
        "meta": "@Dimension",
        "userDefined": false
      }
    ],
    "isTemplate": false,
    "count": 0,
    "updated": 0
  },
  {
    "id": "af02e6fe-29c7-4d5d-a9e0-a20f5ca4243a",
    "data": [
      {
        "text": "Smart Home Enabled",
        "alias": "GeneralFeatures",
        "meta": "@GeneralFeatures",
        "userDefined": true
      }
    ],
    "isTemplate": false,
    "count": 0,
    "updated": 0
  },
  {
    "id": "e1625b76-f021-4c86-b9e9-fbf449db59df",
    "data": [
      {
        "text": "Steam Oven",
        "alias": "Settings",
        "meta": "@Settings",
        "userDefined": false
      }
    ],
    "isTemplate": false,
    "count": 1,
    "updated": 0
  },
  {
    "id": "1d608d81-30a7-47d8-8de0-580c1ff4cae0",
    "data": [
      {
        "text": "samsung",
        "alias": "Brand",
        "meta": "@Brand",
        "userDefined": false
      }
    ],
    "isTemplate": false,
    "count": 0,
    "updated": 0
  }
]