[
  {
    "id": "a1e023b9-8874-4c42-a456-c7220eb16688",
    "data": [
      {
        "text": "How many people will use the ",
        "userDefined": false
      },
      {
        "text": "appliance",
        "alias": "FilterList",
        "meta": "@FilterList",
        "userDefined": false
      },
      {
        "text": "?",
        "userDefined": false
      }
    ],
    "isTemplate": false,
    "count": 0,
    "updated": 0
  },
  {
    "id": "aa05ca58-fe80-409a-982c-f2ea1ed2e717",
    "data": [
      {
        "text": "Bi-weekly",
        "alias": "Frequency",
        "meta": "@Frequency",
        "userDefined": false
      }
    ],
    "isTemplate": false,
    "count": 0,
    "updated": 0
  },
  {
    "id": "a770dfc3-4c41-4ac3-9051-ea04731e1074",
    "data": [
      {
        "text": "shutoff Value",
        "meta": "@sys.ignore",
        "userDefined": false
      }
    ],
    "isTemplate": false,
    "count": 0,
    "updated": 0
  },
  {
    "id": "1f0d34ba-efb0-4829-91b6-7db8a71e05bd",
    "data": [
      {
        "text": "i am looking for ",
        "userDefined": false
      },
      {
        "text": "reversible",
        "alias": "DoorSwingStyle",
        "meta": "@DoorSwingStyle",
        "userDefined": false
      }
    ],
    "isTemplate": false,
    "count": 0,
    "updated": 0
  },
  {
    "id": "fae3c6c9-6d60-42e0-8d58-7e0ad705a659",
    "data": [
      {
        "text": "detergent packs",
        "alias": "WasherDispensers",
        "meta": "@WasherDispensers",
        "userDefined": false
      },
      {
        "text": " ",
        "userDefined": false
      },
      {
        "text": "washers",
        "alias": "Appliance",
        "meta": "@Appliance",
        "userDefined": false
      }
    ],
    "isTemplate": false,
    "count": 0,
    "updated": 0
  },
  {
    "id": "6f755fe2-ccb3-412b-a9a1-27189310a019",
    "data": [
      {
        "text": "samsung",
        "alias": "Brand",
        "meta": "@Brand",
        "userDefined": false
      },
      {
        "text": " ",
        "userDefined": false
      },
      {
        "text": "washer",
        "alias": "Appliance",
        "meta": "@Appliance",
        "userDefined": false
      }
    ],
    "isTemplate": false,
    "count": 0,
    "updated": 0
  },
  {
    "id": "02acd2c0-502d-46b8-8fa9-14ea1cfa173d",
    "data": [
      {
        "text": "How many people are there in your ",
        "userDefined": false
      },
      {
        "text": "family",
        "alias": "FilterList",
        "meta": "@FilterList",
        "userDefined": false
      },
      {
        "text": "?",
        "userDefined": false
      }
    ],
    "isTemplate": false,
    "count": 0,
    "updated": 0
  },
  {
    "id": "feefb905-5d9f-45b6-a245-cea1d235e370",
    "data": [
      {
        "text": "1.5 cu. ft. - 2 cu. ft.",
        "alias": "Capacity",
        "meta": "@Capacity",
        "userDefined": false
      }
    ],
    "isTemplate": false,
    "count": 0,
    "updated": 0
  },
  {
    "id": "3f1a86c5-f896-47ab-8a9f-32d9ac0a7003",
    "data": [
      {
        "text": "i\u0027m looking for ",
        "userDefined": false
      },
      {
        "text": "washers",
        "alias": "Appliance",
        "meta": "@Appliance",
        "userDefined": false
      }
    ],
    "isTemplate": false,
    "count": 0,
    "updated": 0
  },
  {
    "id": "927b4568-d594-4084-b4d6-6303f3d2e150",
    "data": [
      {
        "text": "i am looking for ",
        "userDefined": false
      },
      {
        "text": "washers",
        "alias": "Appliance",
        "meta": "@Appliance",
        "userDefined": false
      }
    ],
    "isTemplate": false,
    "count": 0,
    "updated": 0
  },
  {
    "id": "edf3d2de-0eaa-4978-be61-587b9c83dd7f",
    "data": [
      {
        "text": "Do you or your ",
        "userDefined": false
      },
      {
        "text": "family",
        "alias": "FilterList",
        "meta": "@FilterList",
        "userDefined": false
      },
      {
        "text": " do a lot of ",
        "userDefined": false
      },
      {
        "text": "outdoors activities",
        "alias": "FilterList",
        "meta": "@FilterList",
        "userDefined": false
      },
      {
        "text": " or sports that requires you to pretreat their clothes?",
        "userDefined": false
      }
    ],
    "isTemplate": false,
    "count": 0,
    "updated": 0
  },
  {
    "id": "8e05aff8-c34e-4158-90a8-320c4002f7a0",
    "data": [
      {
        "text": "looking for ",
        "userDefined": false
      },
      {
        "text": "Porcelain Enamel Drum",
        "alias": "TubMaterial",
        "meta": "@TubMaterial",
        "userDefined": false
      },
      {
        "text": " in ",
        "userDefined": false
      },
      {
        "text": "stackable",
        "alias": "Stackable",
        "meta": "@Stackable",
        "userDefined": false
      },
      {
        "text": " ",
        "userDefined": false
      },
      {
        "text": "washer",
        "alias": "Appliance",
        "meta": "@Appliance",
        "userDefined": false
      }
    ],
    "isTemplate": false,
    "count": 0,
    "updated": 0
  },
  {
    "id": "aa85d4b2-3ae6-4900-8e11-dc5babfa0eb1",
    "data": [
      {
        "text": "tub to last long",
        "alias": "FilterList",
        "meta": "@FilterList",
        "userDefined": false
      }
    ],
    "isTemplate": false,
    "count": 0,
    "updated": 0
  },
  {
    "id": "632d0792-c5bc-493a-8619-274c95aa1742",
    "data": [
      {
        "text": "stack",
        "alias": "FilterList",
        "meta": "@FilterList",
        "userDefined": false
      }
    ],
    "isTemplate": false,
    "count": 0,
    "updated": 0
  },
  {
    "id": "6bf8d98e-3aa6-4e39-96bd-d9f747fa858d",
    "data": [
      {
        "text": "i am looking for ",
        "userDefined": false
      },
      {
        "text": "washer",
        "alias": "Appliance",
        "meta": "@Appliance",
        "userDefined": false
      },
      {
        "text": " under ",
        "userDefined": false
      },
      {
        "text": "rebates",
        "alias": "GeneralFeatures",
        "meta": "@GeneralFeatures",
        "userDefined": false
      }
    ],
    "isTemplate": false,
    "count": 0,
    "updated": 0
  },
  {
    "id": "7a36520a-ffea-4581-90c9-8d8bac4062ca",
    "data": [
      {
        "text": "are you looking for specific ",
        "userDefined": false
      },
      {
        "text": "capacity",
        "alias": "FilterList",
        "meta": "@FilterList",
        "userDefined": false
      },
      {
        "text": "? ",
        "userDefined": false
      },
      {
        "text": "2.3",
        "alias": "Number",
        "meta": "@sys.number",
        "userDefined": false
      }
    ],
    "isTemplate": false,
    "count": 0,
    "updated": 0
  },
  {
    "id": "c5ce1aad-0b57-4257-b41c-1ad940b8cdbb",
    "data": [
      {
        "text": "looking for ",
        "userDefined": false
      },
      {
        "text": "standard model",
        "alias": "Model",
        "meta": "@Model",
        "userDefined": false
      },
      {
        "text": " in ",
        "userDefined": false
      },
      {
        "text": "5 stars",
        "alias": "ReviewRating",
        "meta": "@ReviewRating",
        "userDefined": false
      }
    ],
    "isTemplate": false,
    "count": 0,
    "updated": 0
  },
  {
    "id": "7459671d-e339-4265-87ea-fe8053d0e64d",
    "data": [
      {
        "text": "looking for ",
        "userDefined": false
      },
      {
        "text": "4 star",
        "alias": "ReviewRating",
        "meta": "@ReviewRating",
        "userDefined": false
      },
      {
        "text": " ",
        "userDefined": false
      },
      {
        "text": "rating",
        "alias": "FilterList",
        "meta": "@FilterList",
        "userDefined": false
      },
      {
        "text": " ",
        "userDefined": false
      },
      {
        "text": "stackable",
        "alias": "Stackable",
        "meta": "@Stackable",
        "userDefined": false
      },
      {
        "text": " ",
        "userDefined": false
      },
      {
        "text": "washers",
        "alias": "Appliance",
        "meta": "@Appliance",
        "userDefined": false
      }
    ],
    "isTemplate": false,
    "count": 0,
    "updated": 0
  },
  {
    "id": "942fa706-feea-4b6b-91bd-45ebb16eb7db",
    "data": [
      {
        "text": "5 star only",
        "alias": "ReviewRating",
        "meta": "@ReviewRating",
        "userDefined": false
      }
    ],
    "isTemplate": false,
    "count": 0,
    "updated": 0
  },
  {
    "id": "25a2388c-d640-4741-9129-aa3c86f978d8",
    "data": [
      {
        "text": "What kind of ",
        "userDefined": false
      },
      {
        "text": "door style",
        "alias": "FilterList",
        "meta": "@FilterList",
        "userDefined": false
      },
      {
        "text": " you are looking in",
        "userDefined": false
      }
    ],
    "isTemplate": false,
    "count": 0,
    "updated": 0
  },
  {
    "id": "bd49adcb-d91b-4890-8e47-209d5c54f895",
    "data": [
      {
        "text": "Are you looking for any ",
        "userDefined": false
      },
      {
        "text": "brand",
        "alias": "FilterList",
        "meta": "@FilterList",
        "userDefined": false
      },
      {
        "text": " ? ",
        "userDefined": false
      },
      {
        "text": "Samsung",
        "alias": "Brand",
        "meta": "@Brand",
        "userDefined": false
      }
    ],
    "isTemplate": false,
    "count": 0,
    "updated": 0
  },
  {
    "id": "9f3016cd-3d77-4f30-9026-4f8b669ce54f",
    "data": [
      {
        "text": "Are you looking for any specific ",
        "userDefined": false
      },
      {
        "text": "brand",
        "alias": "FilterList",
        "meta": "@FilterList",
        "userDefined": false
      },
      {
        "text": "?",
        "userDefined": false
      }
    ],
    "isTemplate": false,
    "count": 0,
    "updated": 0
  },
  {
    "id": "aa29915b-a45e-4430-b049-b6e73ec8b41f",
    "data": [
      {
        "text": "which ",
        "userDefined": false
      },
      {
        "text": "capacity",
        "alias": "FilterList",
        "meta": "@FilterList",
        "userDefined": true
      },
      {
        "text": " are you interested?",
        "userDefined": false
      }
    ],
    "isTemplate": false,
    "count": 0,
    "updated": 0
  },
  {
    "id": "1620b4e4-7b8b-4538-b5b9-fbaa24d2a3ac",
    "data": [
      {
        "text": "do you have a ",
        "userDefined": false
      },
      {
        "text": "sanitizing",
        "alias": "WashCycles",
        "meta": "@WashCycles",
        "userDefined": false
      },
      {
        "text": " wash cycle for heavily soiled clothing? ",
        "userDefined": false
      },
      {
        "text": "yes",
        "alias": "GeneralFeatures",
        "meta": "@GeneralFeatures",
        "userDefined": false
      }
    ],
    "isTemplate": false,
    "count": 0,
    "updated": 0
  },
  {
    "id": "bd793792-71e1-46c9-844d-204d15606dbe",
    "data": [
      {
        "text": "what is the ",
        "userDefined": false
      },
      {
        "text": "key feature",
        "alias": "FilterList",
        "meta": "@FilterList",
        "userDefined": true
      },
      {
        "text": " that you are looking for ? ",
        "userDefined": false
      },
      {
        "text": "Advanced Vibration Control",
        "alias": "GeneralFeatures",
        "meta": "@GeneralFeatures",
        "userDefined": true
      }
    ],
    "isTemplate": false,
    "count": 0,
    "updated": 0
  },
  {
    "id": "90b6e6ff-653f-409e-b53b-00d0a48aa835",
    "data": [
      {
        "text": "what ",
        "userDefined": false
      },
      {
        "text": "capacity",
        "alias": "FilterList",
        "meta": "@FilterList",
        "userDefined": false
      },
      {
        "text": " do i need for ",
        "userDefined": false
      },
      {
        "text": "large family",
        "alias": "Size",
        "meta": "@Size",
        "userDefined": false
      },
      {
        "text": " ?",
        "userDefined": false
      }
    ],
    "isTemplate": false,
    "count": 0,
    "updated": 0
  },
  {
    "id": "2e54c30a-e1b6-4771-bd85-ae8eb086bc74",
    "data": [
      {
        "text": "do you have ",
        "userDefined": false
      },
      {
        "text": "high efficiency",
        "alias": "GeneralFeatures",
        "meta": "@GeneralFeatures",
        "userDefined": false
      },
      {
        "text": " ",
        "userDefined": false
      },
      {
        "text": "washer",
        "alias": "Appliance",
        "meta": "@Appliance",
        "userDefined": false
      },
      {
        "text": "? ",
        "userDefined": false
      },
      {
        "text": "yes",
        "alias": "GeneralFeatures",
        "meta": "@GeneralFeatures",
        "userDefined": false
      }
    ],
    "isTemplate": false,
    "count": 0,
    "updated": 0
  },
  {
    "id": "c001aed5-082e-4c89-b44c-abfb7c068738",
    "data": [
      {
        "text": "do you have ",
        "userDefined": false
      },
      {
        "text": "steam",
        "alias": "GeneralFeatures",
        "meta": "@GeneralFeatures",
        "userDefined": false
      },
      {
        "text": " ",
        "userDefined": false
      },
      {
        "text": "washer",
        "alias": "Appliance",
        "meta": "@Appliance",
        "userDefined": false
      },
      {
        "text": " ? ",
        "userDefined": false
      },
      {
        "text": "yes",
        "alias": "GeneralFeatures",
        "meta": "@GeneralFeatures",
        "userDefined": false
      }
    ],
    "isTemplate": false,
    "count": 0,
    "updated": 0
  },
  {
    "id": "d9924042-213a-4e70-8c1e-59042427b463",
    "data": [
      {
        "text": "hamper",
        "alias": "DoorSwingStyle",
        "meta": "@DoorSwingStyle",
        "userDefined": false
      }
    ],
    "isTemplate": false,
    "count": 0,
    "updated": 0
  },
  {
    "id": "8111b1d7-cfbd-466e-a542-57ba6fe801a7",
    "data": [
      {
        "text": "Are you looking for ",
        "userDefined": false
      },
      {
        "text": "washer dispenser",
        "alias": "FilterList",
        "meta": "@FilterList",
        "userDefined": false
      },
      {
        "text": "? ",
        "userDefined": false
      },
      {
        "text": "Yes",
        "alias": "GeneralFeatures",
        "meta": "@GeneralFeatures",
        "userDefined": false
      },
      {
        "text": " ",
        "userDefined": false
      },
      {
        "text": "Fabric Softener",
        "alias": "WasherDispensers",
        "meta": "@WasherDispensers",
        "userDefined": false
      }
    ],
    "isTemplate": false,
    "count": 0,
    "updated": 0
  },
  {
    "id": "708aac14-776b-4eba-9ded-1d16cc0ebe32",
    "data": [
      {
        "text": "are you looking ",
        "userDefined": false
      },
      {
        "text": "samsung",
        "alias": "Brand",
        "meta": "@Brand",
        "userDefined": false
      },
      {
        "text": " ",
        "userDefined": false
      },
      {
        "text": "brand",
        "alias": "FilterList",
        "meta": "@FilterList",
        "userDefined": false
      },
      {
        "text": " ? ",
        "userDefined": false
      },
      {
        "text": "yes",
        "alias": "GeneralFeatures",
        "meta": "@GeneralFeatures",
        "userDefined": false
      }
    ],
    "isTemplate": false,
    "count": 0,
    "updated": 0
  },
  {
    "id": "2adc6e63-e297-4d07-a324-983bd2d75bc9",
    "data": [
      {
        "text": "Which ",
        "userDefined": false
      },
      {
        "text": "colour",
        "alias": "FilterList",
        "meta": "@FilterList",
        "userDefined": false
      },
      {
        "text": " are you looking for? ",
        "userDefined": false
      },
      {
        "text": "Silver",
        "alias": "ColorFinishFamily",
        "meta": "@ColorFinishFamily",
        "userDefined": false
      }
    ],
    "isTemplate": false,
    "count": 0,
    "updated": 0
  },
  {
    "id": "8512b185-48f2-48cc-a6bd-af805c541da4",
    "data": [
      {
        "text": "reversible",
        "alias": "DoorSwingStyle",
        "meta": "@DoorSwingStyle",
        "userDefined": false
      },
      {
        "text": " ",
        "userDefined": false
      },
      {
        "text": "small load",
        "alias": "WashCycles",
        "meta": "@WashCycles",
        "userDefined": false
      }
    ],
    "isTemplate": false,
    "count": 0,
    "updated": 0
  },
  {
    "id": "3937d506-8ce2-4e25-8e38-a62897558001",
    "data": [
      {
        "text": "Deep fill",
        "alias": "WashCycles",
        "meta": "@WashCycles",
        "userDefined": true
      },
      {
        "text": " ",
        "userDefined": false
      },
      {
        "text": "Prewash Detergent",
        "alias": "WasherDispensers",
        "meta": "@WasherDispensers",
        "userDefined": true
      }
    ],
    "isTemplate": false,
    "count": 0,
    "updated": 0
  },
  {
    "id": "14b85579-97d5-4af9-9922-a90fefc5e06c",
    "data": [
      {
        "text": "between $800 - $1000",
        "meta": "@sys.ignore",
        "userDefined": false
      }
    ],
    "isTemplate": false,
    "count": 0,
    "updated": 0
  },
  {
    "id": "926e9562-dd46-4e81-84e7-fec95b2ab796",
    "data": [
      {
        "text": "i am interested in ",
        "userDefined": false
      },
      {
        "text": "stainless steel drum",
        "alias": "TubMaterial",
        "meta": "@TubMaterial",
        "userDefined": false
      }
    ],
    "isTemplate": false,
    "count": 0,
    "updated": 0
  },
  {
    "id": "5cf02791-5c68-44f6-9685-80771248bba3",
    "data": [
      {
        "text": "are you looking for washing ",
        "userDefined": false
      },
      {
        "text": "large",
        "alias": "Size",
        "meta": "@Size",
        "userDefined": true
      },
      {
        "text": " items like ",
        "userDefined": false
      },
      {
        "text": "Towels and Sheets",
        "alias": "WashCycles",
        "meta": "@WashCycles",
        "userDefined": true
      },
      {
        "text": "?",
        "userDefined": false
      }
    ],
    "isTemplate": false,
    "count": 0,
    "updated": 0
  },
  {
    "id": "910d101e-2c3a-4289-a773-91f534583204",
    "data": [
      {
        "text": "do you have a ",
        "userDefined": false
      },
      {
        "text": "magic chef",
        "alias": "Brand",
        "meta": "@Brand",
        "userDefined": false
      },
      {
        "text": " ",
        "userDefined": false
      },
      {
        "text": "washer",
        "alias": "Appliance",
        "meta": "@Appliance",
        "userDefined": false
      },
      {
        "text": "? ",
        "userDefined": false
      },
      {
        "text": "yes",
        "alias": "GeneralFeatures",
        "meta": "@GeneralFeatures",
        "userDefined": false
      }
    ],
    "isTemplate": false,
    "count": 0,
    "updated": 0
  },
  {
    "id": "16722a04-f46c-4caa-b722-1c845a2d96f5",
    "data": [
      {
        "text": "i would like to buy a ",
        "userDefined": false
      },
      {
        "text": "washer",
        "alias": "Appliance",
        "meta": "@Appliance",
        "userDefined": false
      },
      {
        "text": " with ",
        "userDefined": false
      },
      {
        "text": "fingerprint resistant",
        "alias": "GeneralFeatures",
        "meta": "@GeneralFeatures",
        "userDefined": false
      }
    ],
    "isTemplate": false,
    "count": 0,
    "updated": 0
  },
  {
    "id": "8f84c679-ca3a-4acb-a667-532a1b537313",
    "data": [
      {
        "text": "i prefer a ",
        "userDefined": false
      },
      {
        "text": "washer",
        "alias": "Appliance",
        "meta": "@Appliance",
        "userDefined": false
      },
      {
        "text": " with ",
        "userDefined": false
      },
      {
        "text": "extra spin",
        "alias": "WashCycles",
        "meta": "@WashCycles",
        "userDefined": false
      }
    ],
    "isTemplate": false,
    "count": 0,
    "updated": 0
  },
  {
    "id": "743ae074-1b6a-4487-8798-1ab4cddfacc8",
    "data": [
      {
        "text": "i am looking for ",
        "userDefined": false
      },
      {
        "text": "black",
        "alias": "ColorFinishFamily",
        "meta": "@ColorFinishFamily",
        "userDefined": false
      },
      {
        "text": " ",
        "userDefined": false
      },
      {
        "text": "washer",
        "alias": "Appliance",
        "meta": "@Appliance",
        "userDefined": false
      }
    ],
    "isTemplate": false,
    "count": 0,
    "updated": 0
  },
  {
    "id": "c64a18c6-5f14-4150-8f0e-17718f6b2be0",
    "data": [
      {
        "text": "are you looking for ",
        "userDefined": false
      },
      {
        "text": "plastic drum",
        "alias": "TubMaterial",
        "meta": "@TubMaterial",
        "userDefined": false
      },
      {
        "text": " ? ",
        "userDefined": false
      },
      {
        "text": "No",
        "alias": "GeneralFeatures",
        "meta": "@GeneralFeatures",
        "userDefined": false
      }
    ],
    "isTemplate": false,
    "count": 0,
    "updated": 0
  },
  {
    "id": "58e031ba-6eab-4d6d-8d6f-25d3700311e2",
    "data": [
      {
        "text": "do you want explore ",
        "userDefined": false
      },
      {
        "text": "Cycle Status Indicator",
        "alias": "GeneralFeatures",
        "meta": "@GeneralFeatures",
        "userDefined": true
      },
      {
        "text": " feature in ",
        "userDefined": false
      },
      {
        "text": "washer",
        "alias": "Appliance",
        "meta": "@Appliance",
        "userDefined": true
      },
      {
        "text": "?",
        "userDefined": false
      }
    ],
    "isTemplate": false,
    "count": 0,
    "updated": 0
  },
  {
    "id": "372e8a84-a010-4315-a83c-29c780f0cfe0",
    "data": [
      {
        "text": "one",
        "alias": "Number",
        "meta": "@sys.number",
        "userDefined": false
      }
    ],
    "isTemplate": false,
    "count": 0,
    "updated": 0
  },
  {
    "id": "150726de-bc15-436d-8e83-392c13e5a7b3",
    "data": [
      {
        "text": "i am looking for ",
        "userDefined": false
      },
      {
        "text": "special features",
        "alias": "FilterList",
        "meta": "@FilterList",
        "userDefined": false
      },
      {
        "text": " in ",
        "userDefined": false
      },
      {
        "text": "washer",
        "alias": "Appliance",
        "meta": "@Appliance",
        "userDefined": false
      }
    ],
    "isTemplate": false,
    "count": 0,
    "updated": 0
  },
  {
    "id": "6470463d-1b69-4f5a-b26a-b2ca933b2e75",
    "data": [
      {
        "text": "i need a high ",
        "userDefined": false
      },
      {
        "text": "cost",
        "alias": "FilterList",
        "meta": "@FilterList",
        "userDefined": false
      },
      {
        "text": " ",
        "userDefined": false
      },
      {
        "text": "washer",
        "alias": "Appliance",
        "meta": "@Appliance",
        "userDefined": false
      }
    ],
    "isTemplate": false,
    "count": 0,
    "updated": 0
  },
  {
    "id": "28f95ddf-6eb0-4e4d-a051-2f945fdce219",
    "data": [
      {
        "text": "most ",
        "userDefined": false
      },
      {
        "text": "reviewed",
        "alias": "FilterList",
        "meta": "@FilterList",
        "userDefined": false
      },
      {
        "text": " ",
        "userDefined": false
      },
      {
        "text": "washer",
        "alias": "Appliance",
        "meta": "@Appliance",
        "userDefined": true
      }
    ],
    "isTemplate": false,
    "count": 0,
    "updated": 0
  },
  {
    "id": "138adb36-9b6c-4154-b350-4b4618792883",
    "data": [
      {
        "text": "which ",
        "userDefined": false
      },
      {
        "text": "tub material",
        "alias": "FilterList",
        "meta": "@FilterList",
        "userDefined": false
      },
      {
        "text": " you preferred most",
        "userDefined": false
      }
    ],
    "isTemplate": false,
    "count": 0,
    "updated": 0
  },
  {
    "id": "24f8bf93-1a53-4d1d-b886-1f10387afbf1",
    "data": [
      {
        "text": "What ",
        "userDefined": false
      },
      {
        "text": "washcycles",
        "alias": "FilterList",
        "meta": "@FilterList",
        "userDefined": true
      },
      {
        "text": " are you looking for",
        "userDefined": false
      }
    ],
    "isTemplate": false,
    "count": 0,
    "updated": 0
  },
  {
    "id": "5a09cc41-d23e-4b64-980c-62b06aa0902f",
    "data": [
      {
        "text": "do you have ",
        "userDefined": false
      },
      {
        "text": "5 star",
        "alias": "ReviewRating",
        "meta": "@ReviewRating",
        "userDefined": false
      },
      {
        "text": " ",
        "userDefined": false
      },
      {
        "text": "rating",
        "alias": "FilterList",
        "meta": "@FilterList",
        "userDefined": false
      },
      {
        "text": " ",
        "userDefined": false
      },
      {
        "text": "washer",
        "alias": "Appliance",
        "meta": "@Appliance",
        "userDefined": false
      },
      {
        "text": "?",
        "userDefined": false
      }
    ],
    "isTemplate": false,
    "count": 0,
    "updated": 0
  },
  {
    "id": "9e47c2b3-34ed-4a0b-b4c2-d43f89e9fa32",
    "data": [
      {
        "text": "can you show me ",
        "userDefined": false
      },
      {
        "text": "portable washer",
        "alias": "Type",
        "meta": "@Type",
        "userDefined": false
      },
      {
        "text": " ?",
        "userDefined": false
      }
    ],
    "isTemplate": false,
    "count": 0,
    "updated": 0
  },
  {
    "id": "d0cc5113-e254-47e6-959a-023b3aea1485",
    "data": [
      {
        "text": "can you show me a ",
        "userDefined": false
      },
      {
        "text": "washer",
        "alias": "Appliance",
        "meta": "@Appliance",
        "userDefined": false
      },
      {
        "text": "?",
        "userDefined": false
      }
    ],
    "isTemplate": false,
    "count": 0,
    "updated": 0
  },
  {
    "id": "4150bc9c-1ad6-485c-9f5c-fab4d61ae227",
    "data": [
      {
        "text": "are you looking for ",
        "userDefined": false
      },
      {
        "text": "Champagne",
        "alias": "ColorFinishFamily",
        "meta": "@ColorFinishFamily",
        "userDefined": true
      },
      {
        "text": " color?",
        "userDefined": false
      }
    ],
    "isTemplate": false,
    "count": 0,
    "updated": 0
  },
  {
    "id": "9d5ca35b-ad90-44ce-91d9-da071f5cd064",
    "data": [
      {
        "text": "Are you looking for ",
        "userDefined": false
      },
      {
        "text": "Silver",
        "alias": "ColorFinishFamily",
        "meta": "@ColorFinishFamily",
        "userDefined": false
      }
    ],
    "isTemplate": false,
    "count": 0,
    "updated": 0
  },
  {
    "id": "5970b9e6-05fd-4117-920c-affb2f3cc294",
    "data": [
      {
        "text": "What ",
        "userDefined": false
      },
      {
        "text": "brand",
        "alias": "FilterList",
        "meta": "@FilterList",
        "userDefined": false
      },
      {
        "text": " of ",
        "userDefined": false
      },
      {
        "text": "washer",
        "alias": "Appliance",
        "meta": "@Appliance",
        "userDefined": false
      },
      {
        "text": " is most reliable?",
        "userDefined": false
      }
    ],
    "isTemplate": false,
    "count": 0,
    "updated": 0
  },
  {
    "id": "b3b26133-69c5-4ad5-8bdd-5f88d2179f33",
    "data": [
      {
        "text": "looking for ",
        "userDefined": false
      },
      {
        "text": "washers",
        "alias": "Appliance",
        "meta": "@Appliance",
        "userDefined": false
      },
      {
        "text": " to place in ",
        "userDefined": false
      },
      {
        "text": "small",
        "alias": "Size",
        "meta": "@Size",
        "userDefined": false
      },
      {
        "text": " ",
        "userDefined": false
      },
      {
        "text": "space",
        "alias": "FilterList",
        "meta": "@FilterList",
        "userDefined": true
      }
    ],
    "isTemplate": false,
    "count": 0,
    "updated": 0
  },
  {
    "id": "d9c3d762-de01-4e19-a42e-4a33daa4cdd9",
    "data": [
      {
        "text": "best rated",
        "alias": "ReviewRating",
        "meta": "@ReviewRating",
        "userDefined": false
      },
      {
        "text": " ",
        "userDefined": false
      },
      {
        "text": "front load",
        "alias": "LoadType",
        "meta": "@LoadType",
        "userDefined": false
      },
      {
        "text": " ",
        "userDefined": false
      },
      {
        "text": "washer",
        "alias": "Appliance",
        "meta": "@Appliance",
        "userDefined": true
      },
      {
        "text": " with ",
        "userDefined": false
      },
      {
        "text": "energy star",
        "alias": "GeneralFeatures",
        "meta": "@GeneralFeatures",
        "userDefined": false
      }
    ],
    "isTemplate": false,
    "count": 0,
    "updated": 0
  },
  {
    "id": "d9610cb2-5144-4986-ae68-0bfb1c74ae65",
    "data": [
      {
        "text": "4.5 cu. ft.",
        "alias": "Capacity",
        "meta": "@Capacity",
        "userDefined": false
      },
      {
        "text": " ",
        "userDefined": false
      },
      {
        "text": "Agitator",
        "alias": "Type",
        "meta": "@Type",
        "userDefined": false
      },
      {
        "text": " with tier ",
        "userDefined": false
      },
      {
        "text": "rating",
        "alias": "FilterList",
        "meta": "@FilterList",
        "userDefined": false
      },
      {
        "text": " as ",
        "userDefined": false
      },
      {
        "text": "Not CEE rated",
        "alias": "GeneralFeatures",
        "meta": "@GeneralFeatures",
        "userDefined": false
      }
    ],
    "isTemplate": false,
    "count": 0,
    "updated": 0
  },
  {
    "id": "8a721b28-9a8e-4893-9e9d-ca974635f163",
    "data": [
      {
        "text": "Whirlpool",
        "alias": "Brand",
        "meta": "@Brand",
        "userDefined": false
      },
      {
        "text": " ",
        "userDefined": false
      },
      {
        "text": "4.3 cu. ft.",
        "alias": "Capacity",
        "meta": "@Capacity",
        "userDefined": false
      },
      {
        "text": " ",
        "userDefined": false
      },
      {
        "text": "High-Efficiency",
        "alias": "GeneralFeatures",
        "meta": "@GeneralFeatures",
        "userDefined": true
      },
      {
        "text": " ",
        "userDefined": false
      },
      {
        "text": "White",
        "alias": "ColorFinishFamily",
        "meta": "@ColorFinishFamily",
        "userDefined": false
      },
      {
        "text": " ",
        "userDefined": false
      },
      {
        "text": "Top Load",
        "alias": "LoadType",
        "meta": "@LoadType",
        "userDefined": false
      },
      {
        "text": " ",
        "userDefined": false
      },
      {
        "text": "Washer",
        "alias": "Appliance",
        "meta": "@Appliance",
        "userDefined": true
      }
    ],
    "isTemplate": false,
    "count": 0,
    "updated": 0
  },
  {
    "id": "e77b9078-e564-4041-9877-d8848ec40f63",
    "data": [
      {
        "text": "front load",
        "alias": "LoadType",
        "meta": "@LoadType",
        "userDefined": true
      },
      {
        "text": " ",
        "userDefined": false
      },
      {
        "text": "washers",
        "alias": "Appliance",
        "meta": "@Appliance",
        "userDefined": true
      },
      {
        "text": " in ",
        "userDefined": false
      },
      {
        "text": "gray",
        "alias": "ColorFinishFamily",
        "meta": "@ColorFinishFamily",
        "userDefined": false
      }
    ],
    "isTemplate": false,
    "count": 0,
    "updated": 0
  },
  {
    "id": "57f81234-30d6-4db3-9c13-08535125a1d2",
    "data": [
      {
        "text": "do you have ",
        "userDefined": false
      },
      {
        "text": "washers",
        "alias": "Appliance",
        "meta": "@Appliance",
        "userDefined": false
      },
      {
        "text": " in ",
        "userDefined": false
      },
      {
        "text": "standard model",
        "alias": "Model",
        "meta": "@Model",
        "userDefined": false
      },
      {
        "text": " ?",
        "userDefined": false
      }
    ],
    "isTemplate": false,
    "count": 0,
    "updated": 0
  },
  {
    "id": "d90b742e-b28d-421d-a7e9-3e1c5244c163",
    "data": [
      {
        "text": "looking for ",
        "userDefined": false
      },
      {
        "text": "30 inch",
        "alias": "Dimension",
        "meta": "@Dimension",
        "userDefined": false
      },
      {
        "text": " ",
        "userDefined": false
      },
      {
        "text": "30 percent off or more",
        "alias": "GeneralFeatures",
        "meta": "@GeneralFeatures",
        "userDefined": true
      },
      {
        "text": " ",
        "userDefined": false
      },
      {
        "text": "compact",
        "alias": "Model",
        "meta": "@Model",
        "userDefined": false
      },
      {
        "text": " ",
        "userDefined": false
      },
      {
        "text": "washers",
        "alias": "Appliance",
        "meta": "@Appliance",
        "userDefined": false
      }
    ],
    "isTemplate": false,
    "count": 0,
    "updated": 0
  },
  {
    "id": "a656dfe0-b1ec-46b8-8980-8722a8d3e245",
    "data": [
      {
        "text": "15 inch width",
        "alias": "Dimension",
        "meta": "@Dimension",
        "userDefined": false
      },
      {
        "text": " and ",
        "userDefined": false
      },
      {
        "text": "15 inch height",
        "alias": "Dimension",
        "meta": "@Dimension",
        "userDefined": false
      },
      {
        "text": " ",
        "userDefined": false
      },
      {
        "text": "washer",
        "alias": "Appliance",
        "meta": "@Appliance",
        "userDefined": false
      }
    ],
    "isTemplate": false,
    "count": 0,
    "updated": 0
  },
  {
    "id": "3204fb8a-ed4f-4363-891d-e484b4d29969",
    "data": [
      {
        "text": "Less than ",
        "userDefined": false
      },
      {
        "text": "15 in.",
        "alias": "Dimension",
        "meta": "@Dimension",
        "userDefined": true
      }
    ],
    "isTemplate": false,
    "count": 0,
    "updated": 0
  },
  {
    "id": "3f3e214c-ebcc-4bd4-952c-3c96f061e337",
    "data": [
      {
        "text": "Large",
        "alias": "Size",
        "meta": "@Size",
        "userDefined": false
      },
      {
        "text": " ",
        "userDefined": false
      },
      {
        "text": "Capacity",
        "alias": "FilterList",
        "meta": "@FilterList",
        "userDefined": false
      },
      {
        "text": " ",
        "userDefined": false
      },
      {
        "text": "Front Load",
        "alias": "LoadType",
        "meta": "@LoadType",
        "userDefined": false
      },
      {
        "text": " ",
        "userDefined": false
      },
      {
        "text": "Washer",
        "alias": "Appliance",
        "meta": "@Appliance",
        "userDefined": true
      },
      {
        "text": " with ",
        "userDefined": false
      },
      {
        "text": "Coldwash",
        "alias": "WashCycles",
        "meta": "@WashCycles",
        "userDefined": false
      },
      {
        "text": " Technology and ",
        "userDefined": false
      },
      {
        "text": "Wi-Fi Connectivity",
        "alias": "GeneralFeatures",
        "meta": "@GeneralFeatures",
        "userDefined": false
      },
      {
        "text": " in ",
        "userDefined": false
      },
      {
        "text": "White",
        "alias": "ColorFinishFamily",
        "meta": "@ColorFinishFamily",
        "userDefined": false
      }
    ],
    "isTemplate": false,
    "count": 0,
    "updated": 0
  },
  {
    "id": "63983f6c-ff3a-4fac-bda6-1b9bc323f330",
    "data": [
      {
        "text": "how often",
        "alias": "FilterList",
        "meta": "@FilterList",
        "userDefined": false
      },
      {
        "text": " will you wash clothes ? yes, ",
        "userDefined": false
      },
      {
        "text": "Daily",
        "alias": "Frequency",
        "meta": "@Frequency",
        "userDefined": true
      }
    ],
    "isTemplate": false,
    "count": 0,
    "updated": 0
  },
  {
    "id": "0909f7c8-9093-4462-831a-04fda1c7101d",
    "data": [
      {
        "text": "looking for ",
        "userDefined": false
      },
      {
        "text": "washer",
        "alias": "Appliance",
        "meta": "@Appliance",
        "userDefined": false
      },
      {
        "text": " for ",
        "userDefined": false
      },
      {
        "text": "4 members",
        "alias": "Size",
        "meta": "@Size",
        "userDefined": false
      },
      {
        "text": " family",
        "userDefined": false
      }
    ],
    "isTemplate": false,
    "count": 0,
    "updated": 0
  },
  {
    "id": "131db553-9c1f-4378-978f-a41af80152d8",
    "data": [
      {
        "text": "Bleach",
        "alias": "WasherDispensers",
        "meta": "@WasherDispensers",
        "userDefined": true
      },
      {
        "text": ", ",
        "userDefined": false
      },
      {
        "text": "Bulk Dispenser",
        "alias": "WasherDispensers",
        "meta": "@WasherDispensers",
        "userDefined": true
      },
      {
        "text": ", ",
        "userDefined": false
      },
      {
        "text": "Detergent Packs",
        "alias": "WasherDispensers",
        "meta": "@WasherDispensers",
        "userDefined": true
      },
      {
        "text": "\n .",
        "userDefined": false
      }
    ],
    "isTemplate": false,
    "count": 0,
    "updated": 0
  },
  {
    "id": "ad873173-ee81-4bd5-974d-99c10122dc2e",
    "data": [
      {
        "text": "Permanent Press",
        "alias": "WashCycles",
        "meta": "@WashCycles",
        "userDefined": false
      },
      {
        "text": " , ",
        "userDefined": false
      },
      {
        "text": "Presoak",
        "alias": "WashCycles",
        "meta": "@WashCycles",
        "userDefined": false
      },
      {
        "text": " , ",
        "userDefined": false
      },
      {
        "text": "Prewash",
        "alias": "WashCycles",
        "meta": "@WashCycles",
        "userDefined": false
      },
      {
        "text": " and ",
        "userDefined": false
      },
      {
        "text": "Rinse and Spin",
        "alias": "WashCycles",
        "meta": "@WashCycles",
        "userDefined": false
      },
      {
        "text": " .",
        "userDefined": false
      }
    ],
    "isTemplate": false,
    "count": 0,
    "updated": 0
  },
  {
    "id": "9f2c73a1-1c21-4593-a538-6b48e12a066e",
    "data": [
      {
        "text": "Remote Diagnostics",
        "alias": "GeneralFeatures",
        "meta": "@GeneralFeatures",
        "userDefined": false
      },
      {
        "text": " , ",
        "userDefined": false
      },
      {
        "text": "Soft Close Lid",
        "alias": "GeneralFeatures",
        "meta": "@GeneralFeatures",
        "userDefined": false
      },
      {
        "text": " , ",
        "userDefined": false
      },
      {
        "text": "Spin Speed Option",
        "alias": "GeneralFeatures",
        "meta": "@GeneralFeatures",
        "userDefined": false
      },
      {
        "text": ".",
        "userDefined": false
      }
    ],
    "isTemplate": false,
    "count": 0,
    "updated": 0
  },
  {
    "id": "c6fabab9-2f20-4b19-93ca-6b5f21700ea7",
    "data": [
      {
        "text": "34 in",
        "alias": "Dimension",
        "meta": "@Dimension",
        "userDefined": false
      },
      {
        "text": " ",
        "userDefined": false
      },
      {
        "text": "under $1000",
        "meta": "@sys.ignore",
        "userDefined": false
      },
      {
        "text": " in ",
        "userDefined": false
      },
      {
        "text": "black",
        "alias": "ColorFinishFamily",
        "meta": "@ColorFinishFamily",
        "userDefined": false
      },
      {
        "text": " ",
        "userDefined": false
      },
      {
        "text": "stainless steel drum",
        "alias": "TubMaterial",
        "meta": "@TubMaterial",
        "userDefined": true
      }
    ],
    "isTemplate": false,
    "count": 0,
    "updated": 0
  },
  {
    "id": "645669f9-210f-42be-9615-939e69a2f98a",
    "data": [
      {
        "text": "looking for ",
        "userDefined": false
      },
      {
        "text": "washer",
        "alias": "Appliance",
        "meta": "@Appliance",
        "userDefined": true
      },
      {
        "text": " to wash ",
        "userDefined": false
      },
      {
        "text": "delicates",
        "alias": "WashCycles",
        "meta": "@WashCycles",
        "userDefined": true
      },
      {
        "text": " and mostly like ",
        "userDefined": false
      },
      {
        "text": "handwashable",
        "alias": "WashCycles",
        "meta": "@WashCycles",
        "userDefined": true
      }
    ],
    "isTemplate": false,
    "count": 0,
    "updated": 0
  },
  {
    "id": "5f9b1187-f197-4edb-b89f-1faff9746f93",
    "data": [
      {
        "text": "34 in",
        "alias": "Dimension",
        "meta": "@Dimension",
        "userDefined": false
      },
      {
        "text": " ",
        "userDefined": false
      },
      {
        "text": "top load",
        "alias": "LoadType",
        "meta": "@LoadType",
        "userDefined": true
      },
      {
        "text": " ",
        "userDefined": false
      },
      {
        "text": "impeller",
        "alias": "Type",
        "meta": "@Type",
        "userDefined": false
      },
      {
        "text": " ",
        "userDefined": false
      },
      {
        "text": "under $700",
        "meta": "@sys.ignore",
        "userDefined": false
      },
      {
        "text": " in ",
        "userDefined": false
      },
      {
        "text": "stainless steel",
        "alias": "ColorFinishFamily",
        "meta": "@ColorFinishFamily",
        "userDefined": false
      }
    ],
    "isTemplate": false,
    "count": 0,
    "updated": 0
  },
  {
    "id": "5bd47aa7-fad1-4ee4-a0d7-6019622220c2",
    "data": [
      {
        "text": "top load",
        "alias": "LoadType",
        "meta": "@LoadType",
        "userDefined": true
      },
      {
        "text": " ",
        "userDefined": false
      },
      {
        "text": "Agitator",
        "alias": "Type",
        "meta": "@Type",
        "userDefined": true
      },
      {
        "text": " ",
        "userDefined": false
      },
      {
        "text": "washers",
        "alias": "Appliance",
        "meta": "@Appliance",
        "userDefined": true
      }
    ],
    "isTemplate": false,
    "count": 0,
    "updated": 0
  },
  {
    "id": "f1c762d5-a43d-4fa1-9111-e4bf26c5a5f6",
    "data": [
      {
        "text": "which ",
        "userDefined": false
      },
      {
        "text": "brands",
        "alias": "FilterList",
        "meta": "@FilterList",
        "userDefined": false
      },
      {
        "text": " are available",
        "userDefined": false
      }
    ],
    "isTemplate": false,
    "count": 0,
    "updated": 0
  },
  {
    "id": "43826b00-29dd-4258-a044-6cccafbc3b71",
    "data": [
      {
        "text": "34 in",
        "alias": "Dimension",
        "meta": "@Dimension",
        "userDefined": false
      },
      {
        "text": " ",
        "userDefined": false
      },
      {
        "text": "front load",
        "alias": "LoadType",
        "meta": "@LoadType",
        "userDefined": false
      },
      {
        "text": " ",
        "userDefined": false
      },
      {
        "text": "washer",
        "alias": "Appliance",
        "meta": "@Appliance",
        "userDefined": true
      },
      {
        "text": " with ",
        "userDefined": false
      },
      {
        "text": "fingerprint resistant",
        "alias": "GeneralFeatures",
        "meta": "@GeneralFeatures",
        "userDefined": false
      },
      {
        "text": " in ",
        "userDefined": false
      },
      {
        "text": "black stainless steel",
        "alias": "ColorFinishFamily",
        "meta": "@ColorFinishFamily",
        "userDefined": false
      }
    ],
    "isTemplate": false,
    "count": 0,
    "updated": 0
  },
  {
    "id": "759d0299-03cf-41c8-821b-ecdc6819e22c",
    "data": [
      {
        "text": "Hamper",
        "alias": "DoorSwingStyle",
        "meta": "@DoorSwingStyle",
        "userDefined": false
      },
      {
        "text": " style ",
        "userDefined": false
      },
      {
        "text": "extra large",
        "alias": "Size",
        "meta": "@Size",
        "userDefined": false
      },
      {
        "text": " ",
        "userDefined": false
      },
      {
        "text": "knits",
        "alias": "WashCycles",
        "meta": "@WashCycles",
        "userDefined": false
      },
      {
        "text": " ",
        "userDefined": false
      },
      {
        "text": "light",
        "alias": "WashCycles",
        "meta": "@WashCycles",
        "userDefined": false
      },
      {
        "text": " ",
        "userDefined": false
      },
      {
        "text": "slate",
        "alias": "ColorFinishFamily",
        "meta": "@ColorFinishFamily",
        "userDefined": false
      },
      {
        "text": " ",
        "userDefined": false
      },
      {
        "text": "avalon bay",
        "alias": "Brand",
        "meta": "@Brand",
        "userDefined": false
      },
      {
        "text": " ",
        "userDefined": false
      },
      {
        "text": "washer",
        "alias": "Appliance",
        "meta": "@Appliance",
        "userDefined": true
      }
    ],
    "isTemplate": false,
    "count": 0,
    "updated": 0
  },
  {
    "id": "be7b06d2-cd0e-4eff-8bda-bad3919afa14",
    "data": [
      {
        "text": "compact",
        "alias": "Model",
        "meta": "@Model",
        "userDefined": false
      },
      {
        "text": " ",
        "userDefined": false
      },
      {
        "text": "stackable",
        "alias": "Stackable",
        "meta": "@Stackable",
        "userDefined": false
      },
      {
        "text": " ",
        "userDefined": false
      },
      {
        "text": "black",
        "alias": "ColorFinishFamily",
        "meta": "@ColorFinishFamily",
        "userDefined": false
      },
      {
        "text": " ",
        "userDefined": false
      },
      {
        "text": "Reversible",
        "alias": "DoorSwingStyle",
        "meta": "@DoorSwingStyle",
        "userDefined": false
      },
      {
        "text": " ",
        "userDefined": false
      },
      {
        "text": "washer",
        "alias": "Appliance",
        "meta": "@Appliance",
        "userDefined": false
      }
    ],
    "isTemplate": false,
    "count": 0,
    "updated": 0
  },
  {
    "id": "2523e460-8d21-4af9-9946-e68fa19a276f",
    "data": [
      {
        "text": "Sanitize",
        "alias": "WashCycles",
        "meta": "@WashCycles",
        "userDefined": false
      },
      {
        "text": ", ",
        "userDefined": false
      },
      {
        "text": "Speed Wash",
        "alias": "WashCycles",
        "meta": "@WashCycles",
        "userDefined": false
      },
      {
        "text": " and ",
        "userDefined": false
      },
      {
        "text": "Heavy duty",
        "alias": "WashCycles",
        "meta": "@WashCycles",
        "userDefined": false
      },
      {
        "text": " and ",
        "userDefined": false
      },
      {
        "text": "control lock",
        "alias": "GeneralFeatures",
        "meta": "@GeneralFeatures",
        "userDefined": false
      }
    ],
    "isTemplate": false,
    "count": 0,
    "updated": 0
  },
  {
    "id": "551acc4b-3490-48ca-97ad-e5bf90a64a7b",
    "data": [
      {
        "text": "Smart Home Enabled",
        "alias": "GeneralFeatures",
        "meta": "@GeneralFeatures",
        "userDefined": false
      }
    ],
    "isTemplate": false,
    "count": 0,
    "updated": 0
  },
  {
    "id": "7c95be7e-7850-4dc7-a255-6e479ce75546",
    "data": [
      {
        "text": "Left swing",
        "alias": "DoorSwingStyle",
        "meta": "@DoorSwingStyle",
        "userDefined": false
      }
    ],
    "isTemplate": false,
    "count": 0,
    "updated": 0
  },
  {
    "id": "ce679cef-9e2c-4c2d-a104-f261cc6f79da",
    "data": [
      {
        "text": "are you looking for ",
        "userDefined": false
      },
      {
        "text": "Advanced Vibration Control",
        "alias": "GeneralFeatures",
        "meta": "@GeneralFeatures",
        "userDefined": true
      },
      {
        "text": " feature?",
        "userDefined": false
      }
    ],
    "isTemplate": false,
    "count": 0,
    "updated": 0
  },
  {
    "id": "f3f52659-7c14-476a-ad56-5bf67e26160b",
    "data": [
      {
        "text": "looking for ",
        "userDefined": false
      },
      {
        "text": "20 percent off",
        "alias": "GeneralFeatures",
        "meta": "@GeneralFeatures",
        "userDefined": true
      },
      {
        "text": " ",
        "userDefined": false
      },
      {
        "text": "washers",
        "alias": "Appliance",
        "meta": "@Appliance",
        "userDefined": false
      }
    ],
    "isTemplate": false,
    "count": 0,
    "updated": 0
  },
  {
    "id": "bd8810dd-9b74-4fda-9577-5d1a872085ee",
    "data": [
      {
        "text": "Whites",
        "alias": "WashCycles",
        "meta": "@WashCycles",
        "userDefined": true
      }
    ],
    "isTemplate": false,
    "count": 0,
    "updated": 0
  },
  {
    "id": "a8d3a72a-e3d4-431d-a1a4-622cb9ddbc2f",
    "data": [
      {
        "text": "Black Stainless Steel",
        "alias": "ColorFinishFamily",
        "meta": "@ColorFinishFamily",
        "userDefined": true
      },
      {
        "text": " ",
        "userDefined": false
      },
      {
        "text": "Stainless Steel drum",
        "alias": "TubMaterial",
        "meta": "@TubMaterial",
        "userDefined": true
      }
    ],
    "isTemplate": false,
    "count": 0,
    "updated": 0
  },
  {
    "id": "0ee9e1a3-5cb7-48ab-bf9f-ed5cd8d47cca",
    "data": [
      {
        "text": "Standard Wash Cycle Only",
        "alias": "WashCycles",
        "meta": "@WashCycles",
        "userDefined": true
      }
    ],
    "isTemplate": false,
    "count": 0,
    "updated": 0
  },
  {
    "id": "c156af80-ab44-49d2-b730-fb876627e1ff",
    "data": [
      {
        "text": "LG Electronics",
        "alias": "Brand",
        "meta": "@Brand",
        "userDefined": true
      }
    ],
    "isTemplate": false,
    "count": 0,
    "updated": 0
  },
  {
    "id": "3831255e-cf24-4b8e-9d31-3ccc00d37b6e",
    "data": [
      {
        "text": "Oxygenated Additive",
        "alias": "WasherDispensers",
        "meta": "@WasherDispensers",
        "userDefined": true
      },
      {
        "text": " ",
        "userDefined": false
      },
      {
        "text": "washer",
        "alias": "Appliance",
        "meta": "@Appliance",
        "userDefined": true
      }
    ],
    "isTemplate": false,
    "count": 0,
    "updated": 0
  },
  {
    "id": "c004eb3c-979c-418c-a1e5-e6009a1f559a",
    "data": [
      {
        "text": "No steam",
        "alias": "GeneralFeatures",
        "meta": "@GeneralFeatures",
        "userDefined": false
      },
      {
        "text": " ",
        "userDefined": false
      },
      {
        "text": "Non stackable",
        "alias": "Stackable",
        "meta": "@Stackable",
        "userDefined": false
      }
    ],
    "isTemplate": false,
    "count": 0,
    "updated": 0
  },
  {
    "id": "920350c2-e410-4bbc-b611-db20bb664b45",
    "data": [
      {
        "text": "front load",
        "alias": "LoadType",
        "meta": "@LoadType",
        "userDefined": false
      },
      {
        "text": " ",
        "userDefined": false
      },
      {
        "text": "washer",
        "alias": "Appliance",
        "meta": "@Appliance",
        "userDefined": true
      }
    ],
    "isTemplate": false,
    "count": 0,
    "updated": 0
  },
  {
    "id": "f473732d-e65e-480c-9e73-4ae7bb397075",
    "data": [
      {
        "text": "i am looking for ",
        "userDefined": false
      },
      {
        "text": "impeller type",
        "alias": "Type",
        "meta": "@Type",
        "userDefined": false
      }
    ],
    "isTemplate": false,
    "count": 0,
    "updated": 0
  },
  {
    "id": "6b8869f3-3e9e-49d8-bdad-7e63b020ccea",
    "data": [
      {
        "text": "Less Than 1.5 Cu. ft.",
        "alias": "Capacity",
        "meta": "@Capacity",
        "userDefined": false
      }
    ],
    "isTemplate": false,
    "count": 0,
    "updated": 0
  },
  {
    "id": "eae60c27-d5c3-432d-8ccb-7f81c8d5206a",
    "data": [
      {
        "text": "i am looking for ",
        "userDefined": false
      },
      {
        "text": "stackable",
        "alias": "Stackable",
        "meta": "@Stackable",
        "userDefined": false
      },
      {
        "text": " ",
        "userDefined": false
      },
      {
        "text": "washer",
        "alias": "Appliance",
        "meta": "@Appliance",
        "userDefined": false
      }
    ],
    "isTemplate": false,
    "count": 0,
    "updated": 0
  },
  {
    "id": "dd5dc42c-0495-4607-9699-b8e699d1c759",
    "data": [
      {
        "text": "end of cycle signal",
        "alias": "GeneralFeatures",
        "meta": "@GeneralFeatures",
        "userDefined": false
      }
    ],
    "isTemplate": false,
    "count": 0,
    "updated": 0
  },
  {
    "id": "f4754e01-04a7-42db-bf98-4ed0b3a58c6b",
    "data": [
      {
        "text": "Energy Star",
        "alias": "GeneralFeatures",
        "meta": "@GeneralFeatures",
        "userDefined": true
      }
    ],
    "isTemplate": false,
    "count": 0,
    "updated": 0
  },
  {
    "id": "869a5605-ea46-4e34-b9ed-8559168cb9a3",
    "data": [
      {
        "text": "do you have ",
        "userDefined": false
      },
      {
        "text": "washer",
        "alias": "Appliance",
        "meta": "@Appliance",
        "userDefined": false
      },
      {
        "text": " to clean ",
        "userDefined": false
      },
      {
        "text": "bulky items",
        "alias": "GeneralFeatures",
        "meta": "@GeneralFeatures",
        "userDefined": false
      }
    ],
    "isTemplate": false,
    "count": 0,
    "updated": 0
  },
  {
    "id": "42ae5b60-b53d-4814-9149-b0cbce088420",
    "data": [
      {
        "text": "i am prefer to use ",
        "userDefined": false
      },
      {
        "text": "Traditional",
        "alias": "GeneralFeatures",
        "meta": "@GeneralFeatures",
        "userDefined": true
      }
    ],
    "isTemplate": false,
    "count": 0,
    "updated": 0
  },
  {
    "id": "cb6c40a4-d4d4-49c9-8307-ccfabfed668f",
    "data": [
      {
        "text": "Tier ||",
        "alias": "GeneralFeatures",
        "meta": "@GeneralFeatures",
        "userDefined": true
      }
    ],
    "isTemplate": false,
    "count": 0,
    "updated": 0
  },
  {
    "id": "6153bea6-c0da-4dd0-b0ba-4658a4fdb713",
    "data": [
      {
        "text": "are you looking for ",
        "userDefined": false
      },
      {
        "text": "Cycle Status Indicator",
        "alias": "GeneralFeatures",
        "meta": "@GeneralFeatures",
        "userDefined": true
      },
      {
        "text": "\n  feature",
        "userDefined": false
      }
    ],
    "isTemplate": false,
    "count": 0,
    "updated": 0
  },
  {
    "id": "7388dc41-469d-46ad-aa13-93ee5d621ce0",
    "data": [
      {
        "text": "Powedered Detergent",
        "alias": "WasherDispensers",
        "meta": "@WasherDispensers",
        "userDefined": true
      }
    ],
    "isTemplate": false,
    "count": 0,
    "updated": 0
  },
  {
    "id": "6baf85a3-5c6e-463c-85af-d8636447d252",
    "data": [
      {
        "text": "Prewash Detergent",
        "alias": "WasherDispensers",
        "meta": "@WasherDispensers",
        "userDefined": true
      }
    ],
    "isTemplate": false,
    "count": 0,
    "updated": 0
  },
  {
    "id": "ebefacaf-b572-48a2-b053-2bfe78148d38",
    "data": [
      {
        "text": "compact",
        "alias": "Model",
        "meta": "@Model",
        "userDefined": false
      }
    ],
    "isTemplate": false,
    "count": 0,
    "updated": 0
  },
  {
    "id": "41554453-4c94-44b7-aee3-6e4ce6898d80",
    "data": [
      {
        "text": "do you have ",
        "userDefined": false
      },
      {
        "text": "Automatic Temperature Control",
        "alias": "GeneralFeatures",
        "meta": "@GeneralFeatures",
        "userDefined": true
      },
      {
        "text": "\n in ",
        "userDefined": false
      },
      {
        "text": "portable washers",
        "alias": "Type",
        "meta": "@Type",
        "userDefined": true
      },
      {
        "text": " ?",
        "userDefined": false
      }
    ],
    "isTemplate": false,
    "count": 0,
    "updated": 0
  },
  {
    "id": "538cefc4-b9da-4686-9a86-9020766b2f31",
    "data": [
      {
        "text": "15 in",
        "alias": "Dimension",
        "meta": "@Dimension",
        "userDefined": false
      },
      {
        "text": " ",
        "userDefined": false
      },
      {
        "text": "portable washer",
        "alias": "Type",
        "meta": "@Type",
        "userDefined": false
      }
    ],
    "isTemplate": false,
    "count": 0,
    "updated": 0
  },
  {
    "id": "555fea79-fe3a-4a9e-8263-5b8b42238f88",
    "data": [
      {
        "text": "Stainless Steel Aluminized Alloy Steel Drum",
        "alias": "TubMaterial",
        "meta": "@TubMaterial",
        "userDefined": true
      }
    ],
    "isTemplate": false,
    "count": 0,
    "updated": 0
  },
  {
    "id": "b433a332-3c17-4098-b16b-2a0e7581884b",
    "data": [
      {
        "text": "are you looking for ",
        "userDefined": false
      },
      {
        "text": "washers",
        "alias": "Appliance",
        "meta": "@Appliance",
        "userDefined": false
      }
    ],
    "isTemplate": false,
    "count": 0,
    "updated": 0
  },
  {
    "id": "13823381-41ea-4534-8964-06a7c191a8db",
    "data": [
      {
        "text": "front control",
        "alias": "WashCycles",
        "meta": "@WashCycles",
        "userDefined": false
      }
    ],
    "isTemplate": false,
    "count": 0,
    "updated": 0
  },
  {
    "id": "467844b6-55a2-49be-9861-919aeb26de81",
    "data": [
      {
        "text": "agitator",
        "alias": "Type",
        "meta": "@Type",
        "userDefined": false
      }
    ],
    "isTemplate": false,
    "count": 0,
    "updated": 0
  },
  {
    "id": "5ea394a4-5d95-42ff-bdac-df88b44ff596",
    "data": [
      {
        "text": "Porcelain Enamel Drum",
        "alias": "TubMaterial",
        "meta": "@TubMaterial",
        "userDefined": true
      }
    ],
    "isTemplate": false,
    "count": 0,
    "updated": 0
  },
  {
    "id": "87d947aa-856f-4fa9-ae40-cc1aec25c4f3",
    "data": [
      {
        "text": "15 in",
        "alias": "Dimension",
        "meta": "@Dimension",
        "userDefined": false
      },
      {
        "text": " .",
        "userDefined": false
      }
    ],
    "isTemplate": false,
    "count": 0,
    "updated": 0
  },
  {
    "id": "8b66c6ea-f759-4082-b91c-2e32ca82166b",
    "data": [
      {
        "text": "Automatic Temperature Control",
        "alias": "GeneralFeatures",
        "meta": "@GeneralFeatures",
        "userDefined": true
      }
    ],
    "isTemplate": false,
    "count": 0,
    "updated": 0
  },
  {
    "id": "a4c37307-1ab4-47dc-8b0b-1f2f8eb96116",
    "data": [
      {
        "text": "stackable",
        "alias": "Stackable",
        "meta": "@Stackable",
        "userDefined": false
      }
    ],
    "isTemplate": false,
    "count": 0,
    "updated": 0
  },
  {
    "id": "88c7a8c6-f9e2-44b9-becd-09af5a75a07e",
    "data": [
      {
        "text": "Champagne",
        "alias": "ColorFinishFamily",
        "meta": "@ColorFinishFamily",
        "userDefined": true
      }
    ],
    "isTemplate": false,
    "count": 0,
    "updated": 0
  },
  {
    "id": "17bdf69a-facc-4bbd-b83e-a6915e212afe",
    "data": [
      {
        "text": "Special Buys",
        "alias": "GeneralFeatures",
        "meta": "@GeneralFeatures",
        "userDefined": true
      }
    ],
    "isTemplate": false,
    "count": 0,
    "updated": 0
  },
  {
    "id": "f1065299-46f9-46ee-b42b-af12f29b6ab9",
    "data": [
      {
        "text": "Wi-Fi enabled",
        "alias": "GeneralFeatures",
        "meta": "@GeneralFeatures",
        "userDefined": false
      },
      {
        "text": " ",
        "userDefined": false
      },
      {
        "text": "no steam",
        "alias": "GeneralFeatures",
        "meta": "@GeneralFeatures",
        "userDefined": false
      }
    ],
    "isTemplate": false,
    "count": 0,
    "updated": 0
  },
  {
    "id": "c88d9465-e9b6-407e-9c09-50072f76802b",
    "data": [
      {
        "text": "27.5 in",
        "alias": "Dimension",
        "meta": "@Dimension",
        "userDefined": false
      },
      {
        "text": " ",
        "userDefined": false
      },
      {
        "text": "impeller",
        "alias": "Type",
        "meta": "@Type",
        "userDefined": true
      },
      {
        "text": " with ",
        "userDefined": false
      },
      {
        "text": "no steam",
        "alias": "GeneralFeatures",
        "meta": "@GeneralFeatures",
        "userDefined": false
      }
    ],
    "isTemplate": false,
    "count": 0,
    "updated": 0
  },
  {
    "id": "71e66a52-60f1-4cd5-93d5-3f30617c37ea",
    "data": [
      {
        "text": "tier 2",
        "alias": "GeneralFeatures",
        "meta": "@GeneralFeatures",
        "userDefined": false
      },
      {
        "text": " ",
        "userDefined": false
      },
      {
        "text": "traditional",
        "alias": "GeneralFeatures",
        "meta": "@GeneralFeatures",
        "userDefined": false
      },
      {
        "text": " ",
        "userDefined": false
      },
      {
        "text": "washer",
        "alias": "Appliance",
        "meta": "@Appliance",
        "userDefined": false
      },
      {
        "text": " in ",
        "userDefined": false
      },
      {
        "text": "special buys",
        "alias": "GeneralFeatures",
        "meta": "@GeneralFeatures",
        "userDefined": false
      },
      {
        "text": " using ",
        "userDefined": false
      },
      {
        "text": "Liquid Detergent",
        "alias": "WasherDispensers",
        "meta": "@WasherDispensers",
        "userDefined": false
      }
    ],
    "isTemplate": false,
    "count": 0,
    "updated": 0
  },
  {
    "id": "95e7bc17-c19f-4ee1-8dc2-817fa26c1001",
    "data": [
      {
        "text": "looking for ",
        "userDefined": false
      },
      {
        "text": "reversible",
        "alias": "DoorSwingStyle",
        "meta": "@DoorSwingStyle",
        "userDefined": false
      },
      {
        "text": " door style",
        "userDefined": false
      }
    ],
    "isTemplate": false,
    "count": 0,
    "updated": 0
  },
  {
    "id": "8a21e877-7973-4b28-aebe-e26274606d94",
    "data": [
      {
        "text": "compact",
        "alias": "Model",
        "meta": "@Model",
        "userDefined": false
      },
      {
        "text": " ",
        "userDefined": false
      },
      {
        "text": "washers",
        "alias": "Appliance",
        "meta": "@Appliance",
        "userDefined": false
      }
    ],
    "isTemplate": false,
    "count": 0,
    "updated": 0
  },
  {
    "id": "94e2decb-914a-45de-b088-59e641a39a29",
    "data": [
      {
        "text": "5.0 cu. ft",
        "alias": "Capacity",
        "meta": "@Capacity",
        "userDefined": false
      },
      {
        "text": " .",
        "userDefined": false
      }
    ],
    "isTemplate": false,
    "count": 0,
    "updated": 0
  },
  {
    "id": "138abf58-4a41-4199-bfb7-9d73c471c66e",
    "data": [
      {
        "text": "do you have ",
        "userDefined": false
      },
      {
        "text": "water heater",
        "alias": "GeneralFeatures",
        "meta": "@GeneralFeatures",
        "userDefined": false
      },
      {
        "text": " option in ",
        "userDefined": false
      },
      {
        "text": "washer",
        "alias": "Appliance",
        "meta": "@Appliance",
        "userDefined": false
      },
      {
        "text": "?",
        "userDefined": false
      }
    ],
    "isTemplate": false,
    "count": 0,
    "updated": 0
  },
  {
    "id": "cc50bf4f-c918-436b-b241-7b16186e279e",
    "data": [
      {
        "text": "Avalon Bay",
        "alias": "Brand",
        "meta": "@Brand",
        "userDefined": true
      }
    ],
    "isTemplate": false,
    "count": 0,
    "updated": 0
  },
  {
    "id": "d98576cd-5206-43d5-817a-011a715cbf99",
    "data": [
      {
        "text": "looking for ",
        "userDefined": false
      },
      {
        "text": "washers",
        "alias": "Appliance",
        "meta": "@Appliance",
        "userDefined": false
      },
      {
        "text": " in ",
        "userDefined": false
      },
      {
        "text": "special deals",
        "alias": "GeneralFeatures",
        "meta": "@GeneralFeatures",
        "userDefined": false
      }
    ],
    "isTemplate": false,
    "count": 0,
    "updated": 0
  },
  {
    "id": "1579093e-6a03-4d40-9b07-cf91a1bb670c",
    "data": [
      {
        "text": "looking for ",
        "userDefined": false
      },
      {
        "text": "washer",
        "alias": "Appliance",
        "meta": "@Appliance",
        "userDefined": false
      },
      {
        "text": " ",
        "userDefined": false
      },
      {
        "text": "under $600",
        "meta": "@sys.ignore",
        "userDefined": false
      }
    ],
    "isTemplate": false,
    "count": 0,
    "updated": 0
  },
  {
    "id": "1802e3df-8a28-4db3-9dac-57a9a6b5af4a",
    "data": [
      {
        "text": "are you looking for ",
        "userDefined": false
      },
      {
        "text": "Fabric Softener",
        "alias": "WasherDispensers",
        "meta": "@WasherDispensers",
        "userDefined": false
      },
      {
        "text": " in ",
        "userDefined": false
      },
      {
        "text": "washer",
        "alias": "Appliance",
        "meta": "@Appliance",
        "userDefined": false
      }
    ],
    "isTemplate": false,
    "count": 0,
    "updated": 0
  },
  {
    "id": "95858036-1b8a-4c6f-ae9f-378260a2e692",
    "data": [
      {
        "text": "looking for ",
        "userDefined": false
      },
      {
        "text": "washers",
        "alias": "Appliance",
        "meta": "@Appliance",
        "userDefined": false
      },
      {
        "text": " with ",
        "userDefined": false
      },
      {
        "text": "extra rinse",
        "alias": "WashCycles",
        "meta": "@WashCycles",
        "userDefined": false
      },
      {
        "text": " and ",
        "userDefined": false
      },
      {
        "text": "prewash",
        "alias": "WashCycles",
        "meta": "@WashCycles",
        "userDefined": true
      }
    ],
    "isTemplate": false,
    "count": 0,
    "updated": 0
  },
  {
    "id": "ca8c8b9d-376b-4752-8b0f-726c8451ea8a",
    "data": [
      {
        "text": "washers",
        "alias": "Appliance",
        "meta": "@Appliance",
        "userDefined": false
      }
    ],
    "isTemplate": false,
    "count": 0,
    "updated": 0
  },
  {
    "id": "54c8ee47-029e-4b8b-9401-c399af06a7b5",
    "data": [
      {
        "text": "Front Load",
        "alias": "LoadType",
        "meta": "@LoadType",
        "userDefined": true
      },
      {
        "text": " ",
        "userDefined": false
      },
      {
        "text": "Washers",
        "alias": "Appliance",
        "meta": "@Appliance",
        "userDefined": true
      }
    ],
    "isTemplate": false,
    "count": 0,
    "updated": 0
  },
  {
    "id": "91a99d5c-3d5d-4348-91e8-43fa35f7c310",
    "data": [
      {
        "text": "10% off or more",
        "alias": "GeneralFeatures",
        "meta": "@GeneralFeatures",
        "userDefined": true
      }
    ],
    "isTemplate": false,
    "count": 0,
    "updated": 0
  }
]