[
  {
    "id": "c3933ebe-6635-4b67-9f03-cb5360712a63",
    "data": [
      {
        "text": "Bi-weekly",
        "alias": "Frequency",
        "meta": "@Frequency",
        "userDefined": false
      }
    ],
    "isTemplate": false,
    "count": 0,
    "updated": 0
  },
  {
    "id": "c5f30ad6-e70e-41e2-a08b-c6e597b70fe5",
    "data": [
      {
        "text": "shutoff Value",
        "meta": "@sys.ignore",
        "userDefined": false
      }
    ],
    "isTemplate": false,
    "count": 0,
    "updated": 0
  },
  {
    "id": "8d3aee74-7e30-4a9c-8e02-f4aeff6fb1e5",
    "data": [
      {
        "text": "above $1000",
        "meta": "@sys.ignore",
        "userDefined": false
      }
    ],
    "isTemplate": false,
    "count": 0,
    "updated": 0
  },
  {
    "id": "a2814487-7c9e-4e66-a1cb-48dc73fedc1e",
    "data": [
      {
        "text": "around $2000",
        "meta": "@sys.ignore",
        "userDefined": false
      }
    ],
    "isTemplate": false,
    "count": 0,
    "updated": 0
  },
  {
    "id": "da29e980-f37c-4d51-8724-af15ef02c09f",
    "data": [
      {
        "text": "under $600",
        "meta": "@sys.ignore",
        "userDefined": false
      }
    ],
    "isTemplate": false,
    "count": 0,
    "updated": 0
  },
  {
    "id": "5b8b406e-b114-4bc2-9c5a-6cad75689938",
    "data": [
      {
        "text": "samsung",
        "alias": "Brand",
        "meta": "@Brand",
        "userDefined": false
      },
      {
        "text": " ",
        "userDefined": false
      },
      {
        "text": "washer and dryer",
        "alias": "Appliance",
        "meta": "@Appliance",
        "userDefined": false
      }
    ],
    "isTemplate": false,
    "count": 0,
    "updated": 0
  },
  {
    "id": "4118a549-eaed-47fc-8502-107185cda313",
    "data": [
      {
        "text": "washer and dryer",
        "alias": "Appliance",
        "meta": "@Appliance",
        "userDefined": false
      }
    ],
    "isTemplate": false,
    "count": 0,
    "updated": 0
  },
  {
    "id": "9ec79878-ff3e-43e1-b74a-cfbc3fa80f0a",
    "data": [
      {
        "text": "samsung",
        "alias": "Brand",
        "meta": "@Brand",
        "userDefined": false
      }
    ],
    "isTemplate": false,
    "count": 0,
    "updated": 0
  },
  {
    "id": "83f62a7b-0757-436c-b151-e35b4062747e",
    "data": [
      {
        "text": "Hamper",
        "alias": "DoorSwingStyle",
        "meta": "@DoorSwingStyle",
        "userDefined": false
      }
    ],
    "isTemplate": false,
    "count": 0,
    "updated": 0
  },
  {
    "id": "c548c032-ed2a-4144-b6bd-9e3a9dcce445",
    "data": [
      {
        "text": "Daily",
        "alias": "Frequency",
        "meta": "@Frequency",
        "userDefined": true
      }
    ],
    "isTemplate": false,
    "count": 0,
    "updated": 0
  },
  {
    "id": "a16f646b-af02-43c2-a07c-fbe7d6ba50fa",
    "data": [
      {
        "text": "i\u0027m looking for ",
        "userDefined": false
      },
      {
        "text": "washers and dryers",
        "alias": "Appliance",
        "meta": "@Appliance",
        "userDefined": false
      }
    ],
    "isTemplate": false,
    "count": 0,
    "updated": 0
  },
  {
    "id": "9d8cad2c-3775-4fef-b315-d0a8a56476df",
    "data": [
      {
        "text": "i am looking for ",
        "userDefined": false
      },
      {
        "text": "washers and dryers",
        "alias": "Appliance",
        "meta": "@Appliance",
        "userDefined": false
      }
    ],
    "isTemplate": false,
    "count": 0,
    "updated": 0
  },
  {
    "id": "be394af0-c8f0-4185-8cb5-d9e55ed7f766",
    "data": [
      {
        "text": "how often",
        "alias": "FilterList",
        "meta": "@FilterList",
        "userDefined": false
      },
      {
        "text": " do you ",
        "userDefined": false
      },
      {
        "text": "wash",
        "alias": "FilterList",
        "meta": "@FilterList",
        "userDefined": false
      },
      {
        "text": " your clothes? ",
        "userDefined": false
      },
      {
        "text": "yes",
        "alias": "GeneralFeatures",
        "meta": "@GeneralFeatures",
        "userDefined": false
      },
      {
        "text": " ",
        "userDefined": false
      },
      {
        "text": "Monthly",
        "alias": "Frequency",
        "meta": "@Frequency",
        "userDefined": true
      }
    ],
    "isTemplate": false,
    "count": 0,
    "updated": 0
  },
  {
    "id": "58735139-44bb-497e-9166-6ce2d5f72fa8",
    "data": [
      {
        "text": "vent less",
        "alias": "VentType",
        "meta": "@VentType",
        "userDefined": false
      },
      {
        "text": " ",
        "userDefined": false
      },
      {
        "text": "washer and dryer",
        "alias": "Appliance",
        "meta": "@Appliance",
        "userDefined": false
      }
    ],
    "isTemplate": false,
    "count": 0,
    "updated": 0
  },
  {
    "id": "0cedeb34-6aa3-4106-9770-9e9d6f715904",
    "data": [
      {
        "text": "washer and dryer",
        "alias": "Appliance",
        "meta": "@Appliance",
        "userDefined": false
      },
      {
        "text": " ",
        "userDefined": false
      },
      {
        "text": "combo",
        "alias": "Type",
        "meta": "@Type",
        "userDefined": false
      }
    ],
    "isTemplate": false,
    "count": 0,
    "updated": 0
  },
  {
    "id": "59dc11d3-c77c-480f-9806-39886a36be96",
    "data": [
      {
        "text": "not stackable",
        "alias": "Stackable",
        "meta": "@Stackable",
        "userDefined": false
      }
    ],
    "isTemplate": false,
    "count": 0,
    "updated": 0
  },
  {
    "id": "ca0fc4d5-0fa0-42e5-ac89-15c94a8a447d",
    "data": [
      {
        "text": "Right Swing",
        "alias": "DoorSwingStyle",
        "meta": "@DoorSwingStyle",
        "userDefined": false
      }
    ],
    "isTemplate": false,
    "count": 0,
    "updated": 0
  },
  {
    "id": "99a9fdce-14ec-4209-8960-c909d325c9ef",
    "data": [
      {
        "text": "reversible",
        "alias": "DoorSwingStyle",
        "meta": "@DoorSwingStyle",
        "userDefined": false
      }
    ],
    "isTemplate": false,
    "count": 0,
    "updated": 0
  },
  {
    "id": "dc12ff0f-fbd9-4aca-a37e-7ac12422bb69",
    "data": [
      {
        "text": "laundry center",
        "alias": "Type",
        "meta": "@Type",
        "userDefined": true
      }
    ],
    "isTemplate": false,
    "count": 0,
    "updated": 0
  },
  {
    "id": "f05aaa7c-7dc7-46b1-8bd2-60e514568f9d",
    "data": [
      {
        "text": "washers and dryers",
        "alias": "Appliance",
        "meta": "@Appliance",
        "userDefined": false
      }
    ],
    "isTemplate": false,
    "count": 2,
    "updated": 0
  },
  {
    "id": "44d4cbf8-78f8-470e-92ac-f97b574dfe93",
    "data": [
      {
        "text": "do you prefer ",
        "userDefined": false
      },
      {
        "text": "interior light",
        "alias": "GeneralFeatures",
        "meta": "@GeneralFeatures",
        "userDefined": false
      },
      {
        "text": " ",
        "userDefined": false
      },
      {
        "text": "feature",
        "alias": "FilterList",
        "meta": "@FilterList",
        "userDefined": false
      },
      {
        "text": "?",
        "userDefined": false
      }
    ],
    "isTemplate": false,
    "count": 0,
    "updated": 0
  },
  {
    "id": "da9bf264-84e5-4717-bd71-6146ee453b8b",
    "data": [
      {
        "text": "are you looking for ",
        "userDefined": false
      },
      {
        "text": "damp alert",
        "alias": "GeneralFeatures",
        "meta": "@GeneralFeatures",
        "userDefined": false
      },
      {
        "text": " ?",
        "userDefined": false
      }
    ],
    "isTemplate": false,
    "count": 0,
    "updated": 0
  },
  {
    "id": "599a48e9-bc19-4abf-9406-2da9987cbcd0",
    "data": [
      {
        "text": "are you looking for ",
        "userDefined": false
      },
      {
        "text": "cold",
        "alias": "WashCycles",
        "meta": "@WashCycles",
        "userDefined": false
      },
      {
        "text": " ?",
        "userDefined": false
      }
    ],
    "isTemplate": false,
    "count": 0,
    "updated": 0
  },
  {
    "id": "523e7d7e-a055-4ddf-9f96-ccd5a7545d33",
    "data": [
      {
        "text": "are you looking for ",
        "userDefined": false
      },
      {
        "text": "vent",
        "alias": "FilterList",
        "meta": "@FilterList",
        "userDefined": false
      },
      {
        "text": " ?",
        "userDefined": false
      }
    ],
    "isTemplate": false,
    "count": 1,
    "updated": 0
  },
  {
    "id": "5335de09-5396-4088-aebf-fe029a8f7c87",
    "data": [
      {
        "text": "how often",
        "alias": "FilterList",
        "meta": "@FilterList",
        "userDefined": false
      },
      {
        "text": " do you ",
        "userDefined": false
      },
      {
        "text": "wash",
        "alias": "FilterList",
        "meta": "@FilterList",
        "userDefined": false
      },
      {
        "text": " ?",
        "userDefined": false
      }
    ],
    "isTemplate": false,
    "count": 0,
    "updated": 0
  },
  {
    "id": "67821002-9f64-48fc-9cce-f47e0abecf64",
    "data": [
      {
        "text": "25 inch",
        "alias": "Dimension",
        "meta": "@Dimension",
        "userDefined": false
      },
      {
        "text": " ",
        "userDefined": false
      },
      {
        "text": "2.5 cu. ft.",
        "alias": "Capacity",
        "meta": "@Capacity",
        "userDefined": false
      },
      {
        "text": " ",
        "userDefined": false
      },
      {
        "text": "Active Wear",
        "alias": "WashCycles",
        "meta": "@WashCycles",
        "userDefined": false
      },
      {
        "text": ",",
        "userDefined": false
      },
      {
        "text": "Bleach",
        "alias": "WasherDispensers",
        "meta": "@WasherDispensers",
        "userDefined": false
      },
      {
        "text": " and ",
        "userDefined": false
      },
      {
        "text": "Average",
        "alias": "Size",
        "meta": "@Size",
        "userDefined": false
      },
      {
        "text": ".",
        "userDefined": false
      }
    ],
    "isTemplate": false,
    "count": 0,
    "updated": 0
  },
  {
    "id": "68b95dad-fb7f-4944-8b6f-dc332b6843c8",
    "data": [
      {
        "text": "i am looking ",
        "userDefined": false
      },
      {
        "text": "heavy duty",
        "alias": "WashCycles",
        "meta": "@WashCycles",
        "userDefined": false
      },
      {
        "text": " ",
        "userDefined": false
      },
      {
        "text": "washer",
        "meta": "@sys.ignore",
        "userDefined": false
      },
      {
        "text": " and ",
        "userDefined": false
      },
      {
        "text": "ventless",
        "alias": "VentType",
        "meta": "@VentType",
        "userDefined": false
      },
      {
        "text": " ",
        "userDefined": false
      },
      {
        "text": "dryer",
        "meta": "@sys.ignore",
        "userDefined": false
      }
    ],
    "isTemplate": false,
    "count": 0,
    "updated": 0
  },
  {
    "id": "5339a33a-f433-4bef-aff8-a6af0a249179",
    "data": [
      {
        "text": "steam",
        "alias": "GeneralFeatures",
        "meta": "@GeneralFeatures",
        "userDefined": false
      },
      {
        "text": " ",
        "userDefined": false
      },
      {
        "text": "vented",
        "alias": "VentType",
        "meta": "@VentType",
        "userDefined": false
      },
      {
        "text": " ",
        "userDefined": false
      },
      {
        "text": "high efficiency",
        "alias": "GeneralFeatures",
        "meta": "@GeneralFeatures",
        "userDefined": false
      },
      {
        "text": " ",
        "userDefined": false
      },
      {
        "text": "energy star",
        "alias": "GeneralFeatures",
        "meta": "@GeneralFeatures",
        "userDefined": false
      }
    ],
    "isTemplate": false,
    "count": 0,
    "updated": 0
  },
  {
    "id": "b4247e4f-f724-489c-aea0-ef90769dad7c",
    "data": [
      {
        "text": "i am prefer to buy ",
        "userDefined": false
      },
      {
        "text": "traditional",
        "alias": "GeneralFeatures",
        "meta": "@GeneralFeatures",
        "userDefined": false
      },
      {
        "text": " ",
        "userDefined": false
      },
      {
        "text": "laundry",
        "alias": "Type",
        "meta": "@Type",
        "userDefined": false
      },
      {
        "text": " .",
        "userDefined": false
      }
    ],
    "isTemplate": false,
    "count": 0,
    "updated": 0
  },
  {
    "id": "0c77479d-60d3-48ac-ba5f-22015450ffac",
    "data": [
      {
        "text": "water heater",
        "alias": "GeneralFeatures",
        "meta": "@GeneralFeatures",
        "userDefined": false
      }
    ],
    "isTemplate": false,
    "count": 0,
    "updated": 0
  },
  {
    "id": "356e7a70-553d-4caa-a903-27d52cacb90e",
    "data": [
      {
        "text": "add garment",
        "alias": "GeneralFeatures",
        "meta": "@GeneralFeatures",
        "userDefined": false
      }
    ],
    "isTemplate": false,
    "count": 0,
    "updated": 0
  },
  {
    "id": "51321c69-4c0e-4bf9-92ef-13ca41182fb8",
    "data": [
      {
        "text": "looking for ",
        "userDefined": false
      },
      {
        "text": "black",
        "alias": "ColorFinishFamily",
        "meta": "@ColorFinishFamily",
        "userDefined": false
      },
      {
        "text": " ",
        "userDefined": false
      },
      {
        "text": "washer and dryer",
        "alias": "Appliance",
        "meta": "@Appliance",
        "userDefined": true
      },
      {
        "text": " ",
        "userDefined": false
      },
      {
        "text": "combo",
        "alias": "Type",
        "meta": "@Type",
        "userDefined": false
      }
    ],
    "isTemplate": false,
    "count": 0,
    "updated": 0
  },
  {
    "id": "b3c09c5e-76e7-4453-a809-ce41be4dc387",
    "data": [
      {
        "text": "washer dryer",
        "alias": "Appliance",
        "meta": "@Appliance",
        "userDefined": false
      },
      {
        "text": " ",
        "userDefined": false
      },
      {
        "text": "combo",
        "alias": "Type",
        "meta": "@Type",
        "userDefined": true
      }
    ],
    "isTemplate": false,
    "count": 0,
    "updated": 0
  },
  {
    "id": "2b4483e0-5a25-498f-bd11-52a92926c23d",
    "data": [
      {
        "text": "do you have ",
        "userDefined": false
      },
      {
        "text": "tub clean",
        "alias": "WashCycles",
        "meta": "@WashCycles",
        "userDefined": false
      },
      {
        "text": " ",
        "userDefined": false
      },
      {
        "text": "feature",
        "alias": "FilterList",
        "meta": "@FilterList",
        "userDefined": false
      },
      {
        "text": "?",
        "userDefined": false
      }
    ],
    "isTemplate": false,
    "count": 0,
    "updated": 0
  },
  {
    "id": "52b83048-cb7e-4c93-8515-dece5e57f577",
    "data": [
      {
        "text": "i am prefer to buy ",
        "userDefined": false
      },
      {
        "text": "gold",
        "alias": "ColorFinishFamily",
        "meta": "@ColorFinishFamily",
        "userDefined": false
      },
      {
        "text": " ",
        "userDefined": false
      },
      {
        "text": "washer and dryer",
        "alias": "Appliance",
        "meta": "@Appliance",
        "userDefined": false
      },
      {
        "text": " ",
        "userDefined": false
      },
      {
        "text": "combo",
        "alias": "Type",
        "meta": "@Type",
        "userDefined": true
      },
      {
        "text": ".",
        "userDefined": false
      }
    ],
    "isTemplate": false,
    "count": 0,
    "updated": 0
  },
  {
    "id": "29274ab4-bf34-4cea-8833-3ff9a281f2a4",
    "data": [
      {
        "text": "vented",
        "alias": "VentType",
        "meta": "@VentType",
        "userDefined": true
      },
      {
        "text": " ",
        "userDefined": false
      },
      {
        "text": "Permanent Press",
        "alias": "WashCycles",
        "meta": "@WashCycles",
        "userDefined": true
      }
    ],
    "isTemplate": false,
    "count": 0,
    "updated": 0
  },
  {
    "id": "e04767d2-d8bd-4753-a816-634dcee6e791",
    "data": [
      {
        "text": "small load",
        "alias": "WashCycles",
        "meta": "@WashCycles",
        "userDefined": false
      },
      {
        "text": " ",
        "userDefined": false
      },
      {
        "text": "bleach",
        "alias": "WasherDispensers",
        "meta": "@WasherDispensers",
        "userDefined": false
      }
    ],
    "isTemplate": false,
    "count": 0,
    "updated": 0
  },
  {
    "id": "71851999-cfff-4636-9e87-d2bbc21b4bfd",
    "data": [
      {
        "text": "between $1000 - $2000",
        "meta": "@sys.ignore",
        "userDefined": false
      }
    ],
    "isTemplate": false,
    "count": 0,
    "updated": 0
  },
  {
    "id": "6569a9c0-4d4e-4e48-8d8b-cac77d481344",
    "data": [
      {
        "text": "Which ",
        "userDefined": false
      },
      {
        "text": "colour",
        "alias": "FilterList",
        "meta": "@FilterList",
        "userDefined": false
      },
      {
        "text": " are you looking for? ",
        "userDefined": false
      },
      {
        "text": "silver",
        "alias": "ColorFinishFamily",
        "meta": "@ColorFinishFamily",
        "userDefined": false
      }
    ],
    "isTemplate": false,
    "count": 0,
    "updated": 0
  },
  {
    "id": "1d8f68b8-1adc-4dcd-9366-fb06c382aafe",
    "data": [
      {
        "text": "what ",
        "userDefined": false
      },
      {
        "text": "capacity",
        "alias": "FilterList",
        "meta": "@FilterList",
        "userDefined": false
      },
      {
        "text": " do i need for ",
        "userDefined": false
      },
      {
        "text": "large family",
        "alias": "Size",
        "meta": "@Size",
        "userDefined": false
      },
      {
        "text": " ?",
        "userDefined": false
      }
    ],
    "isTemplate": false,
    "count": 0,
    "updated": 0
  },
  {
    "id": "eb3c9934-fedd-45a0-9ac8-24344ed2c3c4",
    "data": [
      {
        "text": "do you  have ",
        "userDefined": false
      },
      {
        "text": "high efficiency",
        "alias": "GeneralFeatures",
        "meta": "@GeneralFeatures",
        "userDefined": false
      },
      {
        "text": " ",
        "userDefined": false
      },
      {
        "text": "laundry pair",
        "alias": "Type",
        "meta": "@Type",
        "userDefined": false
      },
      {
        "text": "? ",
        "userDefined": false
      },
      {
        "text": "yes",
        "alias": "GeneralFeatures",
        "meta": "@GeneralFeatures",
        "userDefined": true
      }
    ],
    "isTemplate": false,
    "count": 0,
    "updated": 0
  },
  {
    "id": "1ee4d852-1a7c-4a7d-bf03-e58513f844eb",
    "data": [
      {
        "text": "do you have ",
        "userDefined": false
      },
      {
        "text": "steam",
        "alias": "GeneralFeatures",
        "meta": "@GeneralFeatures",
        "userDefined": false
      },
      {
        "text": " option in ",
        "userDefined": false
      },
      {
        "text": "washers and dryers",
        "alias": "Appliance",
        "meta": "@Appliance",
        "userDefined": false
      },
      {
        "text": " ? ",
        "userDefined": false
      },
      {
        "text": "yes",
        "alias": "GeneralFeatures",
        "meta": "@GeneralFeatures",
        "userDefined": false
      }
    ],
    "isTemplate": false,
    "count": 0,
    "updated": 0
  },
  {
    "id": "047905f7-6419-490d-9590-323e51959cef",
    "data": [
      {
        "text": "Are you looking for ",
        "userDefined": false
      },
      {
        "text": "washer dispenser",
        "alias": "FilterList",
        "meta": "@FilterList",
        "userDefined": false
      },
      {
        "text": "? ",
        "userDefined": false
      },
      {
        "text": "Yes",
        "alias": "GeneralFeatures",
        "meta": "@GeneralFeatures",
        "userDefined": false
      },
      {
        "text": " ",
        "userDefined": false
      },
      {
        "text": "Fabric Softener",
        "alias": "WasherDispensers",
        "meta": "@WasherDispensers",
        "userDefined": false
      }
    ],
    "isTemplate": false,
    "count": 0,
    "updated": 0
  },
  {
    "id": "7fa676fc-8849-4dc9-bade-2e9a8d6df9c8",
    "data": [
      {
        "text": "what is the ",
        "userDefined": false
      },
      {
        "text": "key feature",
        "alias": "FilterList",
        "meta": "@FilterList",
        "userDefined": false
      },
      {
        "text": " that you are looking for ? ",
        "userDefined": false
      },
      {
        "text": "Advanced Vibration Control",
        "alias": "GeneralFeatures",
        "meta": "@GeneralFeatures",
        "userDefined": false
      }
    ],
    "isTemplate": false,
    "count": 0,
    "updated": 0
  },
  {
    "id": "a14d20ba-2236-429a-ae0b-b0bd440cd3db",
    "data": [
      {
        "text": "do you have a ",
        "userDefined": false
      },
      {
        "text": "sanitizing",
        "alias": "WashCycles",
        "meta": "@WashCycles",
        "userDefined": false
      },
      {
        "text": " ",
        "userDefined": false
      },
      {
        "text": "wash cycle",
        "alias": "FilterList",
        "meta": "@FilterList",
        "userDefined": false
      },
      {
        "text": " for heavily soiled clothing? ",
        "userDefined": false
      },
      {
        "text": "yes",
        "alias": "GeneralFeatures",
        "meta": "@GeneralFeatures",
        "userDefined": false
      }
    ],
    "isTemplate": false,
    "count": 0,
    "updated": 0
  },
  {
    "id": "830880db-b305-472b-94cd-a513be9594f7",
    "data": [
      {
        "text": "which ",
        "userDefined": false
      },
      {
        "text": "capacity",
        "alias": "FilterList",
        "meta": "@FilterList",
        "userDefined": false
      },
      {
        "text": " are you interested?",
        "userDefined": false
      }
    ],
    "isTemplate": false,
    "count": 0,
    "updated": 0
  },
  {
    "id": "027a6e9b-4efe-4b3f-8b1b-5a480eb10ba7",
    "data": [
      {
        "text": "4 star",
        "alias": "ReviewRating",
        "meta": "@ReviewRating",
        "userDefined": false
      },
      {
        "text": " ",
        "userDefined": false
      },
      {
        "text": "rating",
        "alias": "FilterList",
        "meta": "@FilterList",
        "userDefined": false
      },
      {
        "text": " electric ",
        "userDefined": false
      },
      {
        "text": "washer and dryer",
        "alias": "Appliance",
        "meta": "@Appliance",
        "userDefined": false
      },
      {
        "text": " ",
        "userDefined": false
      },
      {
        "text": "combo",
        "alias": "Type",
        "meta": "@Type",
        "userDefined": true
      }
    ],
    "isTemplate": false,
    "count": 0,
    "updated": 0
  },
  {
    "id": "ec961403-a205-4b7d-b31b-142f166f14c0",
    "data": [
      {
        "text": "looking for ",
        "userDefined": false
      },
      {
        "text": "best rated",
        "alias": "ReviewRating",
        "meta": "@ReviewRating",
        "userDefined": false
      },
      {
        "text": " ",
        "userDefined": false
      },
      {
        "text": "washer and dryer",
        "alias": "Appliance",
        "meta": "@Appliance",
        "userDefined": false
      },
      {
        "text": " ",
        "userDefined": false
      },
      {
        "text": "combo",
        "alias": "Type",
        "meta": "@Type",
        "userDefined": true
      }
    ],
    "isTemplate": false,
    "count": 0,
    "updated": 0
  },
  {
    "id": "7255b2ec-706e-4027-9346-d1a08ab58c4e",
    "data": [
      {
        "text": "How long do the ",
        "userDefined": false
      },
      {
        "text": "cycles",
        "alias": "FilterList",
        "meta": "@FilterList",
        "userDefined": false
      },
      {
        "text": " on ",
        "userDefined": false
      },
      {
        "text": "washer dryer",
        "alias": "Appliance",
        "meta": "@Appliance",
        "userDefined": false
      },
      {
        "text": " combos take?",
        "userDefined": false
      }
    ],
    "isTemplate": false,
    "count": 0,
    "updated": 0
  },
  {
    "id": "9ca80192-5362-477f-9236-2fa87f1006d2",
    "data": [
      {
        "text": "Is it true that a combo ",
        "userDefined": false
      },
      {
        "text": "washer dryer",
        "alias": "Appliance",
        "meta": "@Appliance",
        "userDefined": false
      },
      {
        "text": " unit does not require an air ",
        "userDefined": false
      },
      {
        "text": "vent",
        "alias": "FilterList",
        "meta": "@FilterList",
        "userDefined": false
      },
      {
        "text": "? ",
        "userDefined": false
      },
      {
        "text": "yes",
        "alias": "GeneralFeatures",
        "meta": "@GeneralFeatures",
        "userDefined": false
      }
    ],
    "isTemplate": false,
    "count": 0,
    "updated": 0
  },
  {
    "id": "e9d1b857-c13b-4668-ab2b-8024d2db461c",
    "data": [
      {
        "text": "do you have ",
        "userDefined": false
      },
      {
        "text": "washer and dryer",
        "alias": "Appliance",
        "meta": "@Appliance",
        "userDefined": false
      },
      {
        "text": " ",
        "userDefined": false
      },
      {
        "text": "pair",
        "meta": "@sys.ignore",
        "userDefined": false
      },
      {
        "text": "? ",
        "userDefined": false
      },
      {
        "text": "yes",
        "alias": "GeneralFeatures",
        "meta": "@GeneralFeatures",
        "userDefined": true
      }
    ],
    "isTemplate": false,
    "count": 0,
    "updated": 0
  },
  {
    "id": "7ed95660-066c-492c-a6b3-27790e26dde0",
    "data": [
      {
        "text": "adjustable legs",
        "alias": "GeneralFeatures",
        "meta": "@GeneralFeatures",
        "userDefined": false
      },
      {
        "text": " and ",
        "userDefined": false
      },
      {
        "text": "delay start",
        "alias": "GeneralFeatures",
        "meta": "@GeneralFeatures",
        "userDefined": false
      }
    ],
    "isTemplate": false,
    "count": 0,
    "updated": 0
  },
  {
    "id": "066c15c4-9d94-4097-a640-53f5a48dac17",
    "data": [
      {
        "text": "Powedered Detergent",
        "alias": "WasherDispensers",
        "meta": "@WasherDispensers",
        "userDefined": true
      },
      {
        "text": ", ",
        "userDefined": false
      },
      {
        "text": "Prewash Detergent",
        "alias": "WasherDispensers",
        "meta": "@WasherDispensers",
        "userDefined": true
      },
      {
        "text": "\n.",
        "userDefined": false
      }
    ],
    "isTemplate": false,
    "count": 0,
    "updated": 0
  },
  {
    "id": "20f5ebde-ae73-4070-81e0-437cd64af4d9",
    "data": [
      {
        "text": "Extra Rinse",
        "alias": "WashCycles",
        "meta": "@WashCycles",
        "userDefined": false
      },
      {
        "text": " , ",
        "userDefined": false
      },
      {
        "text": "extra spin",
        "alias": "WashCycles",
        "meta": "@WashCycles",
        "userDefined": true
      }
    ],
    "isTemplate": false,
    "count": 0,
    "updated": 0
  },
  {
    "id": "959819cd-5b39-4d2c-9d9e-c0762be02af8",
    "data": [
      {
        "text": "25 inch height",
        "alias": "Dimension",
        "meta": "@Dimension",
        "userDefined": false
      },
      {
        "text": " and ",
        "userDefined": false
      },
      {
        "text": "20 inch width",
        "alias": "Dimension",
        "meta": "@Dimension",
        "userDefined": true
      }
    ],
    "isTemplate": false,
    "count": 0,
    "updated": 0
  },
  {
    "id": "73b60e35-4141-496d-8e72-5ca72097e5a7",
    "data": [
      {
        "text": "24 in.",
        "alias": "Dimension",
        "meta": "@Dimension",
        "userDefined": false
      },
      {
        "text": " ",
        "userDefined": false
      },
      {
        "text": "2.8 cu. ft.",
        "alias": "Capacity",
        "meta": "@Capacity",
        "userDefined": false
      },
      {
        "text": " ",
        "userDefined": false
      },
      {
        "text": "washer and dryer",
        "alias": "Appliance",
        "meta": "@Appliance",
        "userDefined": false
      },
      {
        "text": " with ",
        "userDefined": false
      },
      {
        "text": "wi fi enabled",
        "alias": "GeneralFeatures",
        "meta": "@GeneralFeatures",
        "userDefined": true
      },
      {
        "text": " in ",
        "userDefined": false
      },
      {
        "text": "white",
        "alias": "ColorFinishFamily",
        "meta": "@ColorFinishFamily",
        "userDefined": false
      }
    ],
    "isTemplate": false,
    "count": 0,
    "updated": 0
  },
  {
    "id": "fe0b2f32-f47f-477e-8c84-382e5ea91866",
    "data": [
      {
        "text": "electric ",
        "userDefined": false
      },
      {
        "text": "washer and dryer",
        "alias": "Appliance",
        "meta": "@Appliance",
        "userDefined": false
      },
      {
        "text": " ",
        "userDefined": false
      },
      {
        "text": "combo",
        "alias": "Type",
        "meta": "@Type",
        "userDefined": true
      },
      {
        "text": " with ",
        "userDefined": false
      },
      {
        "text": "sensor dry",
        "alias": "GeneralFeatures",
        "meta": "@GeneralFeatures",
        "userDefined": false
      },
      {
        "text": " ",
        "userDefined": false
      },
      {
        "text": "feature",
        "alias": "FilterList",
        "meta": "@FilterList",
        "userDefined": false
      },
      {
        "text": " in ",
        "userDefined": false
      },
      {
        "text": "white",
        "alias": "ColorFinishFamily",
        "meta": "@ColorFinishFamily",
        "userDefined": false
      }
    ],
    "isTemplate": false,
    "count": 0,
    "updated": 0
  },
  {
    "id": "194b902d-7001-4b9d-856f-c191e34603cf",
    "data": [
      {
        "text": "Front Load",
        "alias": "LoadType",
        "meta": "@LoadType",
        "userDefined": true
      },
      {
        "text": " Washer and ",
        "userDefined": false
      },
      {
        "text": "Electric",
        "alias": "Type",
        "meta": "@Type",
        "userDefined": true
      },
      {
        "text": " ",
        "userDefined": false
      },
      {
        "text": "Ventless",
        "alias": "VentType",
        "meta": "@VentType",
        "userDefined": false
      },
      {
        "text": " ",
        "userDefined": false
      },
      {
        "text": "Dryer",
        "meta": "@sys.ignore",
        "userDefined": false
      }
    ],
    "isTemplate": false,
    "count": 0,
    "updated": 0
  },
  {
    "id": "ad63a335-4efa-427c-83e1-539072f559ac",
    "data": [
      {
        "text": "1.57 cu. ft.",
        "alias": "Capacity",
        "meta": "@Capacity",
        "userDefined": false
      },
      {
        "text": " ",
        "userDefined": false
      },
      {
        "text": "White",
        "alias": "ColorFinishFamily",
        "meta": "@ColorFinishFamily",
        "userDefined": false
      },
      {
        "text": " ",
        "userDefined": false
      },
      {
        "text": "High-Efficiency",
        "alias": "GeneralFeatures",
        "meta": "@GeneralFeatures",
        "userDefined": true
      },
      {
        "text": " ",
        "userDefined": false
      },
      {
        "text": "Vented",
        "alias": "VentType",
        "meta": "@VentType",
        "userDefined": false
      },
      {
        "text": " ",
        "userDefined": false
      },
      {
        "text": "Electric",
        "alias": "Type",
        "meta": "@Type",
        "userDefined": true
      },
      {
        "text": " All-in-One ",
        "userDefined": false
      },
      {
        "text": "Washer Dryer",
        "alias": "Appliance",
        "meta": "@Appliance",
        "userDefined": false
      },
      {
        "text": " Combo",
        "userDefined": false
      }
    ],
    "isTemplate": false,
    "count": 0,
    "updated": 0
  },
  {
    "id": "309a75fa-bd55-4713-b10f-722ce0d50575",
    "data": [
      {
        "text": "2.0 cu. ft.",
        "alias": "Capacity",
        "meta": "@Capacity",
        "userDefined": true
      },
      {
        "text": " ",
        "userDefined": false
      },
      {
        "text": "White",
        "alias": "ColorFinishFamily",
        "meta": "@ColorFinishFamily",
        "userDefined": true
      },
      {
        "text": " ",
        "userDefined": false
      },
      {
        "text": "Ventless",
        "alias": "VentType",
        "meta": "@VentType",
        "userDefined": true
      },
      {
        "text": " ",
        "userDefined": false
      },
      {
        "text": "Electric",
        "alias": "Type",
        "meta": "@Type",
        "userDefined": true
      },
      {
        "text": " ",
        "userDefined": false
      },
      {
        "text": "Washer Dryer",
        "alias": "Appliance",
        "meta": "@Appliance",
        "userDefined": true
      },
      {
        "text": " Combo",
        "userDefined": false
      }
    ],
    "isTemplate": false,
    "count": 0,
    "updated": 0
  },
  {
    "id": "0cf094de-43fa-488a-934c-61b27611fa12",
    "data": [
      {
        "text": "looking for ",
        "userDefined": false
      },
      {
        "text": "washer and dryer",
        "alias": "Appliance",
        "meta": "@Appliance",
        "userDefined": false
      },
      {
        "text": "  to wash ",
        "userDefined": false
      },
      {
        "text": "delicates",
        "alias": "WashCycles",
        "meta": "@WashCycles",
        "userDefined": false
      },
      {
        "text": " and mostly like ",
        "userDefined": false
      },
      {
        "text": "handwashable",
        "alias": "WashCycles",
        "meta": "@WashCycles",
        "userDefined": false
      }
    ],
    "isTemplate": false,
    "count": 0,
    "updated": 0
  },
  {
    "id": "c9788af1-bc78-418d-8421-ff08bd8d7d96",
    "data": [
      {
        "text": "are you looking for washing ",
        "userDefined": false
      },
      {
        "text": "large",
        "alias": "Size",
        "meta": "@Size",
        "userDefined": false
      },
      {
        "text": " items like ",
        "userDefined": false
      },
      {
        "text": "Towels and Sheets",
        "alias": "WashCycles",
        "meta": "@WashCycles",
        "userDefined": false
      },
      {
        "text": "?",
        "userDefined": false
      }
    ],
    "isTemplate": false,
    "count": 0,
    "updated": 0
  },
  {
    "id": "6688d655-c0cb-4cae-b2cb-a0bdd1af1aff",
    "data": [
      {
        "text": "do you have ",
        "userDefined": false
      },
      {
        "text": "Maytag",
        "alias": "Brand",
        "meta": "@Brand",
        "userDefined": false
      },
      {
        "text": " ",
        "userDefined": false
      },
      {
        "text": "Laundry Pair",
        "alias": "Type",
        "meta": "@Type",
        "userDefined": false
      },
      {
        "text": " ? ",
        "userDefined": false
      },
      {
        "text": "yes",
        "alias": "GeneralFeatures",
        "meta": "@GeneralFeatures",
        "userDefined": false
      }
    ],
    "isTemplate": false,
    "count": 0,
    "updated": 0
  },
  {
    "id": "2ab6bd96-46c6-424e-8764-55891530d140",
    "data": [
      {
        "text": "steam",
        "alias": "GeneralFeatures",
        "meta": "@GeneralFeatures",
        "userDefined": false
      },
      {
        "text": " and ",
        "userDefined": false
      },
      {
        "text": "energy star",
        "alias": "GeneralFeatures",
        "meta": "@GeneralFeatures",
        "userDefined": false
      },
      {
        "text": " ",
        "userDefined": false
      },
      {
        "text": "washer dryer",
        "alias": "Appliance",
        "meta": "@Appliance",
        "userDefined": false
      },
      {
        "text": " ",
        "userDefined": false
      },
      {
        "text": "combo",
        "alias": "Type",
        "meta": "@Type",
        "userDefined": false
      }
    ],
    "isTemplate": false,
    "count": 0,
    "updated": 0
  },
  {
    "id": "818be130-5c23-4507-9bd7-5883d069829c",
    "data": [
      {
        "text": "vented",
        "alias": "VentType",
        "meta": "@VentType",
        "userDefined": false
      },
      {
        "text": " ",
        "userDefined": false
      },
      {
        "text": "high efficiency",
        "alias": "GeneralFeatures",
        "meta": "@GeneralFeatures",
        "userDefined": false
      },
      {
        "text": " ",
        "userDefined": false
      },
      {
        "text": "washer and dryer",
        "alias": "Appliance",
        "meta": "@Appliance",
        "userDefined": false
      }
    ],
    "isTemplate": false,
    "count": 0,
    "updated": 0
  },
  {
    "id": "44b4b19e-7964-43e2-b32b-d4b0bd668218",
    "data": [
      {
        "text": "are you looking for ",
        "userDefined": false
      },
      {
        "text": "lint filter",
        "alias": "GeneralFeatures",
        "meta": "@GeneralFeatures",
        "userDefined": false
      },
      {
        "text": " ?",
        "userDefined": false
      }
    ],
    "isTemplate": false,
    "count": 0,
    "updated": 0
  },
  {
    "id": "5fdceafe-9411-4672-9e37-d2aad86c4c7b",
    "data": [
      {
        "text": "25 inch",
        "alias": "Dimension",
        "meta": "@Dimension",
        "userDefined": false
      },
      {
        "text": " ",
        "userDefined": false
      },
      {
        "text": "dryer",
        "alias": "Appliance",
        "meta": "@Appliance",
        "userDefined": false
      }
    ],
    "isTemplate": false,
    "count": 0,
    "updated": 0
  },
  {
    "id": "f80fde82-4bcb-4a16-850f-a20f86f15425",
    "data": [
      {
        "text": "Adjustable End-of-Cycle Signal",
        "alias": "GeneralFeatures",
        "meta": "@GeneralFeatures",
        "userDefined": false
      }
    ],
    "isTemplate": false,
    "count": 0,
    "updated": 0
  },
  {
    "id": "1c63fa75-a22b-4105-9d5f-5023cc65a39d",
    "data": [
      {
        "text": "looking for ",
        "userDefined": false
      },
      {
        "text": "sensor dry",
        "alias": "GeneralFeatures",
        "meta": "@GeneralFeatures",
        "userDefined": false
      },
      {
        "text": " and ",
        "userDefined": false
      },
      {
        "text": "timed dry",
        "alias": "GeneralFeatures",
        "meta": "@GeneralFeatures",
        "userDefined": false
      }
    ],
    "isTemplate": false,
    "count": 0,
    "updated": 0
  },
  {
    "id": "b4439d29-dfca-4fdd-8480-a5f04e3eadde",
    "data": [
      {
        "text": "do you want to explore on ",
        "userDefined": false
      },
      {
        "text": "Cycle Status Indicator",
        "alias": "GeneralFeatures",
        "meta": "@GeneralFeatures",
        "userDefined": true
      },
      {
        "text": "?",
        "userDefined": false
      },
      {
        "text": "yes",
        "alias": "GeneralFeatures",
        "meta": "@GeneralFeatures",
        "userDefined": true
      }
    ],
    "isTemplate": false,
    "count": 0,
    "updated": 0
  },
  {
    "id": "c50a7dc1-5f6e-4af1-9cd9-a2e01887cc33",
    "data": [
      {
        "text": "average",
        "alias": "Size",
        "meta": "@Size",
        "userDefined": false
      },
      {
        "text": " ",
        "userDefined": false
      },
      {
        "text": "dryer",
        "alias": "Appliance",
        "meta": "@Appliance",
        "userDefined": false
      }
    ],
    "isTemplate": false,
    "count": 0,
    "updated": 0
  },
  {
    "id": "a9c911c9-5aa7-472a-9aeb-acca3cdf1c35",
    "data": [
      {
        "text": "small",
        "alias": "Size",
        "meta": "@Size",
        "userDefined": false
      },
      {
        "text": " ",
        "userDefined": false
      },
      {
        "text": "washer",
        "alias": "Appliance",
        "meta": "@Appliance",
        "userDefined": false
      }
    ],
    "isTemplate": false,
    "count": 0,
    "updated": 0
  },
  {
    "id": "a89ac3ea-8e11-48de-ad41-aac8d8f2b908",
    "data": [
      {
        "text": "4.5 cu. ft.",
        "alias": "Capacity",
        "meta": "@Capacity",
        "userDefined": false
      },
      {
        "text": " ",
        "userDefined": false
      },
      {
        "text": "washer",
        "alias": "Appliance",
        "meta": "@Appliance",
        "userDefined": false
      }
    ],
    "isTemplate": false,
    "count": 0,
    "updated": 0
  },
  {
    "id": "95cc21e2-bc21-4929-82e6-a069b0976cb4",
    "data": [
      {
        "text": "looking for ",
        "userDefined": false
      },
      {
        "text": "heavy duty",
        "alias": "WashCycles",
        "meta": "@WashCycles",
        "userDefined": true
      },
      {
        "text": " and ",
        "userDefined": false
      },
      {
        "text": "Fabric Softener",
        "alias": "WasherDispensers",
        "meta": "@WasherDispensers",
        "userDefined": true
      }
    ],
    "isTemplate": false,
    "count": 0,
    "updated": 0
  },
  {
    "id": "01b1a8d6-ef9f-4792-a5b5-90775846deac",
    "data": [
      {
        "text": "front control",
        "alias": "WashCycles",
        "meta": "@WashCycles",
        "userDefined": false
      }
    ],
    "isTemplate": false,
    "count": 0,
    "updated": 0
  },
  {
    "id": "ca836f2d-3c97-4bde-a47d-ffb946a504df",
    "data": [
      {
        "text": "Washer",
        "alias": "Appliance",
        "meta": "@Appliance",
        "userDefined": true
      },
      {
        "text": " and ",
        "userDefined": false
      },
      {
        "text": "Electric",
        "alias": "Type",
        "meta": "@Type",
        "userDefined": false
      },
      {
        "text": " ",
        "userDefined": false
      },
      {
        "text": "Ventless",
        "alias": "VentType",
        "meta": "@VentType",
        "userDefined": false
      },
      {
        "text": " ",
        "userDefined": false
      },
      {
        "text": "Dryer",
        "meta": "@sys.ignore",
        "userDefined": false
      }
    ],
    "isTemplate": false,
    "count": 0,
    "updated": 0
  },
  {
    "id": "8f8fc5cc-9c3e-45b1-acca-aa4cda2467ae",
    "data": [
      {
        "text": "washer and dryer",
        "alias": "Appliance",
        "meta": "@Appliance",
        "userDefined": true
      },
      {
        "text": " ",
        "userDefined": false
      },
      {
        "text": "combo",
        "alias": "Type",
        "meta": "@Type",
        "userDefined": false
      },
      {
        "text": " in ",
        "userDefined": false
      },
      {
        "text": "white",
        "alias": "ColorFinishFamily",
        "meta": "@ColorFinishFamily",
        "userDefined": false
      }
    ],
    "isTemplate": false,
    "count": 0,
    "updated": 0
  },
  {
    "id": "558b8c15-b8e7-47cb-a491-fe4576f6c51c",
    "data": [
      {
        "text": "Are you looking for any ",
        "userDefined": false
      },
      {
        "text": "brand",
        "alias": "FilterList",
        "meta": "@FilterList",
        "userDefined": false
      },
      {
        "text": " ? ",
        "userDefined": false
      },
      {
        "text": "magic chef",
        "alias": "Brand",
        "meta": "@Brand",
        "userDefined": false
      }
    ],
    "isTemplate": false,
    "count": 0,
    "updated": 0
  },
  {
    "id": "df1403f9-a699-4b90-b6b6-702df266cfa4",
    "data": [
      {
        "text": "are you looking for specific ",
        "userDefined": false
      },
      {
        "text": "capacity",
        "alias": "FilterList",
        "meta": "@FilterList",
        "userDefined": false
      },
      {
        "text": "? ",
        "userDefined": false
      },
      {
        "text": "2.3",
        "alias": "Number",
        "meta": "@sys.number",
        "userDefined": false
      }
    ],
    "isTemplate": false,
    "count": 0,
    "updated": 0
  },
  {
    "id": "c0796d32-92ff-49a0-a0d8-c279aebda4b6",
    "data": [
      {
        "text": "which ",
        "userDefined": false
      },
      {
        "text": "brands",
        "alias": "FilterList",
        "meta": "@FilterList",
        "userDefined": false
      },
      {
        "text": " are available?",
        "userDefined": false
      }
    ],
    "isTemplate": false,
    "count": 0,
    "updated": 0
  },
  {
    "id": "4dafb983-a8ad-425e-b640-fd34ab6c04ff",
    "data": [
      {
        "text": "23",
        "alias": "Number",
        "meta": "@sys.number",
        "userDefined": false
      }
    ],
    "isTemplate": false,
    "count": 0,
    "updated": 0
  },
  {
    "id": "4fb5136b-637f-408c-85cc-15b63a52270c",
    "data": [
      {
        "text": "one",
        "alias": "Number",
        "meta": "@sys.number",
        "userDefined": false
      }
    ],
    "isTemplate": false,
    "count": 0,
    "updated": 0
  },
  {
    "id": "15bff832-91f4-4b0e-85d9-617bb14441d0",
    "data": [
      {
        "text": "energy star",
        "alias": "GeneralFeatures",
        "meta": "@GeneralFeatures",
        "userDefined": false
      }
    ],
    "isTemplate": false,
    "count": 0,
    "updated": 0
  },
  {
    "id": "00090438-a0ba-44cc-ac93-167a63e89c82",
    "data": [
      {
        "text": "steam",
        "alias": "GeneralFeatures",
        "meta": "@GeneralFeatures",
        "userDefined": false
      }
    ],
    "isTemplate": false,
    "count": 0,
    "updated": 0
  },
  {
    "id": "fd0301eb-6102-4ad2-9899-07ebe71a022f",
    "data": [
      {
        "text": "Traditional",
        "alias": "GeneralFeatures",
        "meta": "@GeneralFeatures",
        "userDefined": true
      }
    ],
    "isTemplate": false,
    "count": 0,
    "updated": 0
  },
  {
    "id": "33a99ff8-3dca-49e0-b780-1450fefa6878",
    "data": [
      {
        "text": "vented",
        "alias": "VentType",
        "meta": "@VentType",
        "userDefined": false
      }
    ],
    "isTemplate": false,
    "count": 0,
    "updated": 0
  },
  {
    "id": "235e02b4-8993-4b55-986f-db21bff0d54d",
    "data": [
      {
        "text": "25 inch",
        "alias": "Dimension",
        "meta": "@Dimension",
        "userDefined": false
      }
    ],
    "isTemplate": false,
    "count": 0,
    "updated": 0
  },
  {
    "id": "6426f9ba-18cb-4797-9d75-bfd9d2146c0d",
    "data": [
      {
        "text": "Digital Cycle Countdown",
        "alias": "GeneralFeatures",
        "meta": "@GeneralFeatures",
        "userDefined": true
      }
    ],
    "isTemplate": false,
    "count": 0,
    "updated": 0
  },
  {
    "id": "40cd5596-51dc-448a-bdb0-e66d015eb73f",
    "data": [
      {
        "text": "Spin Speed Option",
        "alias": "GeneralFeatures",
        "meta": "@GeneralFeatures",
        "userDefined": true
      }
    ],
    "isTemplate": false,
    "count": 0,
    "updated": 0
  },
  {
    "id": "c9415324-07e9-4107-a90a-1732e2c9cc5f",
    "data": [
      {
        "text": "Stainless Look",
        "alias": "ColorFinishFamily",
        "meta": "@ColorFinishFamily",
        "userDefined": true
      }
    ],
    "isTemplate": false,
    "count": 0,
    "updated": 0
  },
  {
    "id": "75c161f2-ec8a-4e93-a94b-16cda7582d22",
    "data": [
      {
        "text": "special buys",
        "alias": "GeneralFeatures",
        "meta": "@GeneralFeatures",
        "userDefined": false
      }
    ],
    "isTemplate": false,
    "count": 0,
    "updated": 0
  },
  {
    "id": "ff2b053f-36c9-4ede-806e-402358ca7ddf",
    "data": [
      {
        "text": "Small",
        "alias": "Size",
        "meta": "@Size",
        "userDefined": true
      }
    ],
    "isTemplate": false,
    "count": 0,
    "updated": 0
  },
  {
    "id": "6efdb14c-955b-44b5-9559-422ba9d02854",
    "data": [
      {
        "text": "Prewash Detergent",
        "alias": "WasherDispensers",
        "meta": "@WasherDispensers",
        "userDefined": true
      }
    ],
    "isTemplate": false,
    "count": 0,
    "updated": 0
  },
  {
    "id": "9b574006-fe51-41e4-ad81-be737c6dfaf8",
    "data": [
      {
        "text": "Standard Wash Cycle Only",
        "alias": "WashCycles",
        "meta": "@WashCycles",
        "userDefined": false
      }
    ],
    "isTemplate": false,
    "count": 0,
    "updated": 0
  },
  {
    "id": "35015062-47c1-4409-815b-d44de57cd6d8",
    "data": [
      {
        "text": "4.5 inch width",
        "alias": "Dimension",
        "meta": "@Dimension",
        "userDefined": false
      }
    ],
    "isTemplate": false,
    "count": 0,
    "updated": 0
  },
  {
    "id": "2239ed31-d05f-48c0-9359-26107526cbc2",
    "data": [
      {
        "text": "haier",
        "alias": "Brand",
        "meta": "@Brand",
        "userDefined": false
      }
    ],
    "isTemplate": false,
    "count": 0,
    "updated": 0
  },
  {
    "id": "2c653df8-1963-455d-bd88-50a0068735a2",
    "data": [
      {
        "text": "$1000 - $2000",
        "meta": "@sys.ignore",
        "userDefined": false
      }
    ],
    "isTemplate": false,
    "count": 0,
    "updated": 0
  }
]